ISO-10303-21;
HEADER;
/* Generated by software containing ST-Developer
 * from STEP Tools, Inc. (www.steptools.com) 
 */

FILE_DESCRIPTION(
/* description */ (''),
/* implementation_level */ '2;1');

FILE_NAME(
/* name */ 'Lickspout_Holder.step',
/* time_stamp */ '2026-02-24T14:40:12+01:00',
/* author */ (''),
/* organization */ (''),
/* preprocessor_version */ 'ST-DEVELOPER v20.1',
/* originating_system */ 'Autodesk Translation Framework v14.24.0.0',
/* authorisation */ '');

FILE_SCHEMA (('AUTOMOTIVE_DESIGN { 1 0 10303 214 3 1 1 }'));
ENDSEC;

DATA;
#10=MECHANICAL_DESIGN_GEOMETRIC_PRESENTATION_REPRESENTATION('',(#13),#5055);
#11=SHAPE_REPRESENTATION_RELATIONSHIP('SRR','None',#5062,#12);
#12=ADVANCED_BREP_SHAPE_REPRESENTATION('',(#14),#5054);
#13=STYLED_ITEM('',(#5071),#14);
#14=MANIFOLD_SOLID_BREP('Body1',#1398);
#15=FACE_BOUND('',#193,.T.);
#16=FACE_BOUND('',#195,.T.);
#17=FACE_BOUND('',#196,.T.);
#18=FACE_BOUND('',#197,.T.);
#19=FACE_BOUND('',#200,.T.);
#20=FACE_BOUND('',#203,.T.);
#21=FACE_BOUND('',#214,.T.);
#22=FACE_BOUND('',#217,.T.);
#23=PLANE('',#1464);
#24=PLANE('',#1466);
#25=PLANE('',#1475);
#26=PLANE('',#1479);
#27=PLANE('',#1483);
#28=PLANE('',#1484);
#29=PLANE('',#1490);
#30=PLANE('',#1492);
#31=PLANE('',#1493);
#32=PLANE('',#1494);
#33=PLANE('',#1495);
#34=PLANE('',#1496);
#35=PLANE('',#1497);
#36=B_SPLINE_SURFACE_WITH_KNOTS('',3,3,((#3142,#3143,#3144,#3145,#3146,
#3147,#3148,#3149,#3150,#3151,#3152,#3153,#3154,#3155,#3156,#3157,#3158,
#3159,#3160,#3161,#3162,#3163,#3164,#3165,#3166,#3167,#3168,#3169,#3170,
#3171,#3172,#3173,#3174,#3175,#3176,#3177,#3178,#3179,#3180,#3181,#3182,
#3183,#3184,#3185,#3186,#3187,#3188,#3189,#3190,#3191,#3192,#3193,#3194,
#3195,#3196,#3197,#3198,#3199,#3200,#3201,#3202,#3203,#3204,#3205,#3206,
#3207,#3208,#3209,#3210,#3211,#3212,#3213,#3214,#3215,#3216,#3217,#3218,
#3219,#3220,#3221,#3222,#3223,#3224,#3225,#3226,#3227,#3228,#3229,#3230,
#3231,#3232,#3233,#3234,#3235,#3236,#3237,#3238,#3239,#3240,#3241,#3242,
#3243,#3244,#3245,#3246,#3247,#3248,#3249,#3250,#3251,#3252,#3253,#3254,
#3255,#3256,#3257,#3258,#3259,#3260,#3261,#3262,#3263),(#3264,#3265,#3266,
#3267,#3268,#3269,#3270,#3271,#3272,#3273,#3274,#3275,#3276,#3277,#3278,
#3279,#3280,#3281,#3282,#3283,#3284,#3285,#3286,#3287,#3288,#3289,#3290,
#3291,#3292,#3293,#3294,#3295,#3296,#3297,#3298,#3299,#3300,#3301,#3302,
#3303,#3304,#3305,#3306,#3307,#3308,#3309,#3310,#3311,#3312,#3313,#3314,
#3315,#3316,#3317,#3318,#3319,#3320,#3321,#3322,#3323,#3324,#3325,#3326,
#3327,#3328,#3329,#3330,#3331,#3332,#3333,#3334,#3335,#3336,#3337,#3338,
#3339,#3340,#3341,#3342,#3343,#3344,#3345,#3346,#3347,#3348,#3349,#3350,
#3351,#3352,#3353,#3354,#3355,#3356,#3357,#3358,#3359,#3360,#3361,#3362,
#3363,#3364,#3365,#3366,#3367,#3368,#3369,#3370,#3371,#3372,#3373,#3374,
#3375,#3376,#3377,#3378,#3379,#3380,#3381,#3382,#3383,#3384,#3385),(#3386,
#3387,#3388,#3389,#3390,#3391,#3392,#3393,#3394,#3395,#3396,#3397,#3398,
#3399,#3400,#3401,#3402,#3403,#3404,#3405,#3406,#3407,#3408,#3409,#3410,
#3411,#3412,#3413,#3414,#3415,#3416,#3417,#3418,#3419,#3420,#3421,#3422,
#3423,#3424,#3425,#3426,#3427,#3428,#3429,#3430,#3431,#3432,#3433,#3434,
#3435,#3436,#3437,#3438,#3439,#3440,#3441,#3442,#3443,#3444,#3445,#3446,
#3447,#3448,#3449,#3450,#3451,#3452,#3453,#3454,#3455,#3456,#3457,#3458,
#3459,#3460,#3461,#3462,#3463,#3464,#3465,#3466,#3467,#3468,#3469,#3470,
#3471,#3472,#3473,#3474,#3475,#3476,#3477,#3478,#3479,#3480,#3481,#3482,
#3483,#3484,#3485,#3486,#3487,#3488,#3489,#3490,#3491,#3492,#3493,#3494,
#3495,#3496,#3497,#3498,#3499,#3500,#3501,#3502,#3503,#3504,#3505,#3506,
#3507),(#3508,#3509,#3510,#3511,#3512,#3513,#3514,#3515,#3516,#3517,#3518,
#3519,#3520,#3521,#3522,#3523,#3524,#3525,#3526,#3527,#3528,#3529,#3530,
#3531,#3532,#3533,#3534,#3535,#3536,#3537,#3538,#3539,#3540,#3541,#3542,
#3543,#3544,#3545,#3546,#3547,#3548,#3549,#3550,#3551,#3552,#3553,#3554,
#3555,#3556,#3557,#3558,#3559,#3560,#3561,#3562,#3563,#3564,#3565,#3566,
#3567,#3568,#3569,#3570,#3571,#3572,#3573,#3574,#3575,#3576,#3577,#3578,
#3579,#3580,#3581,#3582,#3583,#3584,#3585,#3586,#3587,#3588,#3589,#3590,
#3591,#3592,#3593,#3594,#3595,#3596,#3597,#3598,#3599,#3600,#3601,#3602,
#3603,#3604,#3605,#3606,#3607,#3608,#3609,#3610,#3611,#3612,#3613,#3614,
#3615,#3616,#3617,#3618,#3619,#3620,#3621,#3622,#3623,#3624,#3625,#3626,
#3627,#3628,#3629)),.UNSPECIFIED.,.F.,.F.,.F.,(4,4),(4,1,1,1,1,1,1,1,1,
1,1,1,1,1,1,1,1,1,1,1,1,1,1,1,1,1,1,1,1,1,1,1,1,1,1,1,1,1,1,1,1,1,1,1,1,
1,1,1,1,1,1,1,1,1,1,1,1,1,1,1,1,1,1,1,1,1,1,1,1,1,1,1,1,1,1,1,1,1,1,1,1,
1,1,1,1,1,1,1,1,1,1,1,1,1,1,1,1,1,1,1,1,1,1,1,1,1,1,1,1,1,1,1,1,1,1,1,1,
1,1,4),(0.,0.0321584099938621),(14.3984001269718,15.3975791051121,16.3967580832525,
17.3959370613928,18.3951160395332,19.3942950176735,20.3934739958138,21.3926529739542,
22.3918319520945,23.3910109302348,24.3901899083752,25.3893688865155,26.3885478646558,
27.3877268427962,28.3869058209365,29.3860847990769,30.3852637772172,31.3844427553575,
32.3836217334979,33.3828007116382,34.3819796897785,35.3811586679189,36.3803376460592,
37.3795166241995,38.3786956023399,39.3778745804802,40.3770535586206,41.3762325367609,
42.3754115149012,43.3745904930416,44.3737694711819,45.3729484493222,46.3721274274626,
47.3713064056029,48.3704853837433,49.3696643618836,50.3688433400239,51.3680223181643,
52.3672012963046,53.3663802744449,54.3655592525853,55.3647382307256,56.3639172088659,
57.3630961870063,58.3622751651466,59.361454143287,60.3606331214273,61.3598120995676,
62.358991077708,63.3581700558483,64.3573490339886,65.356528012129,66.3557069902693,
67.3548859684096,68.35406494655,69.3532439246903,70.3524229028307,71.351601880971,
72.3507808591113,73.3499598372517,74.349138815392,75.3483177935323,76.3474967716727,
77.346675749813,78.3458547279534,79.3450337060937,80.344212684234,81.3433916623744,
82.3425706405147,83.341749618655,84.3409285967954,85.3401075749357,86.3392865530761,
87.3384655312164,88.3376445093567,89.3368234874971,90.3360024656374,91.3351814437777,
92.3343604219181,93.3335394000584,94.3327183781987,95.3318973563391,96.3310763344794,
97.3302553126197,98.3294342907601,99.3286132689004,100.327792247041,101.326971225181,
102.326150203321,103.325329181462,104.324508159602,105.323687137742,106.322866115883,
107.322045094023,108.321224072163,109.320403050304,110.319582028444,111.318761006584,
112.317939984725,113.317118962865,114.316297941005,115.315476919146,116.314655897286,
117.313834875426,118.313013853567,119.312192831707,120.311371809847,121.310550787988,
122.309729766128,123.308908744269,124.308087722409,125.307266700549,126.30644567869,
127.30562465683,128.30480363497,129.303982613111,130.303161591251,131.302340569391,
132.301519547532,133.300698525672),.UNSPECIFIED.);
#37=B_SPLINE_SURFACE_WITH_KNOTS('',3,3,((#3757,#3758,#3759,#3760,#3761,
#3762),(#3763,#3764,#3765,#3766,#3767,#3768),(#3769,#3770,#3771,#3772,#3773,
#3774),(#3775,#3776,#3777,#3778,#3779,#3780)),.UNSPECIFIED.,.F.,.F.,.F.,
(4,4),(4,1,1,4),(0.,0.0321584099938621),(133.805252336612,134.603473206283,
135.401694075953,136.199914945623),.UNSPECIFIED.);
#38=B_SPLINE_SURFACE_WITH_KNOTS('',3,3,((#3821,#3822,#3823,#3824,#3825,
#3826),(#3827,#3828,#3829,#3830,#3831,#3832),(#3833,#3834,#3835,#3836,#3837,
#3838),(#3839,#3840,#3841,#3842,#3843,#3844)),.UNSPECIFIED.,.F.,.F.,.F.,
(4,4),(4,1,1,4),(0.,0.0321584099938621),(137.139650952993,137.858145367594,
138.576639782195,139.295134196796),.UNSPECIFIED.);
#39=B_SPLINE_SURFACE_WITH_KNOTS('',3,3,((#3942,#3943,#3944,#3945,#3946,
#3947,#3948,#3949,#3950,#3951,#3952,#3953,#3954,#3955,#3956,#3957,#3958,
#3959,#3960,#3961,#3962,#3963,#3964,#3965,#3966,#3967,#3968,#3969,#3970,
#3971,#3972,#3973,#3974,#3975,#3976,#3977,#3978,#3979,#3980,#3981,#3982,
#3983,#3984,#3985,#3986,#3987,#3988,#3989,#3990,#3991,#3992,#3993,#3994,
#3995,#3996,#3997,#3998,#3999,#4000,#4001,#4002,#4003,#4004,#4005,#4006,
#4007,#4008,#4009,#4010,#4011,#4012,#4013,#4014,#4015,#4016,#4017,#4018,
#4019,#4020,#4021,#4022,#4023,#4024,#4025,#4026,#4027,#4028,#4029,#4030,
#4031,#4032,#4033,#4034,#4035,#4036,#4037,#4038,#4039,#4040,#4041,#4042,
#4043,#4044,#4045,#4046,#4047,#4048,#4049,#4050,#4051,#4052,#4053,#4054,
#4055,#4056,#4057,#4058,#4059,#4060,#4061,#4062,#4063),(#4064,#4065,#4066,
#4067,#4068,#4069,#4070,#4071,#4072,#4073,#4074,#4075,#4076,#4077,#4078,
#4079,#4080,#4081,#4082,#4083,#4084,#4085,#4086,#4087,#4088,#4089,#4090,
#4091,#4092,#4093,#4094,#4095,#4096,#4097,#4098,#4099,#4100,#4101,#4102,
#4103,#4104,#4105,#4106,#4107,#4108,#4109,#4110,#4111,#4112,#4113,#4114,
#4115,#4116,#4117,#4118,#4119,#4120,#4121,#4122,#4123,#4124,#4125,#4126,
#4127,#4128,#4129,#4130,#4131,#4132,#4133,#4134,#4135,#4136,#4137,#4138,
#4139,#4140,#4141,#4142,#4143,#4144,#4145,#4146,#4147,#4148,#4149,#4150,
#4151,#4152,#4153,#4154,#4155,#4156,#4157,#4158,#4159,#4160,#4161,#4162,
#4163,#4164,#4165,#4166,#4167,#4168,#4169,#4170,#4171,#4172,#4173,#4174,
#4175,#4176,#4177,#4178,#4179,#4180,#4181,#4182,#4183,#4184,#4185),(#4186,
#4187,#4188,#4189,#4190,#4191,#4192,#4193,#4194,#4195,#4196,#4197,#4198,
#4199,#4200,#4201,#4202,#4203,#4204,#4205,#4206,#4207,#4208,#4209,#4210,
#4211,#4212,#4213,#4214,#4215,#4216,#4217,#4218,#4219,#4220,#4221,#4222,
#4223,#4224,#4225,#4226,#4227,#4228,#4229,#4230,#4231,#4232,#4233,#4234,
#4235,#4236,#4237,#4238,#4239,#4240,#4241,#4242,#4243,#4244,#4245,#4246,
#4247,#4248,#4249,#4250,#4251,#4252,#4253,#4254,#4255,#4256,#4257,#4258,
#4259,#4260,#4261,#4262,#4263,#4264,#4265,#4266,#4267,#4268,#4269,#4270,
#4271,#4272,#4273,#4274,#4275,#4276,#4277,#4278,#4279,#4280,#4281,#4282,
#4283,#4284,#4285,#4286,#4287,#4288,#4289,#4290,#4291,#4292,#4293,#4294,
#4295,#4296,#4297,#4298,#4299,#4300,#4301,#4302,#4303,#4304,#4305,#4306,
#4307),(#4308,#4309,#4310,#4311,#4312,#4313,#4314,#4315,#4316,#4317,#4318,
#4319,#4320,#4321,#4322,#4323,#4324,#4325,#4326,#4327,#4328,#4329,#4330,
#4331,#4332,#4333,#4334,#4335,#4336,#4337,#4338,#4339,#4340,#4341,#4342,
#4343,#4344,#4345,#4346,#4347,#4348,#4349,#4350,#4351,#4352,#4353,#4354,
#4355,#4356,#4357,#4358,#4359,#4360,#4361,#4362,#4363,#4364,#4365,#4366,
#4367,#4368,#4369,#4370,#4371,#4372,#4373,#4374,#4375,#4376,#4377,#4378,
#4379,#4380,#4381,#4382,#4383,#4384,#4385,#4386,#4387,#4388,#4389,#4390,
#4391,#4392,#4393,#4394,#4395,#4396,#4397,#4398,#4399,#4400,#4401,#4402,
#4403,#4404,#4405,#4406,#4407,#4408,#4409,#4410,#4411,#4412,#4413,#4414,
#4415,#4416,#4417,#4418,#4419,#4420,#4421,#4422,#4423,#4424,#4425,#4426,
#4427,#4428,#4429)),.UNSPECIFIED.,.F.,.F.,.F.,(4,4),(4,1,1,1,1,1,1,1,1,
1,1,1,1,1,1,1,1,1,1,1,1,1,1,1,1,1,1,1,1,1,1,1,1,1,1,1,1,1,1,1,1,1,1,1,1,
1,1,1,1,1,1,1,1,1,1,1,1,1,1,1,1,1,1,1,1,1,1,1,1,1,1,1,1,1,1,1,1,1,1,1,1,
1,1,1,1,1,1,1,1,1,1,1,1,1,1,1,1,1,1,1,1,1,1,1,1,1,1,1,1,1,1,1,1,1,1,1,1,
1,1,4),(0.,0.0321584099938621),(11.8553612635793,12.8505618539111,13.845762444243,
14.8409630345748,15.8361636249067,16.8313642152385,17.8265648055704,18.8217653959022,
19.8169659862341,20.8121665765659,21.8073671668977,22.8025677572296,23.7977683475614,
24.7929689378933,25.7881695282251,26.783370118557,27.7785707088888,28.7737712992207,
29.7689718895525,30.7641724798843,31.7593730702162,32.754573660548,33.7497742508799,
34.7449748412117,35.7401754315436,36.7353760218754,37.7305766122073,38.7257772025391,
39.7209777928709,40.7161783832028,41.7113789735346,42.7065795638665,43.7017801541983,
44.6969807445302,45.692181334862,46.6873819251939,47.6825825155257,48.6777831058575,
49.6729836961894,50.6681842865212,51.6633848768531,52.6585854671849,53.6537860575168,
54.6489866478486,55.6441872381805,56.6393878285123,57.6345884188441,58.629789009176,
59.6249895995078,60.6201901898397,61.6153907801715,62.6105913705034,63.6057919608352,
64.6009925511671,65.5961931414989,66.5913937318307,67.5865943221626,68.5817949124944,
69.5769955028263,70.5721960931581,71.56739668349,72.5625972738218,73.5577978641537,
74.5529984544855,75.5481990448174,76.5433996351492,77.538600225481,78.5338008158129,
79.5290014061447,80.5242019964766,81.5194025868084,82.5146031771403,83.5098037674721,
84.5050043578039,85.5002049481358,86.4954055384676,87.4906061287995,88.4858067191313,
89.4810073094632,90.476207899795,91.4714084901269,92.4666090804587,93.4618096707905,
94.4570102611224,95.4522108514542,96.4474114417861,97.4426120321179,98.4378126224498,
99.4330132127816,100.428213803113,101.423414393445,102.418614983777,103.413815574109,
104.409016164441,105.404216754773,106.399417345105,107.394617935436,108.389818525768,
109.3850191161,110.380219706432,111.375420296764,112.370620887096,113.365821477427,
114.361022067759,115.356222658091,116.351423248423,117.346623838755,118.341824429087,
119.337025019419,120.33222560975,121.327426200082,122.322626790414,123.317827380746,
124.313027971078,125.30822856141,126.303429151741,127.298629742073,128.293830332405,
129.289030922737,130.284231513069),.UNSPECIFIED.);
#40=B_SPLINE_SURFACE_WITH_KNOTS('',3,3,((#4543,#4544,#4545,#4546,#4547,
#4548),(#4549,#4550,#4551,#4552,#4553,#4554),(#4555,#4556,#4557,#4558,#4559,
#4560),(#4561,#4562,#4563,#4564,#4565,#4566)),.UNSPECIFIED.,.F.,.F.,.F.,
(4,4),(4,1,1,4),(0.,0.0321584099938621),(130.517036166763,131.395422246211,
132.27380832566,133.152194405108),.UNSPECIFIED.);
#41=B_SPLINE_SURFACE_WITH_KNOTS('',3,3,((#4620,#4621,#4622,#4623,#4624,
#4625),(#4626,#4627,#4628,#4629,#4630,#4631),(#4632,#4633,#4634,#4635,#4636,
#4637),(#4638,#4639,#4640,#4641,#4642,#4643)),.UNSPECIFIED.,.F.,.F.,.F.,
(4,4),(4,1,1,4),(0.,0.0321584099938621),(133.918483067266,134.674891788877,
135.431300510488,136.187709232099),.UNSPECIFIED.);
#42=B_SPLINE_SURFACE_WITH_KNOTS('',3,3,((#4685,#4686,#4687,#4688,#4689,
#4690),(#4691,#4692,#4693,#4694,#4695,#4696),(#4697,#4698,#4699,#4700,#4701,
#4702),(#4703,#4704,#4705,#4706,#4707,#4708)),.UNSPECIFIED.,.F.,.F.,.F.,
(4,4),(4,1,1,4),(0.,0.0321584099938621),(137.148759247057,137.863666215241,
138.578573183426,139.29348015161),.UNSPECIFIED.);
#43=B_SPLINE_SURFACE_WITH_KNOTS('',3,3,((#4803,#4804,#4805,#4806,#4807),
(#4808,#4809,#4810,#4811,#4812),(#4813,#4814,#4815,#4816,#4817),(#4818,
#4819,#4820,#4821,#4822)),.UNSPECIFIED.,.F.,.F.,.F.,(4,4),(4,1,4),(0.00413170595311079,
0.0321584099938621),(140.321709011948,141.202193887134,142.08267876232),
 .UNSPECIFIED.);
#44=CIRCLE('',#1431,1.2645);
#45=CIRCLE('',#1451,1.54300000000001);
#46=CIRCLE('',#1458,1.2645);
#47=CIRCLE('',#1460,1.2645);
#48=CIRCLE('',#1462,3.);
#49=CIRCLE('',#1463,3.);
#50=CIRCLE('',#1465,0.75);
#51=CIRCLE('',#1467,3.);
#52=CIRCLE('',#1468,3.);
#53=CIRCLE('',#1469,3.);
#54=CIRCLE('',#1470,3.);
#55=CIRCLE('',#1471,1.5);
#56=CIRCLE('',#1472,1.5);
#57=CIRCLE('',#1474,3.);
#58=CIRCLE('',#1476,0.75);
#59=CIRCLE('',#1478,3.);
#60=CIRCLE('',#1480,3.);
#61=CIRCLE('',#1481,1.5);
#62=CIRCLE('',#1487,1.5);
#63=CIRCLE('',#1489,3.);
#64=FACE_OUTER_BOUND('',#138,.T.);
#65=FACE_OUTER_BOUND('',#139,.T.);
#66=FACE_OUTER_BOUND('',#140,.T.);
#67=FACE_OUTER_BOUND('',#141,.T.);
#68=FACE_OUTER_BOUND('',#142,.T.);
#69=FACE_OUTER_BOUND('',#143,.T.);
#70=FACE_OUTER_BOUND('',#144,.T.);
#71=FACE_OUTER_BOUND('',#145,.T.);
#72=FACE_OUTER_BOUND('',#146,.T.);
#73=FACE_OUTER_BOUND('',#147,.T.);
#74=FACE_OUTER_BOUND('',#148,.T.);
#75=FACE_OUTER_BOUND('',#149,.T.);
#76=FACE_OUTER_BOUND('',#150,.T.);
#77=FACE_OUTER_BOUND('',#151,.T.);
#78=FACE_OUTER_BOUND('',#152,.T.);
#79=FACE_OUTER_BOUND('',#153,.T.);
#80=FACE_OUTER_BOUND('',#154,.T.);
#81=FACE_OUTER_BOUND('',#155,.T.);
#82=FACE_OUTER_BOUND('',#156,.T.);
#83=FACE_OUTER_BOUND('',#157,.T.);
#84=FACE_OUTER_BOUND('',#158,.T.);
#85=FACE_OUTER_BOUND('',#159,.T.);
#86=FACE_OUTER_BOUND('',#160,.T.);
#87=FACE_OUTER_BOUND('',#161,.T.);
#88=FACE_OUTER_BOUND('',#162,.T.);
#89=FACE_OUTER_BOUND('',#163,.T.);
#90=FACE_OUTER_BOUND('',#164,.T.);
#91=FACE_OUTER_BOUND('',#165,.T.);
#92=FACE_OUTER_BOUND('',#166,.T.);
#93=FACE_OUTER_BOUND('',#167,.T.);
#94=FACE_OUTER_BOUND('',#168,.T.);
#95=FACE_OUTER_BOUND('',#169,.T.);
#96=FACE_OUTER_BOUND('',#170,.T.);
#97=FACE_OUTER_BOUND('',#171,.T.);
#98=FACE_OUTER_BOUND('',#172,.T.);
#99=FACE_OUTER_BOUND('',#173,.T.);
#100=FACE_OUTER_BOUND('',#174,.T.);
#101=FACE_OUTER_BOUND('',#175,.T.);
#102=FACE_OUTER_BOUND('',#176,.T.);
#103=FACE_OUTER_BOUND('',#177,.T.);
#104=FACE_OUTER_BOUND('',#178,.T.);
#105=FACE_OUTER_BOUND('',#179,.T.);
#106=FACE_OUTER_BOUND('',#180,.T.);
#107=FACE_OUTER_BOUND('',#181,.T.);
#108=FACE_OUTER_BOUND('',#182,.T.);
#109=FACE_OUTER_BOUND('',#183,.T.);
#110=FACE_OUTER_BOUND('',#184,.T.);
#111=FACE_OUTER_BOUND('',#185,.T.);
#112=FACE_OUTER_BOUND('',#186,.T.);
#113=FACE_OUTER_BOUND('',#187,.T.);
#114=FACE_OUTER_BOUND('',#188,.T.);
#115=FACE_OUTER_BOUND('',#189,.T.);
#116=FACE_OUTER_BOUND('',#190,.T.);
#117=FACE_OUTER_BOUND('',#191,.T.);
#118=FACE_OUTER_BOUND('',#192,.T.);
#119=FACE_OUTER_BOUND('',#194,.T.);
#120=FACE_OUTER_BOUND('',#198,.T.);
#121=FACE_OUTER_BOUND('',#199,.T.);
#122=FACE_OUTER_BOUND('',#201,.T.);
#123=FACE_OUTER_BOUND('',#202,.T.);
#124=FACE_OUTER_BOUND('',#204,.T.);
#125=FACE_OUTER_BOUND('',#205,.T.);
#126=FACE_OUTER_BOUND('',#206,.T.);
#127=FACE_OUTER_BOUND('',#207,.T.);
#128=FACE_OUTER_BOUND('',#208,.T.);
#129=FACE_OUTER_BOUND('',#209,.T.);
#130=FACE_OUTER_BOUND('',#210,.T.);
#131=FACE_OUTER_BOUND('',#211,.T.);
#132=FACE_OUTER_BOUND('',#212,.T.);
#133=FACE_OUTER_BOUND('',#213,.T.);
#134=FACE_OUTER_BOUND('',#215,.T.);
#135=FACE_OUTER_BOUND('',#216,.T.);
#136=FACE_OUTER_BOUND('',#218,.T.);
#137=FACE_OUTER_BOUND('',#219,.T.);
#138=EDGE_LOOP('',(#843,#844,#845,#846));
#139=EDGE_LOOP('',(#847,#848,#849,#850,#851,#852));
#140=EDGE_LOOP('',(#853,#854,#855,#856));
#141=EDGE_LOOP('',(#857,#858,#859,#860));
#142=EDGE_LOOP('',(#861,#862,#863,#864));
#143=EDGE_LOOP('',(#865,#866,#867,#868));
#144=EDGE_LOOP('',(#869,#870,#871,#872));
#145=EDGE_LOOP('',(#873,#874,#875,#876));
#146=EDGE_LOOP('',(#877,#878,#879,#880));
#147=EDGE_LOOP('',(#881,#882,#883,#884));
#148=EDGE_LOOP('',(#885,#886,#887,#888));
#149=EDGE_LOOP('',(#889,#890,#891,#892));
#150=EDGE_LOOP('',(#893,#894,#895,#896));
#151=EDGE_LOOP('',(#897,#898,#899,#900));
#152=EDGE_LOOP('',(#901,#902,#903,#904));
#153=EDGE_LOOP('',(#905,#906,#907,#908));
#154=EDGE_LOOP('',(#909,#910,#911,#912));
#155=EDGE_LOOP('',(#913,#914,#915,#916));
#156=EDGE_LOOP('',(#917,#918,#919,#920));
#157=EDGE_LOOP('',(#921,#922,#923,#924,#925,#926));
#158=EDGE_LOOP('',(#927,#928,#929,#930));
#159=EDGE_LOOP('',(#931,#932,#933,#934));
#160=EDGE_LOOP('',(#935,#936,#937,#938));
#161=EDGE_LOOP('',(#939,#940,#941,#942));
#162=EDGE_LOOP('',(#943,#944,#945,#946));
#163=EDGE_LOOP('',(#947,#948,#949,#950));
#164=EDGE_LOOP('',(#951,#952,#953,#954));
#165=EDGE_LOOP('',(#955,#956,#957,#958));
#166=EDGE_LOOP('',(#959,#960,#961,#962));
#167=EDGE_LOOP('',(#963,#964,#965,#966));
#168=EDGE_LOOP('',(#967,#968,#969,#970));
#169=EDGE_LOOP('',(#971,#972,#973,#974));
#170=EDGE_LOOP('',(#975,#976,#977,#978));
#171=EDGE_LOOP('',(#979,#980,#981,#982));
#172=EDGE_LOOP('',(#983,#984,#985,#986));
#173=EDGE_LOOP('',(#987,#988,#989,#990));
#174=EDGE_LOOP('',(#991,#992,#993,#994));
#175=EDGE_LOOP('',(#995,#996,#997,#998));
#176=EDGE_LOOP('',(#999,#1000,#1001,#1002,#1003,#1004,#1005,#1006,#1007,
#1008,#1009,#1010,#1011,#1012,#1013,#1014,#1015,#1016,#1017,#1018,#1019,
#1020,#1021,#1022,#1023,#1024,#1025,#1026,#1027,#1028,#1029,#1030,#1031,
#1032,#1033,#1034,#1035,#1036,#1037,#1038,#1039));
#177=EDGE_LOOP('',(#1040,#1041,#1042,#1043,#1044));
#178=EDGE_LOOP('',(#1045,#1046,#1047,#1048));
#179=EDGE_LOOP('',(#1049,#1050,#1051,#1052));
#180=EDGE_LOOP('',(#1053,#1054,#1055,#1056));
#181=EDGE_LOOP('',(#1057,#1058,#1059,#1060));
#182=EDGE_LOOP('',(#1061,#1062,#1063,#1064,#1065,#1066,#1067,#1068,#1069,
#1070,#1071,#1072,#1073,#1074,#1075,#1076,#1077,#1078,#1079,#1080,#1081,
#1082,#1083,#1084,#1085,#1086,#1087,#1088,#1089,#1090,#1091,#1092,#1093,
#1094,#1095,#1096,#1097,#1098,#1099,#1100,#1101,#1102));
#183=EDGE_LOOP('',(#1103,#1104,#1105,#1106));
#184=EDGE_LOOP('',(#1107,#1108,#1109,#1110));
#185=EDGE_LOOP('',(#1111,#1112,#1113,#1114,#1115));
#186=EDGE_LOOP('',(#1116,#1117,#1118));
#187=EDGE_LOOP('',(#1119,#1120,#1121,#1122));
#188=EDGE_LOOP('',(#1123,#1124,#1125,#1126));
#189=EDGE_LOOP('',(#1127,#1128,#1129));
#190=EDGE_LOOP('',(#1130,#1131,#1132,#1133,#1134));
#191=EDGE_LOOP('',(#1135,#1136,#1137,#1138));
#192=EDGE_LOOP('',(#1139,#1140,#1141,#1142,#1143,#1144,#1145,#1146));
#193=EDGE_LOOP('',(#1147));
#194=EDGE_LOOP('',(#1148,#1149,#1150,#1151,#1152,#1153,#1154,#1155));
#195=EDGE_LOOP('',(#1156));
#196=EDGE_LOOP('',(#1157));
#197=EDGE_LOOP('',(#1158));
#198=EDGE_LOOP('',(#1159,#1160,#1161,#1162));
#199=EDGE_LOOP('',(#1163,#1164,#1165,#1166,#1167,#1168,#1169,#1170));
#200=EDGE_LOOP('',(#1171));
#201=EDGE_LOOP('',(#1172,#1173,#1174,#1175));
#202=EDGE_LOOP('',(#1176,#1177,#1178,#1179,#1180,#1181));
#203=EDGE_LOOP('',(#1182));
#204=EDGE_LOOP('',(#1183,#1184,#1185,#1186));
#205=EDGE_LOOP('',(#1187,#1188,#1189));
#206=EDGE_LOOP('',(#1190,#1191,#1192));
#207=EDGE_LOOP('',(#1193,#1194,#1195,#1196));
#208=EDGE_LOOP('',(#1197,#1198,#1199,#1200));
#209=EDGE_LOOP('',(#1201,#1202,#1203,#1204));
#210=EDGE_LOOP('',(#1205));
#211=EDGE_LOOP('',(#1206,#1207,#1208,#1209,#1210,#1211,#1212,#1213,#1214,
#1215,#1216,#1217,#1218,#1219,#1220,#1221,#1222,#1223,#1224,#1225,#1226,
#1227,#1228,#1229,#1230,#1231,#1232,#1233,#1234,#1235,#1236,#1237,#1238,
#1239));
#212=EDGE_LOOP('',(#1240,#1241,#1242,#1243));
#213=EDGE_LOOP('',(#1244,#1245,#1246,#1247));
#214=EDGE_LOOP('',(#1248,#1249,#1250,#1251));
#215=EDGE_LOOP('',(#1252,#1253,#1254,#1255));
#216=EDGE_LOOP('',(#1256,#1257,#1258,#1259,#1260,#1261));
#217=EDGE_LOOP('',(#1262));
#218=EDGE_LOOP('',(#1263,#1264,#1265,#1266));
#219=EDGE_LOOP('',(#1267,#1268,#1269,#1270));
#220=B_SPLINE_CURVE_WITH_KNOTS('',3,(#1751,#1752,#1753,#1754,#1755,#1756,
#1757),.UNSPECIFIED.,.F.,.F.,(4,3,4),(120.690083977389,121.003293948981,
121.780268983032),.UNSPECIFIED.);
#221=B_SPLINE_CURVE_WITH_KNOTS('',3,(#1759,#1760,#1761,#1762,#1763,#1764),
 .UNSPECIFIED.,.F.,.F.,(4,2,4),(0.164028619637514,0.174543549912715,0.182948345274888),
 .UNSPECIFIED.);
#222=B_SPLINE_CURVE_WITH_KNOTS('',3,(#1765,#1766,#1767,#1768,#1769,#1770,
#1771),.UNSPECIFIED.,.F.,.F.,(4,3,4),(-118.154180419875,-117.433669659158,
-116.949937533602),.UNSPECIFIED.);
#223=B_SPLINE_CURVE_WITH_KNOTS('',3,(#1777,#1778,#1779,#1780,#1781,#1782,
#1783,#1784,#1785,#1786,#1787,#1788,#1789,#1790,#1791,#1792),
 .UNSPECIFIED.,.F.,.F.,(4,3,3,3,3,4),(114.40689867021,114.905582486139,
115.904761464279,116.903940442419,117.90311942056,118.9022983987),
 .UNSPECIFIED.);
#224=B_SPLINE_CURVE_WITH_KNOTS('',3,(#1794,#1795,#1796,#1797,#1798,#1799,
#1800,#1801),.UNSPECIFIED.,.F.,.F.,(4,2,2,4),(0.313051597041813,0.320412092959872,
0.349443315356768,0.376569971794167),.UNSPECIFIED.);
#225=B_SPLINE_CURVE_WITH_KNOTS('',3,(#1802,#1803,#1804,#1805,#1806,#1807,
#1808),.UNSPECIFIED.,.F.,.F.,(4,3,4),(119.406852209641,120.205073079311,
120.690083977389),.UNSPECIFIED.);
#226=B_SPLINE_CURVE_WITH_KNOTS('',3,(#1809,#1810,#1811,#1812,#1813,#1814,
#1815,#1816,#1817,#1818,#1819,#1820,#1821,#1822,#1823,#1824,#1825,#1826,
#1827,#1828,#1829,#1830),.UNSPECIFIED.,.F.,.F.,(4,3,3,3,3,3,3,4),(-116.949937533602,
-116.438469068826,-115.443268478494,-114.448067888162,-113.45286729783,
-112.457666707498,-111.462466117167,-110.666752226423),.UNSPECIFIED.);
#227=B_SPLINE_CURVE_WITH_KNOTS('',3,(#1835,#1836,#1837,#1838,#1839,#1840,
#1841,#1842,#1843,#1844,#1845,#1846,#1847,#1848,#1849,#1850,#1851,#1852,
#1853,#1854,#1855,#1856),.UNSPECIFIED.,.F.,.F.,(4,3,3,3,3,3,3,4),(108.12371336303,
108.910508617297,109.909687595437,110.908866573577,111.908045551718,112.907224529858,
113.906403507998,114.40689867021),.UNSPECIFIED.);
#228=B_SPLINE_CURVE_WITH_KNOTS('',3,(#1857,#1858,#1859,#1860,#1861,#1862,
#1863,#1864,#1865,#1866,#1867,#1868,#1869,#1870,#1871,#1872,#1873,#1874,
#1875,#1876,#1877,#1878,#1879,#1880,#1881),.UNSPECIFIED.,.F.,.F.,(4,3,3,
3,3,3,3,3,4),(-110.666752226423,-110.467265526835,-109.472064936503,-108.476864346171,
-107.481663755839,-106.486463165507,-105.491262575176,-104.496061984844,
-104.383566919243),.UNSPECIFIED.);
#229=B_SPLINE_CURVE_WITH_KNOTS('',3,(#1886,#1887,#1888,#1889,#1890,#1891,
#1892,#1893,#1894,#1895,#1896,#1897,#1898,#1899,#1900,#1901,#1902,#1903,
#1904,#1905,#1906,#1907,#1908,#1909,#1910),.UNSPECIFIED.,.F.,.F.,(4,3,3,
3,3,3,3,3,4),(101.84052805585,101.916255770314,102.915434748455,103.914613726595,
104.913792704735,105.912971682876,106.912150661016,107.911329639156,108.12371336303),
 .UNSPECIFIED.);
#230=B_SPLINE_CURVE_WITH_KNOTS('',3,(#1911,#1912,#1913,#1914,#1915,#1916,
#1917,#1918,#1919,#1920,#1921,#1922,#1923,#1924,#1925,#1926,#1927,#1928,
#1929,#1930,#1931,#1932),.UNSPECIFIED.,.F.,.F.,(4,3,3,3,3,3,3,4),(-104.383566919243,
-103.500861394512,-102.50566080418,-101.510460213848,-100.515259623516,
-99.5200590331845,-98.5248584428526,-98.1003816120635),.UNSPECIFIED.);
#231=B_SPLINE_CURVE_WITH_KNOTS('',3,(#1937,#1938,#1939,#1940,#1941,#1942,
#1943,#1944,#1945,#1946,#1947,#1948,#1949,#1950,#1951,#1952,#1953,#1954,
#1955,#1956,#1957,#1958),.UNSPECIFIED.,.F.,.F.,(4,3,3,3,3,3,3,4),(95.5573427486708,
95.9211819014723,96.9203608796127,97.919539857753,98.9187188358933,99.9178978140337,
100.917076792174,101.84052805585),.UNSPECIFIED.);
#232=B_SPLINE_CURVE_WITH_KNOTS('',3,(#1959,#1960,#1961,#1962,#1963,#1964,
#1965,#1966,#1967,#1968,#1969,#1970,#1971,#1972,#1973,#1974,#1975,#1976,
#1977,#1978,#1979,#1980),.UNSPECIFIED.,.F.,.F.,(4,3,3,3,3,3,3,4),(-98.1003816120635,
-97.5296578525207,-96.5344572621889,-95.5392566718571,-94.5440560815252,
-93.5488554911934,-92.5536549008615,-91.8171963048839),.UNSPECIFIED.);
#233=B_SPLINE_CURVE_WITH_KNOTS('',3,(#1985,#1986,#1987,#1988,#1989,#1990,
#1991,#1992,#1993,#1994,#1995,#1996,#1997,#1998,#1999,#2000,#2001,#2002,
#2003,#2004,#2005,#2006),.UNSPECIFIED.,.F.,.F.,(4,3,3,3,3,3,3,4),(89.2741574414912,
89.9261080326303,90.9252870107706,91.924465988911,92.9236449670513,93.9228239451916,
94.922002923332,95.5573427486708),.UNSPECIFIED.);
#234=B_SPLINE_CURVE_WITH_KNOTS('',3,(#2007,#2008,#2009,#2010,#2011,#2012,
#2013,#2014,#2015,#2016,#2017,#2018,#2019,#2020,#2021,#2022,#2023,#2024,
#2025,#2026,#2027,#2028,#2029,#2030,#2031),.UNSPECIFIED.,.F.,.F.,(4,3,3,
3,3,3,3,3,4),(-91.8171963048839,-91.5584543105297,-90.5632537201979,-89.568053129866,
-88.5728525395342,-87.5776519492023,-86.5824513588705,-85.5872507685386,
-85.5340109977043),.UNSPECIFIED.);
#235=B_SPLINE_CURVE_WITH_KNOTS('',3,(#2036,#2037,#2038,#2039,#2040,#2041,
#2042,#2043,#2044,#2045,#2046,#2047,#2048,#2049,#2050,#2051,#2052,#2053,
#2054,#2055,#2056,#2057),.UNSPECIFIED.,.F.,.F.,(4,3,3,3,3,3,3,4),(82.9909721343116,
83.9310341637883,84.9302131419286,85.929392120069,86.9285710982093,87.9277500763496,
88.92692905449,89.2741574414912),.UNSPECIFIED.);
#236=B_SPLINE_CURVE_WITH_KNOTS('',3,(#2058,#2059,#2060,#2061,#2062,#2063,
#2064,#2065,#2066,#2067,#2068,#2069,#2070,#2071,#2072,#2073,#2074,#2075,
#2076,#2077,#2078,#2079),.UNSPECIFIED.,.F.,.F.,(4,3,3,3,3,3,3,4),(-85.5340109977043,
-84.5920501782068,-83.596849587875,-82.6016489975431,-81.6064484072113,
-80.6112478168794,-79.6160472265476,-79.2508256905247),.UNSPECIFIED.);
#237=B_SPLINE_CURVE_WITH_KNOTS('',3,(#2084,#2085,#2086,#2087,#2088,#2089,
#2090,#2091,#2092,#2093,#2094,#2095,#2096,#2097,#2098,#2099,#2100,#2101,
#2102,#2103,#2104,#2105,#2106,#2107,#2108),.UNSPECIFIED.,.F.,.F.,(4,3,3,
3,3,3,3,3,4),(76.7077868271321,76.9367813168059,77.9359602949463,78.9351392730866,
79.9343182512269,80.9334972293673,81.9326762075076,82.9318551856479,82.9909721343116),
 .UNSPECIFIED.);
#238=B_SPLINE_CURVE_WITH_KNOTS('',3,(#2109,#2110,#2111,#2112,#2113,#2114,
#2115,#2116,#2117,#2118,#2119,#2120,#2121,#2122,#2123,#2124,#2125,#2126,
#2127,#2128,#2129,#2130),.UNSPECIFIED.,.F.,.F.,(4,3,3,3,3,3,3,4),(-79.2508256905247,
-78.6208466362157,-77.6256460458839,-76.630445455552,-75.6352448652202,
-74.6400442748884,-73.6448436845565,-72.9676403833451),.UNSPECIFIED.);
#239=B_SPLINE_CURVE_WITH_KNOTS('',3,(#2135,#2136,#2137,#2138,#2139,#2140,
#2141,#2142,#2143,#2144,#2145,#2146,#2147,#2148,#2149,#2150,#2151,#2152,
#2153,#2154,#2155,#2156),.UNSPECIFIED.,.F.,.F.,(4,3,3,3,3,3,3,4),(70.4246015199525,
70.9417074479639,71.9408864261042,72.9400654042446,73.9392443823849,74.9384233605253,
75.9376023386656,76.7077868271321),.UNSPECIFIED.);
#240=B_SPLINE_CURVE_WITH_KNOTS('',3,(#2157,#2158,#2159,#2160,#2161,#2162,
#2163,#2164,#2165,#2166,#2167,#2168,#2169,#2170,#2171,#2172,#2173,#2174,
#2175,#2176,#2177,#2178),.UNSPECIFIED.,.F.,.F.,(4,3,3,3,3,3,3,4),(-72.9676403833451,
-72.6496430942246,-71.6544425038928,-70.659241913561,-69.6640413232291,
-68.6688407328973,-67.6736401425654,-66.6844550761655),.UNSPECIFIED.);
#241=B_SPLINE_CURVE_WITH_KNOTS('',3,(#2183,#2184,#2185,#2186,#2187,#2188,
#2189,#2190,#2191,#2192,#2193,#2194,#2195,#2196,#2197,#2198,#2199,#2200,
#2201,#2202,#2203,#2204),.UNSPECIFIED.,.F.,.F.,(4,3,3,3,3,3,3,4),(64.1414162127729,
64.9466335791219,65.9458125572622,66.9449915354026,67.9441705135429,68.9433494916832,
69.9425284698236,70.4246015199525),.UNSPECIFIED.);
#242=B_SPLINE_CURVE_WITH_KNOTS('',3,(#2205,#2206,#2207,#2208,#2209,#2210,
#2211,#2212,#2213,#2214,#2215,#2216,#2217,#2218,#2219,#2220,#2221,#2222,
#2223,#2224,#2225,#2226,#2227,#2228,#2229),.UNSPECIFIED.,.F.,.F.,(4,3,3,
3,3,3,3,3,4),(-66.6844550761655,-66.6784395522336,-65.6832389619017,-64.6880383715699,
-63.6928377812381,-62.6976371909062,-61.7024366005744,-60.7072360102425,
-60.4012697689859),.UNSPECIFIED.);
#243=B_SPLINE_CURVE_WITH_KNOTS('',3,(#2234,#2235,#2236,#2237,#2238,#2239,
#2240,#2241,#2242,#2243,#2244,#2245,#2246,#2247,#2248,#2249,#2250,#2251,
#2252,#2253,#2254,#2255,#2256,#2257,#2258),.UNSPECIFIED.,.F.,.F.,(4,3,3,
3,3,3,3,3,4),(57.8582309055933,57.9523807321395,58.9515597102799,59.9507386884202,
60.9499176665605,61.9490966447009,62.9482756228412,63.9474546009815,64.1414162127729),
 .UNSPECIFIED.);
#244=B_SPLINE_CURVE_WITH_KNOTS('',3,(#2259,#2260,#2261,#2262,#2263,#2264,
#2265,#2266,#2267,#2268,#2269,#2270,#2271,#2272,#2273,#2274,#2275,#2276,
#2277,#2278,#2279,#2280),.UNSPECIFIED.,.F.,.F.,(4,3,3,3,3,3,3,4),(-60.4012697689859,
-59.7120354199107,-58.7168348295788,-57.721634239247,-56.7264336489151,
-55.7312330585833,-54.7360324682515,-54.1180844618063),.UNSPECIFIED.);
#245=B_SPLINE_CURVE_WITH_KNOTS('',3,(#2285,#2286,#2287,#2288,#2289,#2290,
#2291,#2292,#2293,#2294,#2295,#2296,#2297,#2298,#2299,#2300,#2301,#2302,
#2303,#2304,#2305,#2306),.UNSPECIFIED.,.F.,.F.,(4,3,3,3,3,3,3,4),(51.5750455984137,
51.9573068632975,52.9564858414378,53.9556648195782,54.9548437977185,55.9540227758589,
56.9532017539992,57.8582309055933),.UNSPECIFIED.);
#246=B_SPLINE_CURVE_WITH_KNOTS('',3,(#2307,#2308,#2309,#2310,#2311,#2312,
#2313,#2314,#2315,#2316,#2317,#2318,#2319,#2320,#2321,#2322,#2323,#2324,
#2325,#2326,#2327,#2328),.UNSPECIFIED.,.F.,.F.,(4,3,3,3,3,3,3,4),(-54.1180844618063,
-53.7408318779196,-52.7456312875878,-51.7504306972559,-50.7552301069241,
-49.7600295165922,-48.7648289262604,-47.8348991546267),.UNSPECIFIED.);
#247=B_SPLINE_CURVE_WITH_KNOTS('',3,(#2333,#2334,#2335,#2336,#2337,#2338,
#2339,#2340,#2341,#2342,#2343,#2344,#2345,#2346,#2347,#2348,#2349,#2350,
#2351,#2352,#2353,#2354),.UNSPECIFIED.,.F.,.F.,(4,3,3,3,3,3,3,4),(45.2918602912341,
45.9622329944555,46.9614119725958,47.9605909507362,48.9597699288765,49.9589489070168,
50.9581278851572,51.5750455984137),.UNSPECIFIED.);
#248=B_SPLINE_CURVE_WITH_KNOTS('',3,(#2355,#2356,#2357,#2358,#2359,#2360,
#2361,#2362,#2363,#2364,#2365,#2366,#2367,#2368,#2369,#2370,#2371,#2372,
#2373,#2374,#2375,#2376,#2377,#2378,#2379),.UNSPECIFIED.,.F.,.F.,(4,3,3,
3,3,3,3,3,4),(-47.8348991546267,-47.7696283359285,-46.7744277455967,-45.7792271552648,
-44.784026564933,-43.7888259746012,-42.7936253842693,-41.7984247939375,
-41.5517138474471),.UNSPECIFIED.);
#249=B_SPLINE_CURVE_WITH_KNOTS('',3,(#2384,#2385,#2386,#2387,#2388,#2389,
#2390,#2391,#2392,#2393,#2394,#2395,#2396,#2397,#2398,#2399,#2400,#2401,
#2402,#2403,#2404,#2405),.UNSPECIFIED.,.F.,.F.,(4,3,3,3,3,3,3,4),(39.0086749840545,
39.9671591256135,40.9663381037538,41.9655170818941,42.9646960600345,43.9638750381748,
44.9630540163152,45.2918602912341),.UNSPECIFIED.);
#250=B_SPLINE_CURVE_WITH_KNOTS('',3,(#2406,#2407,#2408,#2409,#2410,#2411,
#2412,#2413,#2414,#2415,#2416,#2417,#2418,#2419,#2420,#2421,#2422,#2423,
#2424,#2425,#2426,#2427),.UNSPECIFIED.,.F.,.F.,(4,3,3,3,3,3,3,4),(-41.5517138474471,
-40.8032242036056,-39.8080236132738,-38.8128230229419,-37.8176224326101,
-36.8224218422783,-35.8272212519464,-35.2685285402675),.UNSPECIFIED.);
#251=B_SPLINE_CURVE_WITH_KNOTS('',3,(#2432,#2433,#2434,#2435,#2436,#2437,
#2438,#2439,#2440,#2441,#2442,#2443,#2444,#2445,#2446,#2447,#2448,#2449,
#2450,#2451,#2452,#2453,#2454,#2455,#2456),.UNSPECIFIED.,.F.,.F.,(4,3,3,
3,3,3,3,3,4),(32.7254896768749,32.9729062786311,33.9720852567714,34.9712642349118,
35.9704432130521,36.9696221911925,37.9688011693328,38.9679801474731,39.0086749840545),
 .UNSPECIFIED.);
#252=B_SPLINE_CURVE_WITH_KNOTS('',3,(#2457,#2458,#2459,#2460,#2461,#2462,
#2463,#2464,#2465,#2466,#2467,#2468,#2469,#2470,#2471,#2472,#2473,#2474,
#2475,#2476,#2477,#2478),.UNSPECIFIED.,.F.,.F.,(4,3,3,3,3,3,3,4),(-35.2685285402675,
-34.8320206616146,-33.8368200712827,-32.8416194809509,-31.846418890619,
-30.8512183002872,-29.8560177099553,-28.9853432330879),.UNSPECIFIED.);
#253=B_SPLINE_CURVE_WITH_KNOTS('',3,(#2483,#2484,#2485,#2486,#2487,#2488,
#2489,#2490,#2491,#2492,#2493,#2494,#2495,#2496,#2497,#2498,#2499,#2500,
#2501,#2502,#2503,#2504),.UNSPECIFIED.,.F.,.F.,(4,3,3,3,3,3,3,4),(26.4423043696953,
26.9778324097891,27.9770113879294,28.9761903660698,29.9753693442101,30.9745483223504,
31.9737273004908,32.7254896768749),.UNSPECIFIED.);
#254=B_SPLINE_CURVE_WITH_KNOTS('',3,(#2505,#2506,#2507,#2508,#2509,#2510,
#2511,#2512,#2513,#2514,#2515,#2516,#2517,#2518,#2519,#2520,#2521,#2522,
#2523,#2524,#2525,#2526,#2527,#2528,#2529),.UNSPECIFIED.,.F.,.F.,(4,3,3,
3,3,3,3,3,4),(-28.9853432330879,-28.8608171196235,-27.8656165292916,-26.8704159389598,
-25.875215348628,-24.8800147582961,-23.8848141679643,-22.8896135776324,
-22.7021579259084),.UNSPECIFIED.);
#255=B_SPLINE_CURVE_WITH_KNOTS('',3,(#2534,#2535,#2536,#2537,#2538,#2539,
#2540,#2541,#2542,#2543,#2544,#2545,#2546,#2547,#2548,#2549,#2550,#2551,
#2552,#2553,#2554,#2555),.UNSPECIFIED.,.F.,.F.,(4,3,3,3,3,3,3,4),(20.1591190625157,
20.9827585409471,21.9819375190874,22.9811164972277,23.9802954753681,24.9794744535084,
25.9786534316488,26.4423043696953),.UNSPECIFIED.);
#256=B_SPLINE_CURVE_WITH_KNOTS('',3,(#2556,#2557,#2558,#2559,#2560,#2561,
#2562,#2563,#2564,#2565,#2566,#2567,#2568,#2569,#2570,#2571,#2572,#2573,
#2574,#2575,#2576,#2577),.UNSPECIFIED.,.F.,.F.,(4,3,3,3,3,3,3,4),(-22.7021579259084,
-21.8944129873006,-20.8992123969687,-19.9040118066369,-18.908811216305,
-17.9136106259732,-16.9184100356414,-16.4189726187288),.UNSPECIFIED.);
#257=B_SPLINE_CURVE_WITH_KNOTS('',3,(#2582,#2583,#2584,#2585,#2586,#2587,
#2588,#2589,#2590,#2591,#2592,#2593,#2594,#2595,#2596,#2597,#2598,#2599,
#2600,#2601,#2602,#2603,#2604,#2605,#2606),.UNSPECIFIED.,.F.,.F.,(4,3,3,
3,3,3,3,3,4),(13.8759337553361,13.9885056939647,14.9876846721051,15.9868636502454,
16.9860426283857,17.9852216065261,18.9844005846664,19.9835795628067,20.1591190625157),
 .UNSPECIFIED.);
#258=B_SPLINE_CURVE_WITH_KNOTS('',3,(#2607,#2608,#2609,#2610,#2611,#2612,
#2613,#2614,#2615,#2616,#2617,#2618,#2619,#2620,#2621,#2622,#2623,#2624,
#2625,#2626,#2627,#2628),.UNSPECIFIED.,.F.,.F.,(4,3,3,3,3,3,3,4),(-16.4189726187288,
-15.9232094453095,-14.9280088549777,-13.9328082646458,-12.937607674314,
-11.9424070839821,-10.9472064936503,-10.1357873115492),.UNSPECIFIED.);
#259=B_SPLINE_CURVE_WITH_KNOTS('',3,(#2634,#2635,#2636,#2637,#2638,#2639,
#2640,#2641,#2642,#2643,#2644,#2645,#2646),.UNSPECIFIED.,.F.,.F.,(4,3,3,
3,4),(-3.85260200436958,-2.98560177099553,-1.99040118066369,-0.995200590331845,
0.),.UNSPECIFIED.);
#260=B_SPLINE_CURVE_WITH_KNOTS('',3,(#2649,#2650,#2651,#2652,#2653,#2654,
#2655,#2656,#2657,#2658,#2659,#2660,#2661,#2662,#2663,#2664,#2665,#2666,
#2667),.UNSPECIFIED.,.F.,.F.,(4,3,3,3,3,3,4),(2.02057249175696,2.99753693442101,
3.99671591256135,4.99589489070168,5.99507386884202,6.99425284698236,7.59274844815656),
 .UNSPECIFIED.);
#261=B_SPLINE_CURVE_WITH_KNOTS('',3,(#2673,#2674,#2675,#2676,#2677),
 .UNSPECIFIED.,.F.,.F.,(4,1,4),(128.805298797182,129.289030922737,130.284231513069),
 .UNSPECIFIED.);
#262=B_SPLINE_CURVE_WITH_KNOTS('',3,(#2679,#2680,#2681,#2682,#2683,#2684),
 .UNSPECIFIED.,.F.,.F.,(4,2,4),(0.0937961812633958,0.115171965085897,0.129108815014758),
 .UNSPECIFIED.);
#263=B_SPLINE_CURVE_WITH_KNOTS('',3,(#2686,#2687,#2688,#2689,#2690,#2691),
 .UNSPECIFIED.,.F.,.F.,(4,1,1,4),(130.517036166763,131.395422246211,132.27380832566,
133.152194405108),.UNSPECIFIED.);
#264=B_SPLINE_CURVE_WITH_KNOTS('',3,(#2693,#2694,#2695,#2696,#2697,#2698),
 .UNSPECIFIED.,.F.,.F.,(4,2,4),(-0.0602233124027932,-0.0576550823676822,
-0.054522511478381),.UNSPECIFIED.);
#265=B_SPLINE_CURVE_WITH_KNOTS('',3,(#2699,#2700,#2701,#2702,#2703,#2704,
#2705,#2706),.UNSPECIFIED.,.F.,.F.,(4,1,1,1,1,4),(128.805298797182,129.303982613111,
130.303161591251,131.302340569391,132.301519547532,133.179215910988),
 .UNSPECIFIED.);
#266=B_SPLINE_CURVE_WITH_KNOTS('',3,(#2711,#2712,#2713,#2714,#2715,#2716,
#2717,#2718,#2719,#2720),.UNSPECIFIED.,.F.,.F.,(4,1,1,1,1,1,1,4),(122.522113490002,
123.317827380746,124.313027971078,125.30822856141,126.303429151741,127.298629742073,
128.293830332405,128.805298797182),.UNSPECIFIED.);
#267=B_SPLINE_CURVE_WITH_KNOTS('',3,(#2721,#2722,#2723,#2724,#2725,#2726,
#2727,#2728,#2729,#2730),.UNSPECIFIED.,.F.,.F.,(4,1,1,1,1,1,1,4),(122.522113490002,
123.308908744269,124.308087722409,125.307266700549,126.30644567869,127.30562465683,
128.30480363497,128.805298797182),.UNSPECIFIED.);
#268=B_SPLINE_CURVE_WITH_KNOTS('',3,(#2735,#2736,#2737,#2738,#2739,#2740,
#2741,#2742,#2743,#2744,#2745),.UNSPECIFIED.,.F.,.F.,(4,1,1,1,1,1,1,1,4),
(116.238928182822,116.351423248423,117.346623838755,118.341824429087,119.337025019419,
120.33222560975,121.327426200082,122.322626790414,122.522113490002),
 .UNSPECIFIED.);
#269=B_SPLINE_CURVE_WITH_KNOTS('',3,(#2746,#2747,#2748,#2749,#2750,#2751,
#2752,#2753,#2754,#2755,#2756),.UNSPECIFIED.,.F.,.F.,(4,1,1,1,1,1,1,1,4),
(116.238928182822,116.314655897286,117.313834875426,118.313013853567,119.312192831707,
120.311371809847,121.310550787988,122.309729766128,122.522113490002),
 .UNSPECIFIED.);
#270=B_SPLINE_CURVE_WITH_KNOTS('',3,(#2761,#2762,#2763,#2764,#2765,#2766,
#2767,#2768,#2769,#2770),.UNSPECIFIED.,.F.,.F.,(4,1,1,1,1,1,1,4),(109.955742875643,
110.380219706432,111.375420296764,112.370620887096,113.365821477427,114.361022067759,
115.356222658091,116.238928182822),.UNSPECIFIED.);
#271=B_SPLINE_CURVE_WITH_KNOTS('',3,(#2771,#2772,#2773,#2774,#2775,#2776,
#2777,#2778,#2779,#2780),.UNSPECIFIED.,.F.,.F.,(4,1,1,1,1,1,1,4),(109.955742875643,
110.319582028444,111.318761006584,112.317939984725,113.317118962865,114.316297941005,
115.315476919146,116.238928182822),.UNSPECIFIED.);
#272=B_SPLINE_CURVE_WITH_KNOTS('',3,(#2785,#2786,#2787,#2788,#2789,#2790,
#2791,#2792,#2793,#2794),.UNSPECIFIED.,.F.,.F.,(4,1,1,1,1,1,1,4),(103.672557568463,
104.409016164441,105.404216754773,106.399417345105,107.394617935436,108.389818525768,
109.3850191161,109.955742875643),.UNSPECIFIED.);
#273=B_SPLINE_CURVE_WITH_KNOTS('',3,(#2795,#2796,#2797,#2798,#2799,#2800,
#2801,#2802,#2803,#2804),.UNSPECIFIED.,.F.,.F.,(4,1,1,1,1,1,1,4),(103.672557568463,
104.324508159602,105.323687137742,106.322866115883,107.322045094023,108.321224072163,
109.320403050304,109.955742875643),.UNSPECIFIED.);
#274=B_SPLINE_CURVE_WITH_KNOTS('',3,(#2809,#2810,#2811,#2812,#2813,#2814,
#2815,#2816,#2817,#2818,#2819),.UNSPECIFIED.,.F.,.F.,(4,1,1,1,1,1,1,1,4),
(97.3893722612835,97.4426120321179,98.4378126224498,99.4330132127816,100.428213803113,
101.423414393445,102.418614983777,103.413815574109,103.672557568463),
 .UNSPECIFIED.);
#275=B_SPLINE_CURVE_WITH_KNOTS('',3,(#2820,#2821,#2822,#2823,#2824,#2825,
#2826,#2827,#2828,#2829),.UNSPECIFIED.,.F.,.F.,(4,1,1,1,1,1,1,4),(97.3893722612835,
98.3294342907601,99.3286132689004,100.327792247041,101.326971225181,102.326150203321,
103.325329181462,103.672557568463),.UNSPECIFIED.);
#276=B_SPLINE_CURVE_WITH_KNOTS('',3,(#2834,#2835,#2836,#2837,#2838,#2839,
#2840,#2841,#2842,#2843),.UNSPECIFIED.,.F.,.F.,(4,1,1,1,1,1,1,4),(91.1061869541039,
91.4714084901269,92.4666090804587,93.4618096707905,94.4570102611224,95.4522108514542,
96.4474114417861,97.3893722612835),.UNSPECIFIED.);
#277=B_SPLINE_CURVE_WITH_KNOTS('',3,(#2844,#2845,#2846,#2847,#2848,#2849,
#2850,#2851,#2852,#2853,#2854),.UNSPECIFIED.,.F.,.F.,(4,1,1,1,1,1,1,1,4),
(91.1061869541039,91.3351814437777,92.3343604219181,93.3335394000584,94.3327183781987,
95.3318973563391,96.3310763344794,97.3302553126197,97.3893722612835),
 .UNSPECIFIED.);
#278=B_SPLINE_CURVE_WITH_KNOTS('',3,(#2859,#2860,#2861,#2862,#2863,#2864,
#2865,#2866,#2867,#2868),.UNSPECIFIED.,.F.,.F.,(4,1,1,1,1,1,1,4),(84.8230016469244,
85.5002049481358,86.4954055384676,87.4906061287995,88.4858067191313,89.4810073094632,
90.476207899795,91.1061869541039),.UNSPECIFIED.);
#279=B_SPLINE_CURVE_WITH_KNOTS('',3,(#2869,#2870,#2871,#2872,#2873,#2874,
#2875,#2876,#2877,#2878),.UNSPECIFIED.,.F.,.F.,(4,1,1,1,1,1,1,4),(84.8230016469244,
85.3401075749357,86.3392865530761,87.3384655312164,88.3376445093567,89.3368234874971,
90.3360024656374,91.1061869541039),.UNSPECIFIED.);
#280=B_SPLINE_CURVE_WITH_KNOTS('',3,(#2883,#2884,#2885,#2886,#2887,#2888,
#2889,#2890,#2891,#2892),.UNSPECIFIED.,.F.,.F.,(4,1,1,1,1,1,1,4),(78.5398163397447,
79.5290014061447,80.5242019964766,81.5194025868084,82.5146031771403,83.5098037674721,
84.5050043578039,84.8230016469244),.UNSPECIFIED.);
#281=B_SPLINE_CURVE_WITH_KNOTS('',3,(#2893,#2894,#2895,#2896,#2897,#2898,
#2899,#2900,#2901,#2902),.UNSPECIFIED.,.F.,.F.,(4,1,1,1,1,1,1,4),(78.5398163397447,
79.3450337060937,80.344212684234,81.3433916623744,82.3425706405147,83.341749618655,
84.3409285967954,84.8230016469244),.UNSPECIFIED.);
#282=B_SPLINE_CURVE_WITH_KNOTS('',3,(#2907,#2908,#2909,#2910,#2911,#2912,
#2913,#2914,#2915,#2916,#2917),.UNSPECIFIED.,.F.,.F.,(4,1,1,1,1,1,1,1,4),
(72.2566310325652,72.5625972738218,73.5577978641537,74.5529984544855,75.5481990448174,
76.5433996351492,77.538600225481,78.5338008158129,78.5398163397447),
 .UNSPECIFIED.);
#283=B_SPLINE_CURVE_WITH_KNOTS('',3,(#2918,#2919,#2920,#2921,#2922,#2923,
#2924,#2925,#2926,#2927,#2928),.UNSPECIFIED.,.F.,.F.,(4,1,1,1,1,1,1,1,4),
(72.2566310325652,72.3507808591113,73.3499598372517,74.349138815392,75.3483177935323,
76.3474967716727,77.346675749813,78.3458547279534,78.5398163397447),
 .UNSPECIFIED.);
#284=B_SPLINE_CURVE_WITH_KNOTS('',3,(#2933,#2934,#2935,#2936,#2937,#2938,
#2939,#2940,#2941,#2942),.UNSPECIFIED.,.F.,.F.,(4,1,1,1,1,1,1,4),(65.9734457253856,
66.5913937318307,67.5865943221626,68.5817949124944,69.5769955028263,70.5721960931581,
71.56739668349,72.2566310325652),.UNSPECIFIED.);
#285=B_SPLINE_CURVE_WITH_KNOTS('',3,(#2943,#2944,#2945,#2946,#2947,#2948,
#2949,#2950,#2951,#2952),.UNSPECIFIED.,.F.,.F.,(4,1,1,1,1,1,1,4),(65.9734457253856,
66.3557069902693,67.3548859684096,68.35406494655,69.3532439246903,70.3524229028307,
71.351601880971,72.2566310325652),.UNSPECIFIED.);
#286=B_SPLINE_CURVE_WITH_KNOTS('',3,(#2957,#2958,#2959,#2960,#2961,#2962,
#2963,#2964,#2965,#2966),.UNSPECIFIED.,.F.,.F.,(4,1,1,1,1,1,1,4),(59.690260418206,
60.6201901898397,61.6153907801715,62.6105913705034,63.6057919608352,64.6009925511671,
65.5961931414989,65.9734457253856),.UNSPECIFIED.);
#287=B_SPLINE_CURVE_WITH_KNOTS('',3,(#2967,#2968,#2969,#2970,#2971,#2972,
#2973,#2974,#2975,#2976),.UNSPECIFIED.,.F.,.F.,(4,1,1,1,1,1,1,4),(59.690260418206,
60.3606331214273,61.3598120995676,62.358991077708,63.3581700558483,64.3573490339886,
65.356528012129,65.9734457253856),.UNSPECIFIED.);
#288=B_SPLINE_CURVE_WITH_KNOTS('',3,(#2981,#2982,#2983,#2984,#2985,#2986,
#2987,#2988,#2989,#2990,#2991),.UNSPECIFIED.,.F.,.F.,(4,1,1,1,1,1,1,1,4),
(53.4070751110264,53.6537860575168,54.6489866478486,55.6441872381805,56.6393878285123,
57.6345884188441,58.629789009176,59.6249895995078,59.690260418206),
 .UNSPECIFIED.);
#289=B_SPLINE_CURVE_WITH_KNOTS('',3,(#2992,#2993,#2994,#2995,#2996,#2997,
#2998,#2999,#3000,#3001),.UNSPECIFIED.,.F.,.F.,(4,1,1,1,1,1,1,4),(53.4070751110264,
54.3655592525853,55.3647382307256,56.3639172088659,57.3630961870063,58.3622751651466,
59.361454143287,59.690260418206),.UNSPECIFIED.);
#290=B_SPLINE_CURVE_WITH_KNOTS('',3,(#3006,#3007,#3008,#3009,#3010,#3011,
#3012,#3013,#3014,#3015),.UNSPECIFIED.,.F.,.F.,(4,1,1,1,1,1,1,4),(47.1238898038468,
47.6825825155257,48.6777831058575,49.6729836961894,50.6681842865212,51.6633848768531,
52.6585854671849,53.4070751110264),.UNSPECIFIED.);
#291=B_SPLINE_CURVE_WITH_KNOTS('',3,(#3016,#3017,#3018,#3019,#3020,#3021,
#3022,#3023,#3024,#3025,#3026),.UNSPECIFIED.,.F.,.F.,(4,1,1,1,1,1,1,1,4),
(47.1238898038468,47.3713064056029,48.3704853837433,49.3696643618836,50.3688433400239,
51.3680223181643,52.3672012963046,53.3663802744449,53.4070751110264),
 .UNSPECIFIED.);
#292=B_SPLINE_CURVE_WITH_KNOTS('',3,(#3031,#3032,#3033,#3034,#3035,#3036,
#3037,#3038,#3039,#3040),.UNSPECIFIED.,.F.,.F.,(4,1,1,1,1,1,1,4),(40.8407044966672,
41.7113789735346,42.7065795638665,43.7017801541983,44.6969807445302,45.692181334862,
46.6873819251939,47.1238898038468),.UNSPECIFIED.);
#293=B_SPLINE_CURVE_WITH_KNOTS('',3,(#3041,#3042,#3043,#3044,#3045,#3046,
#3047,#3048,#3049,#3050),.UNSPECIFIED.,.F.,.F.,(4,1,1,1,1,1,1,4),(40.8407044966672,
41.3762325367609,42.3754115149012,43.3745904930416,44.3737694711819,45.3729484493222,
46.3721274274626,47.1238898038468),.UNSPECIFIED.);
#294=B_SPLINE_CURVE_WITH_KNOTS('',3,(#3055,#3056,#3057,#3058,#3059,#3060,
#3061,#3062,#3063,#3064,#3065),.UNSPECIFIED.,.F.,.F.,(4,1,1,1,1,1,1,1,4),
(34.5575191894876,34.7449748412117,35.7401754315436,36.7353760218754,37.7305766122073,
38.7257772025391,39.7209777928709,40.7161783832028,40.8407044966672),
 .UNSPECIFIED.);
#295=B_SPLINE_CURVE_WITH_KNOTS('',3,(#3066,#3067,#3068,#3069,#3070,#3071,
#3072,#3073,#3074,#3075),.UNSPECIFIED.,.F.,.F.,(4,1,1,1,1,1,1,4),(34.5575191894876,
35.3811586679189,36.3803376460592,37.3795166241995,38.3786956023399,39.3778745804802,
40.3770535586206,40.8407044966672),.UNSPECIFIED.);
#296=B_SPLINE_CURVE_WITH_KNOTS('',3,(#3080,#3081,#3082,#3083,#3084,#3085,
#3086,#3087,#3088,#3089),.UNSPECIFIED.,.F.,.F.,(4,1,1,1,1,1,1,4),(28.274333882308,
28.7737712992207,29.7689718895525,30.7641724798843,31.7593730702162,32.754573660548,
33.7497742508799,34.5575191894876),.UNSPECIFIED.);
#297=B_SPLINE_CURVE_WITH_KNOTS('',3,(#3090,#3091,#3092,#3093,#3094,#3095,
#3096,#3097,#3098,#3099,#3100),.UNSPECIFIED.,.F.,.F.,(4,1,1,1,1,1,1,1,4),
(28.274333882308,28.3869058209365,29.3860847990769,30.3852637772172,31.3844427553575,
32.3836217334979,33.3828007116382,34.3819796897785,34.5575191894876),
 .UNSPECIFIED.);
#298=B_SPLINE_CURVE_WITH_KNOTS('',3,(#3105,#3106,#3107,#3108,#3109,#3110,
#3111,#3112,#3113,#3114),.UNSPECIFIED.,.F.,.F.,(4,1,1,1,1,1,1,4),(21.9911485751284,
22.8025677572296,23.7977683475614,24.7929689378933,25.7881695282251,26.783370118557,
27.7785707088888,28.274333882308),.UNSPECIFIED.);
#299=B_SPLINE_CURVE_WITH_KNOTS('',3,(#3115,#3116,#3117,#3118,#3119,#3120,
#3121,#3122,#3123,#3124),.UNSPECIFIED.,.F.,.F.,(4,1,1,1,1,1,1,4),(21.9911485751284,
22.3918319520945,23.3910109302348,24.3901899083752,25.3893688865155,26.3885478646558,
27.3877268427962,28.274333882308),.UNSPECIFIED.);
#300=B_SPLINE_CURVE_WITH_KNOTS('',3,(#3130,#3131,#3132,#3133,#3134),
 .UNSPECIFIED.,.F.,.F.,(4,1,4),(14.3984001269718,15.3975791051121,15.7079632679489),
 .UNSPECIFIED.);
#301=B_SPLINE_CURVE_WITH_KNOTS('',3,(#3137,#3138,#3139,#3140,#3141),
 .UNSPECIFIED.,.F.,.F.,(4,1,4),(13.8759337553362,14.8409630345748,15.7079632679489),
 .UNSPECIFIED.);
#302=B_SPLINE_CURVE_WITH_KNOTS('',3,(#3630,#3631,#3632,#3633,#3634,#3635,
#3636,#3637,#3638,#3639,#3640,#3641,#3642,#3643,#3644,#3645),
 .UNSPECIFIED.,.F.,.F.,(4,3,3,3,3,4),(0.,0.00724108213720173,0.0152356000674078,
0.019322367682496,0.027771173517423,0.03621997935235),.UNSPECIFIED.);
#303=B_SPLINE_CURVE_WITH_KNOTS('',3,(#3646,#3647,#3648,#3649,#3650,#3651,
#3652,#3653,#3654,#3655,#3656,#3657,#3658,#3659,#3660,#3661,#3662,#3663,
#3664,#3665,#3666,#3667),.UNSPECIFIED.,.F.,.F.,(4,3,3,3,3,3,3,4),(7.59274844815656,
7.99343182512269,8.99261080326303,9.99178978140337,10.9909687595437,11.990147737684,
12.9893267158244,13.8759337553361),.UNSPECIFIED.);
#304=B_SPLINE_CURVE_WITH_KNOTS('',3,(#3668,#3669,#3670,#3671,#3672,#3673,
#3674,#3675,#3676,#3677,#3678,#3679,#3680,#3681,#3682,#3683,#3684,#3685,
#3686,#3687,#3688,#3689,#3690,#3691,#3692,#3693,#3694,#3695,#3696,#3697,
#3698,#3699,#3700,#3701,#3702,#3703,#3704,#3705,#3706,#3707,#3708,#3709,
#3710,#3711,#3712,#3713,#3714,#3715,#3716,#3717,#3718,#3719,#3720,#3721,
#3722,#3723,#3724,#3725,#3726,#3727,#3728,#3729,#3730,#3731,#3732,#3733,
#3734,#3735,#3736,#3737,#3738,#3739,#3740,#3741,#3742,#3743,#3744,#3745,
#3746),.UNSPECIFIED.,.F.,.F.,(4,3,3,3,3,3,3,3,3,3,3,3,3,3,3,3,3,3,3,3,3,
3,3,3,3,3,4),(0.,0.0185704198796631,0.0368139748591348,0.050782647881406,
0.0584106877765239,0.0611983138640445,0.0789551095951591,0.0963571719556956,
0.109408718726098,0.113783214686067,0.118152248599281,0.134996781102193,
0.148563359037305,0.165431342307544,0.17032143204176,0.173274565763248,
0.190046515984823,0.206806857800844,0.216591853588838,0.221849747764155,
0.226212467556082,0.24230790293435,0.25373882555524,0.258143947779647,0.273595678112914,
0.283507225199216,0.286347380332252),.UNSPECIFIED.);
#305=B_SPLINE_CURVE_WITH_KNOTS('',3,(#3747,#3748,#3749,#3750,#3751,#3752,
#3753,#3754,#3755,#3756),.UNSPECIFIED.,.F.,.F.,(4,1,1,1,1,1,1,4),(15.7079632679489,
16.3967580832525,17.3959370613928,18.3951160395332,19.3942950176735,20.3934739958138,
21.3926529739542,21.9911485751284),.UNSPECIFIED.);
#306=B_SPLINE_CURVE_WITH_KNOTS('',3,(#3782,#3783,#3784,#3785,#3786,#3787,
#3788,#3789,#3790,#3791,#3792,#3793,#3794,#3795,#3796,#3797,#3798,#3799,
#3800),.UNSPECIFIED.,.F.,.F.,(4,3,3,3,3,3,4),(0.,0.000182152943011775,0.00846223708018175,
0.0167423212173517,0.0244075170023831,0.031378683354185,0.0350894248244856),
 .UNSPECIFIED.);
#307=B_SPLINE_CURVE_WITH_KNOTS('',3,(#3802,#3803,#3804,#3805,#3806,#3807),
 .UNSPECIFIED.,.F.,.F.,(4,1,1,4),(133.894023955459,134.603473206283,135.401694075953,
136.199914945623),.UNSPECIFIED.);
#308=B_SPLINE_CURVE_WITH_KNOTS('',3,(#3808,#3809,#3810,#3811,#3812,#3813,
#3814,#3815,#3816,#3817,#3818,#3819,#3820),.UNSPECIFIED.,.F.,.F.,(4,3,3,
3,4),(0.,0.00841256506496751,0.0160993495660192,0.0256710809896922,0.0323647279024271),
 .UNSPECIFIED.);
#309=B_SPLINE_CURVE_WITH_KNOTS('',3,(#3847,#3848,#3849,#3850,#3851,#3852,
#3853,#3854,#3855,#3856,#3857,#3858,#3859,#3860,#3861,#3862),
 .UNSPECIFIED.,.F.,.F.,(4,3,3,3,3,4),(0.,0.000558947701575653,0.0109545169329131,
0.0169980104558187,0.0258386545300353,0.0327081416138996),.UNSPECIFIED.);
#310=B_SPLINE_CURVE_WITH_KNOTS('',3,(#3864,#3865,#3866,#3867,#3868,#3869),
 .UNSPECIFIED.,.F.,.F.,(4,1,1,4),(137.139650952993,137.858145367594,138.576639782195,
139.295134196796),.UNSPECIFIED.);
#311=B_SPLINE_CURVE_WITH_KNOTS('',3,(#3871,#3872,#3873,#3874,#3875,#3876,
#3877,#3878,#3879,#3880,#3881,#3882,#3883),.UNSPECIFIED.,.F.,.F.,(4,3,3,
3,4),(0.,0.0127326584897997,0.0174759903579595,0.0327391608701196,0.0350724498011292),
 .UNSPECIFIED.);
#312=B_SPLINE_CURVE_WITH_KNOTS('',3,(#3884,#3885,#3886,#3887,#3888,#3889,
#3890,#3891,#3892,#3893),.UNSPECIFIED.,.F.,.F.,(4,3,3,4),(122.792549998811,
123.459745240622,124.178239655223,124.802389836868),.UNSPECIFIED.);
#313=B_SPLINE_CURVE_WITH_KNOTS('',3,(#3895,#3896,#3897,#3898,#3899,#3900,
#3901,#3902,#3903,#3904,#3905),.UNSPECIFIED.,.F.,.F.,(4,1,1,1,1,1,1,1,4),
(15.7079632679489,15.8361636249067,16.8313642152385,17.8265648055704,18.8217653959022,
19.8169659862341,20.8121665765659,21.8073671668977,21.9911485751284),
 .UNSPECIFIED.);
#314=B_SPLINE_CURVE_WITH_KNOTS('',3,(#3908,#3909,#3910,#3911),
 .UNSPECIFIED.,.F.,.F.,(4,4),(-0.183770733617919,-0.178193866351939),
 .UNSPECIFIED.);
#315=B_SPLINE_CURVE_WITH_KNOTS('',3,(#3913,#3914,#3915,#3916,#3917,#3918),
 .UNSPECIFIED.,.F.,.F.,(4,1,1,4),(133.918483067266,134.674891788877,135.431300510488,
136.187709232099),.UNSPECIFIED.);
#316=B_SPLINE_CURVE_WITH_KNOTS('',3,(#3919,#3920,#3921,#3922,#3923,#3924),
 .UNSPECIFIED.,.F.,.F.,(4,2,4),(0.199616580241692,0.201516388987952,0.203849530079168),
 .UNSPECIFIED.);
#317=B_SPLINE_CURVE_WITH_KNOTS('',3,(#3927,#3928,#3929,#3930),
 .UNSPECIFIED.,.F.,.F.,(4,4),(0.0187709032130096,0.0230097958792068),
 .UNSPECIFIED.);
#318=B_SPLINE_CURVE_WITH_KNOTS('',3,(#3932,#3933,#3934,#3935,#3936,#3937),
 .UNSPECIFIED.,.F.,.F.,(4,1,1,4),(137.148759247057,137.863666215241,138.578573183426,
139.29348015161),.UNSPECIFIED.);
#319=B_SPLINE_CURVE_WITH_KNOTS('',3,(#3938,#3939,#3940,#3941),
 .UNSPECIFIED.,.F.,.F.,(4,4),(-0.00604910256670618,-0.00195237467998223),
 .UNSPECIFIED.);
#320=B_SPLINE_CURVE_WITH_KNOTS('',3,(#4430,#4431,#4432,#4433,#4434,#4435),
 .UNSPECIFIED.,.F.,.F.,(4,2,4),(0.,0.0135533582043422,0.0453143793637206),
 .UNSPECIFIED.);
#321=B_SPLINE_CURVE_WITH_KNOTS('',3,(#4436,#4437,#4438,#4439,#4440,#4441,
#4442,#4443,#4444,#4445,#4446,#4447,#4448,#4449,#4450,#4451,#4452,#4453,
#4454,#4455,#4456,#4457,#4458,#4459,#4460,#4461,#4462,#4463,#4464,#4465,
#4466,#4467,#4468,#4469,#4470,#4471,#4472,#4473,#4474,#4475,#4476,#4477,
#4478,#4479,#4480,#4481,#4482,#4483,#4484,#4485,#4486,#4487,#4488,#4489,
#4490,#4491,#4492,#4493,#4494,#4495,#4496,#4497,#4498,#4499,#4500,#4501,
#4502,#4503,#4504,#4505,#4506,#4507,#4508,#4509,#4510,#4511,#4512,#4513,
#4514,#4515,#4516,#4517),.UNSPECIFIED.,.F.,.F.,(4,3,3,3,3,3,3,3,3,3,3,3,
3,3,3,3,3,3,3,3,3,3,3,3,3,3,3,4),(0.,0.0151386065147596,0.0309580067989772,
0.0437951674770576,0.0497184132386428,0.0529146057362711,0.0692406416013026,
0.0858458092932207,0.0977981800258206,0.101769719663795,0.104606490404413,
0.121684456197963,0.13365529222362,0.150296246814052,0.154914345359707,
0.158607739552853,0.175633568932265,0.193067990816722,0.203995783387766,
0.209162057664525,0.212670710858727,0.215921647033706,0.233921155501799,
0.246732647980648,0.25138691472351,0.269574772425238,0.28049033138508,0.28514280399515),
 .UNSPECIFIED.);
#322=B_SPLINE_CURVE_WITH_KNOTS('',3,(#4518,#4519,#4520,#4521,#4522,#4523,
#4524,#4525,#4526,#4527,#4528,#4529,#4530,#4531,#4532,#4533,#4534,#4535,
#4536,#4537,#4538,#4539,#4540,#4541,#4542),.UNSPECIFIED.,.F.,.F.,(4,3,3,
3,3,3,3,3,4),(-10.1357873115492,-9.95200590331844,-8.9568053129866,-7.96160472265476,
-6.96640413232291,-5.97120354199107,-4.97600295165922,-3.98080236132738,
-3.85260200436958),.UNSPECIFIED.);
#323=B_SPLINE_CURVE_WITH_KNOTS('',3,(#4568,#4569,#4570,#4571,#4572,#4573,
#4574,#4575,#4576,#4577,#4578,#4579,#4580),.UNSPECIFIED.,.F.,.F.,(4,3,3,
3,4),(0.,0.0159033791421223,0.0200712352951523,0.0367533179141866,0.0402759291953109),
 .UNSPECIFIED.);
#324=B_SPLINE_CURVE_WITH_KNOTS('',3,(#4582,#4583,#4584,#4585,#4586,#4587,
#4588,#4589,#4590,#4591,#4592,#4593,#4594,#4595,#4596,#4597,#4598,#4599,
#4600,#4601,#4602,#4603,#4604,#4605,#4606,#4607,#4608,#4609),
 .UNSPECIFIED.,.F.,.F.,(4,3,3,3,3,3,3,3,3,4),(0.,0.000292102861591649,0.00954405003310941,
0.0189118025883342,0.0241274594703538,0.0319529347980449,0.0370553114807905,
0.0440048959027802,0.0508269468441701,0.0527238473287888),.UNSPECIFIED.);
#325=B_SPLINE_CURVE_WITH_KNOTS('',3,(#4610,#4611,#4612,#4613,#4614,#4615,
#4616,#4617,#4618,#4619),.UNSPECIFIED.,.F.,.F.,(4,3,3,4),(-121.116055577256,
-120.41844706208,-119.540060982632,-118.950076313146),.UNSPECIFIED.);
#326=B_SPLINE_CURVE_WITH_KNOTS('',3,(#4645,#4646,#4647,#4648,#4649,#4650,
#4651,#4652,#4653,#4654,#4655,#4656,#4657,#4658,#4659,#4660),
 .UNSPECIFIED.,.F.,.F.,(4,3,3,3,3,4),(0.,0.000642369020673077,0.0181125978777568,
0.0216238630094149,0.0374748079850696,0.0418041374866072),.UNSPECIFIED.);
#327=B_SPLINE_CURVE_WITH_KNOTS('',3,(#4662,#4663,#4664,#4665,#4666,#4667,
#4668,#4669,#4670,#4671),.UNSPECIFIED.,.F.,.F.,(4,3,3,4),(-124.178168737879,
-123.575939246909,-122.819530525298,-122.248044848563),.UNSPECIFIED.);
#328=B_SPLINE_CURVE_WITH_KNOTS('',3,(#4672,#4673,#4674,#4675,#4676,#4677,
#4678,#4679,#4680,#4681,#4682,#4683,#4684),.UNSPECIFIED.,.F.,.F.,(4,3,3,
3,4),(0.,0.0140149690093913,0.0189492760376092,0.0316835699026831,0.0381990402479034),
 .UNSPECIFIED.);
#329=B_SPLINE_CURVE_WITH_KNOTS('',3,(#4710,#4711,#4712,#4713,#4714,#4715,
#4716,#4717,#4718,#4719,#4720,#4721,#4722,#4723,#4724,#4725),
 .UNSPECIFIED.,.F.,.F.,(4,3,3,3,3,4),(0.,0.000575015361910767,0.014645245812335,
0.0199141355945921,0.0364384330702753,0.0385166188723959),.UNSPECIFIED.);
#330=B_SPLINE_CURVE_WITH_KNOTS('',3,(#4727,#4728,#4729,#4730),
 .UNSPECIFIED.,.F.,.F.,(4,4),(-125.663706143592,-125.438637420154),
 .UNSPECIFIED.);
#331=B_SPLINE_CURVE_WITH_KNOTS('',3,(#4732,#4733,#4734,#4735,#4736,#4737,
#4738,#4739,#4740,#4741,#4742,#4743,#4744,#4745,#4746,#4747,#4748,#4749,
#4750,#4751,#4752,#4753,#4754,#4755,#4756,#4757,#4758,#4759,#4760,#4761,
#4762,#4763,#4764,#4765,#4766,#4767,#4768,#4769,#4770,#4771,#4772,#4773,
#4774,#4775,#4776,#4777,#4778,#4779,#4780,#4781,#4782,#4783,#4784,#4785,
#4786,#4787,#4788,#4789,#4790,#4791,#4792,#4793,#4794,#4795,#4796,#4797,
#4798),.UNSPECIFIED.,.F.,.F.,(4,3,3,3,3,3,3,3,3,3,3,3,3,3,3,3,3,3,3,3,3,
3,4),(-0.245487342324029,-0.227616884804032,-0.217009607181326,-0.213018214712858,
-0.209293619892402,-0.191835084797939,-0.17458134489946,-0.158670004360919,
-0.15434514047551,-0.142758663822379,-0.12576394526839,-0.108847501879286,
-0.104543984345827,-0.100168001341195,-0.0836795164798425,-0.0674046272920649,
-0.0560936870226347,-0.0519453222128409,-0.0480752974943525,-0.0447827467532046,
-0.0288160494791736,-0.0128793687386335,0.),.UNSPECIFIED.);
#332=B_SPLINE_CURVE_WITH_KNOTS('',3,(#4799,#4800,#4801,#4802),
 .UNSPECIFIED.,.F.,.F.,(4,4),(0.,0.00456473371569061),.UNSPECIFIED.);
#333=B_SPLINE_CURVE_WITH_KNOTS('',3,(#4825,#4826,#4827,#4828,#4829,#4830,
#4831,#4832,#4833,#4834),.UNSPECIFIED.,.F.,.F.,(4,3,3,4),(0.00456481833584694,
0.0180559955807234,0.0302370935284136,0.0356126723694628),.UNSPECIFIED.);
#334=B_SPLINE_CURVE_WITH_KNOTS('',3,(#4836,#4837,#4838,#4839,#4840,#4841,
#4842,#4843,#4844,#4845,#4846,#4847,#4848,#4849,#4850,#4851,#4852,#4853,
#4854,#4855,#4856,#4857,#4858,#4859,#4860,#4861,#4862,#4863,#4864,#4865,
#4866,#4867,#4868,#4869,#4870,#4871,#4872,#4873,#4874,#4875,#4876,#4877,
#4878,#4879,#4880,#4881,#4882,#4883,#4884,#4885,#4886,#4887,#4888,#4889,
#4890,#4891,#4892,#4893,#4894,#4895,#4896,#4897,#4898,#4899,#4900,#4901,
#4902,#4903,#4904,#4905,#4906,#4907,#4908),.UNSPECIFIED.,.F.,.F.,(4,3,3,
3,3,3,3,3,3,3,3,3,3,3,3,3,3,3,3,3,3,3,3,3,4),(-0.286347380332279,-0.270773517564901,
-0.256787682051942,-0.253008953538022,-0.236863546270199,-0.228309161355417,
-0.223901822004231,-0.220545801323116,-0.203851591181637,-0.187094195174939,
-0.177761331063442,-0.171650022360293,-0.168974259364433,-0.168428466951945,
-0.151829734585142,-0.134828535702152,-0.122962919053375,-0.118557613433854,
-0.115540133438271,-0.0981533287136326,-0.0804247526589901,-0.062848974233221,
-0.0590898097271818,-0.0561720267308856,-0.0399036025119294),
 .UNSPECIFIED.);
#335=B_SPLINE_CURVE_WITH_KNOTS('',3,(#4909,#4910,#4911,#4912,#4913,#4914,
#4915),.UNSPECIFIED.,.F.,.F.,(4,3,4),(126.0259557953,126.803793760162,127.684278635349),
 .UNSPECIFIED.);
#336=B_SPLINE_CURVE_WITH_KNOTS('',3,(#4917,#4918,#4919,#4920,#4921,#4922),
 .UNSPECIFIED.,.F.,.F.,(4,2,4),(0.428921452367105,0.436715090313126,0.44307634931265),
 .UNSPECIFIED.);
#337=B_SPLINE_CURVE_WITH_KNOTS('',3,(#4923,#4924,#4925,#4926,#4927,#4928),
 .UNSPECIFIED.,.F.,.F.,(4,2,4),(0.0401335088394512,0.0584186603251303,0.059003683468109),
 .UNSPECIFIED.);
#338=B_SPLINE_CURVE_WITH_KNOTS('',3,(#4932,#4933,#4934,#4935),
 .UNSPECIFIED.,.F.,.F.,(4,4),(0.,0.00178686279686347),.UNSPECIFIED.);
#339=B_SPLINE_CURVE_WITH_KNOTS('',3,(#4940,#4941,#4942,#4943),
 .UNSPECIFIED.,.F.,.F.,(4,4),(0.221249863254009,0.232962210237846),
 .UNSPECIFIED.);
#340=B_SPLINE_CURVE_WITH_KNOTS('',3,(#4944,#4945,#4946,#4947),
 .UNSPECIFIED.,.F.,.F.,(4,4),(0.246034415342123,0.260204160380855),
 .UNSPECIFIED.);
#341=LINE('',#1749,#414);
#342=LINE('',#1775,#415);
#343=LINE('',#1834,#416);
#344=LINE('',#1885,#417);
#345=LINE('',#1936,#418);
#346=LINE('',#1984,#419);
#347=LINE('',#2035,#420);
#348=LINE('',#2083,#421);
#349=LINE('',#2134,#422);
#350=LINE('',#2182,#423);
#351=LINE('',#2233,#424);
#352=LINE('',#2284,#425);
#353=LINE('',#2332,#426);
#354=LINE('',#2383,#427);
#355=LINE('',#2431,#428);
#356=LINE('',#2482,#429);
#357=LINE('',#2533,#430);
#358=LINE('',#2581,#431);
#359=LINE('',#2632,#432);
#360=LINE('',#2671,#433);
#361=LINE('',#2710,#434);
#362=LINE('',#2734,#435);
#363=LINE('',#2760,#436);
#364=LINE('',#2784,#437);
#365=LINE('',#2808,#438);
#366=LINE('',#2833,#439);
#367=LINE('',#2858,#440);
#368=LINE('',#2882,#441);
#369=LINE('',#2906,#442);
#370=LINE('',#2932,#443);
#371=LINE('',#2956,#444);
#372=LINE('',#2980,#445);
#373=LINE('',#3005,#446);
#374=LINE('',#3030,#447);
#375=LINE('',#3054,#448);
#376=LINE('',#3079,#449);
#377=LINE('',#3104,#450);
#378=LINE('',#3128,#451);
#379=LINE('',#4953,#452);
#380=LINE('',#4956,#453);
#381=LINE('',#4959,#454);
#382=LINE('',#4961,#455);
#383=LINE('',#4963,#456);
#384=LINE('',#4965,#457);
#385=LINE('',#4967,#458);
#386=LINE('',#4969,#459);
#387=LINE('',#4970,#460);
#388=LINE('',#4975,#461);
#389=LINE('',#4979,#462);
#390=LINE('',#4983,#463);
#391=LINE('',#4995,#464);
#392=LINE('',#4996,#465);
#393=LINE('',#4999,#466);
#394=LINE('',#5001,#467);
#395=LINE('',#5003,#468);
#396=LINE('',#5005,#469);
#397=LINE('',#5007,#470);
#398=LINE('',#5008,#471);
#399=LINE('',#5013,#472);
#400=LINE('',#5017,#473);
#401=LINE('',#5019,#474);
#402=LINE('',#5023,#475);
#403=LINE('',#5025,#476);
#404=LINE('',#5027,#477);
#405=LINE('',#5029,#478);
#406=LINE('',#5033,#479);
#407=LINE('',#5036,#480);
#408=LINE('',#5040,#481);
#409=LINE('',#5041,#482);
#410=LINE('',#5043,#483);
#411=LINE('',#5045,#484);
#412=LINE('',#5047,#485);
#413=LINE('',#5049,#486);
#414=VECTOR('',#1502,1.4);
#415=VECTOR('',#1505,1.4);
#416=VECTOR('',#1508,1.4);
#417=VECTOR('',#1511,1.4);
#418=VECTOR('',#1514,1.4);
#419=VECTOR('',#1517,1.4);
#420=VECTOR('',#1520,1.4);
#421=VECTOR('',#1523,1.4);
#422=VECTOR('',#1526,1.4);
#423=VECTOR('',#1529,1.4);
#424=VECTOR('',#1532,1.4);
#425=VECTOR('',#1535,1.4);
#426=VECTOR('',#1538,1.4);
#427=VECTOR('',#1541,1.4);
#428=VECTOR('',#1544,1.4);
#429=VECTOR('',#1547,1.4);
#430=VECTOR('',#1550,1.4);
#431=VECTOR('',#1553,1.4);
#432=VECTOR('',#1556,1.4);
#433=VECTOR('',#1561,1.54300000000001);
#434=VECTOR('',#1564,1.54300000000001);
#435=VECTOR('',#1567,1.54300000000001);
#436=VECTOR('',#1570,1.54300000000001);
#437=VECTOR('',#1573,1.54300000000001);
#438=VECTOR('',#1576,1.54300000000001);
#439=VECTOR('',#1579,1.54300000000001);
#440=VECTOR('',#1582,1.54300000000001);
#441=VECTOR('',#1585,1.54300000000001);
#442=VECTOR('',#1588,1.54300000000001);
#443=VECTOR('',#1591,1.54300000000001);
#444=VECTOR('',#1594,1.54300000000001);
#445=VECTOR('',#1597,1.54300000000001);
#446=VECTOR('',#1600,1.54300000000001);
#447=VECTOR('',#1603,1.54300000000001);
#448=VECTOR('',#1606,1.54300000000001);
#449=VECTOR('',#1609,1.54300000000001);
#450=VECTOR('',#1612,1.54300000000001);
#451=VECTOR('',#1615,1.54300000000001);
#452=VECTOR('',#1640,10.);
#453=VECTOR('',#1643,10.);
#454=VECTOR('',#1646,10.);
#455=VECTOR('',#1647,10.);
#456=VECTOR('',#1648,10.);
#457=VECTOR('',#1649,10.);
#458=VECTOR('',#1650,10.);
#459=VECTOR('',#1651,10.);
#460=VECTOR('',#1652,10.);
#461=VECTOR('',#1657,10.);
#462=VECTOR('',#1660,10.);
#463=VECTOR('',#1663,10.);
#464=VECTOR('',#1676,10.);
#465=VECTOR('',#1677,10.);
#466=VECTOR('',#1680,10.);
#467=VECTOR('',#1681,10.);
#468=VECTOR('',#1682,10.);
#469=VECTOR('',#1683,10.);
#470=VECTOR('',#1684,10.);
#471=VECTOR('',#1685,10.);
#472=VECTOR('',#1690,10.);
#473=VECTOR('',#1695,10.);
#474=VECTOR('',#1698,10.);
#475=VECTOR('',#1703,10.);
#476=VECTOR('',#1706,10.);
#477=VECTOR('',#1709,10.);
#478=VECTOR('',#1712,1.5);
#479=VECTOR('',#1717,1.5);
#480=VECTOR('',#1720,3.);
#481=VECTOR('',#1727,0.75);
#482=VECTOR('',#1728,0.75);
#483=VECTOR('',#1731,10.);
#484=VECTOR('',#1734,10.);
#485=VECTOR('',#1737,10.);
#486=VECTOR('',#1740,10.);
#487=VERTEX_POINT('',#1747);
#488=VERTEX_POINT('',#1748);
#489=VERTEX_POINT('',#1750);
#490=VERTEX_POINT('',#1758);
#491=VERTEX_POINT('',#1773);
#492=VERTEX_POINT('',#1774);
#493=VERTEX_POINT('',#1776);
#494=VERTEX_POINT('',#1793);
#495=VERTEX_POINT('',#1832);
#496=VERTEX_POINT('',#1833);
#497=VERTEX_POINT('',#1883);
#498=VERTEX_POINT('',#1884);
#499=VERTEX_POINT('',#1934);
#500=VERTEX_POINT('',#1935);
#501=VERTEX_POINT('',#1982);
#502=VERTEX_POINT('',#1983);
#503=VERTEX_POINT('',#2033);
#504=VERTEX_POINT('',#2034);
#505=VERTEX_POINT('',#2081);
#506=VERTEX_POINT('',#2082);
#507=VERTEX_POINT('',#2132);
#508=VERTEX_POINT('',#2133);
#509=VERTEX_POINT('',#2180);
#510=VERTEX_POINT('',#2181);
#511=VERTEX_POINT('',#2231);
#512=VERTEX_POINT('',#2232);
#513=VERTEX_POINT('',#2282);
#514=VERTEX_POINT('',#2283);
#515=VERTEX_POINT('',#2330);
#516=VERTEX_POINT('',#2331);
#517=VERTEX_POINT('',#2381);
#518=VERTEX_POINT('',#2382);
#519=VERTEX_POINT('',#2429);
#520=VERTEX_POINT('',#2430);
#521=VERTEX_POINT('',#2480);
#522=VERTEX_POINT('',#2481);
#523=VERTEX_POINT('',#2531);
#524=VERTEX_POINT('',#2532);
#525=VERTEX_POINT('',#2579);
#526=VERTEX_POINT('',#2580);
#527=VERTEX_POINT('',#2630);
#528=VERTEX_POINT('',#2631);
#529=VERTEX_POINT('',#2633);
#530=VERTEX_POINT('',#2647);
#531=VERTEX_POINT('',#2669);
#532=VERTEX_POINT('',#2670);
#533=VERTEX_POINT('',#2672);
#534=VERTEX_POINT('',#2678);
#535=VERTEX_POINT('',#2685);
#536=VERTEX_POINT('',#2692);
#537=VERTEX_POINT('',#2708);
#538=VERTEX_POINT('',#2709);
#539=VERTEX_POINT('',#2732);
#540=VERTEX_POINT('',#2733);
#541=VERTEX_POINT('',#2758);
#542=VERTEX_POINT('',#2759);
#543=VERTEX_POINT('',#2782);
#544=VERTEX_POINT('',#2783);
#545=VERTEX_POINT('',#2806);
#546=VERTEX_POINT('',#2807);
#547=VERTEX_POINT('',#2831);
#548=VERTEX_POINT('',#2832);
#549=VERTEX_POINT('',#2856);
#550=VERTEX_POINT('',#2857);
#551=VERTEX_POINT('',#2880);
#552=VERTEX_POINT('',#2881);
#553=VERTEX_POINT('',#2904);
#554=VERTEX_POINT('',#2905);
#555=VERTEX_POINT('',#2930);
#556=VERTEX_POINT('',#2931);
#557=VERTEX_POINT('',#2954);
#558=VERTEX_POINT('',#2955);
#559=VERTEX_POINT('',#2978);
#560=VERTEX_POINT('',#2979);
#561=VERTEX_POINT('',#3003);
#562=VERTEX_POINT('',#3004);
#563=VERTEX_POINT('',#3028);
#564=VERTEX_POINT('',#3029);
#565=VERTEX_POINT('',#3052);
#566=VERTEX_POINT('',#3053);
#567=VERTEX_POINT('',#3077);
#568=VERTEX_POINT('',#3078);
#569=VERTEX_POINT('',#3102);
#570=VERTEX_POINT('',#3103);
#571=VERTEX_POINT('',#3126);
#572=VERTEX_POINT('',#3127);
#573=VERTEX_POINT('',#3129);
#574=VERTEX_POINT('',#3135);
#575=VERTEX_POINT('',#3781);
#576=VERTEX_POINT('',#3801);
#577=VERTEX_POINT('',#3845);
#578=VERTEX_POINT('',#3846);
#579=VERTEX_POINT('',#3863);
#580=VERTEX_POINT('',#3870);
#581=VERTEX_POINT('',#3907);
#582=VERTEX_POINT('',#3912);
#583=VERTEX_POINT('',#3926);
#584=VERTEX_POINT('',#3931);
#585=VERTEX_POINT('',#4567);
#586=VERTEX_POINT('',#4581);
#587=VERTEX_POINT('',#4644);
#588=VERTEX_POINT('',#4661);
#589=VERTEX_POINT('',#4709);
#590=VERTEX_POINT('',#4726);
#591=VERTEX_POINT('',#4731);
#592=VERTEX_POINT('',#4823);
#593=VERTEX_POINT('',#4824);
#594=VERTEX_POINT('',#4835);
#595=VERTEX_POINT('',#4931);
#596=VERTEX_POINT('',#4938);
#597=VERTEX_POINT('',#4949);
#598=VERTEX_POINT('',#4950);
#599=VERTEX_POINT('',#4952);
#600=VERTEX_POINT('',#4954);
#601=VERTEX_POINT('',#4958);
#602=VERTEX_POINT('',#4960);
#603=VERTEX_POINT('',#4962);
#604=VERTEX_POINT('',#4964);
#605=VERTEX_POINT('',#4966);
#606=VERTEX_POINT('',#4968);
#607=VERTEX_POINT('',#4971);
#608=VERTEX_POINT('',#4974);
#609=VERTEX_POINT('',#4976);
#610=VERTEX_POINT('',#4978);
#611=VERTEX_POINT('',#4980);
#612=VERTEX_POINT('',#4982);
#613=VERTEX_POINT('',#4985);
#614=VERTEX_POINT('',#4987);
#615=VERTEX_POINT('',#4989);
#616=VERTEX_POINT('',#4992);
#617=VERTEX_POINT('',#4993);
#618=VERTEX_POINT('',#4998);
#619=VERTEX_POINT('',#5000);
#620=VERTEX_POINT('',#5002);
#621=VERTEX_POINT('',#5004);
#622=VERTEX_POINT('',#5006);
#623=VERTEX_POINT('',#5009);
#624=VERTEX_POINT('',#5012);
#625=VERTEX_POINT('',#5016);
#626=VERTEX_POINT('',#5020);
#627=VERTEX_POINT('',#5031);
#628=VERTEX_POINT('',#5035);
#629=EDGE_CURVE('',#487,#488,#341,.T.);
#630=EDGE_CURVE('',#488,#489,#220,.T.);
#631=EDGE_CURVE('',#490,#489,#221,.T.);
#632=EDGE_CURVE('',#490,#487,#222,.T.);
#633=EDGE_CURVE('',#491,#492,#342,.T.);
#634=EDGE_CURVE('',#492,#493,#223,.T.);
#635=EDGE_CURVE('',#494,#493,#224,.T.);
#636=EDGE_CURVE('',#494,#488,#225,.T.);
#637=EDGE_CURVE('',#487,#491,#226,.T.);
#638=EDGE_CURVE('',#495,#496,#343,.T.);
#639=EDGE_CURVE('',#496,#492,#227,.T.);
#640=EDGE_CURVE('',#491,#495,#228,.T.);
#641=EDGE_CURVE('',#497,#498,#344,.T.);
#642=EDGE_CURVE('',#498,#496,#229,.T.);
#643=EDGE_CURVE('',#495,#497,#230,.T.);
#644=EDGE_CURVE('',#499,#500,#345,.T.);
#645=EDGE_CURVE('',#500,#498,#231,.T.);
#646=EDGE_CURVE('',#497,#499,#232,.T.);
#647=EDGE_CURVE('',#501,#502,#346,.T.);
#648=EDGE_CURVE('',#502,#500,#233,.T.);
#649=EDGE_CURVE('',#499,#501,#234,.T.);
#650=EDGE_CURVE('',#503,#504,#347,.T.);
#651=EDGE_CURVE('',#504,#502,#235,.T.);
#652=EDGE_CURVE('',#501,#503,#236,.T.);
#653=EDGE_CURVE('',#505,#506,#348,.T.);
#654=EDGE_CURVE('',#506,#504,#237,.T.);
#655=EDGE_CURVE('',#503,#505,#238,.T.);
#656=EDGE_CURVE('',#507,#508,#349,.T.);
#657=EDGE_CURVE('',#508,#506,#239,.T.);
#658=EDGE_CURVE('',#505,#507,#240,.T.);
#659=EDGE_CURVE('',#509,#510,#350,.T.);
#660=EDGE_CURVE('',#510,#508,#241,.T.);
#661=EDGE_CURVE('',#507,#509,#242,.T.);
#662=EDGE_CURVE('',#511,#512,#351,.T.);
#663=EDGE_CURVE('',#512,#510,#243,.T.);
#664=EDGE_CURVE('',#509,#511,#244,.T.);
#665=EDGE_CURVE('',#513,#514,#352,.T.);
#666=EDGE_CURVE('',#514,#512,#245,.T.);
#667=EDGE_CURVE('',#511,#513,#246,.T.);
#668=EDGE_CURVE('',#515,#516,#353,.T.);
#669=EDGE_CURVE('',#516,#514,#247,.T.);
#670=EDGE_CURVE('',#513,#515,#248,.T.);
#671=EDGE_CURVE('',#517,#518,#354,.T.);
#672=EDGE_CURVE('',#518,#516,#249,.T.);
#673=EDGE_CURVE('',#515,#517,#250,.T.);
#674=EDGE_CURVE('',#519,#520,#355,.T.);
#675=EDGE_CURVE('',#520,#518,#251,.T.);
#676=EDGE_CURVE('',#517,#519,#252,.T.);
#677=EDGE_CURVE('',#521,#522,#356,.T.);
#678=EDGE_CURVE('',#522,#520,#253,.T.);
#679=EDGE_CURVE('',#519,#521,#254,.T.);
#680=EDGE_CURVE('',#523,#524,#357,.T.);
#681=EDGE_CURVE('',#524,#522,#255,.T.);
#682=EDGE_CURVE('',#521,#523,#256,.T.);
#683=EDGE_CURVE('',#525,#526,#358,.T.);
#684=EDGE_CURVE('',#526,#524,#257,.T.);
#685=EDGE_CURVE('',#523,#525,#258,.T.);
#686=EDGE_CURVE('',#527,#528,#359,.T.);
#687=EDGE_CURVE('',#527,#529,#259,.T.);
#688=EDGE_CURVE('',#530,#529,#44,.T.);
#689=EDGE_CURVE('',#530,#528,#260,.T.);
#690=EDGE_CURVE('',#531,#532,#360,.T.);
#691=EDGE_CURVE('',#532,#533,#261,.T.);
#692=EDGE_CURVE('',#534,#533,#262,.T.);
#693=EDGE_CURVE('',#534,#535,#263,.T.);
#694=EDGE_CURVE('',#536,#535,#264,.T.);
#695=EDGE_CURVE('',#531,#536,#265,.T.);
#696=EDGE_CURVE('',#537,#538,#361,.T.);
#697=EDGE_CURVE('',#538,#532,#266,.T.);
#698=EDGE_CURVE('',#537,#531,#267,.T.);
#699=EDGE_CURVE('',#539,#540,#362,.T.);
#700=EDGE_CURVE('',#540,#538,#268,.T.);
#701=EDGE_CURVE('',#539,#537,#269,.T.);
#702=EDGE_CURVE('',#541,#542,#363,.T.);
#703=EDGE_CURVE('',#542,#540,#270,.T.);
#704=EDGE_CURVE('',#541,#539,#271,.T.);
#705=EDGE_CURVE('',#543,#544,#364,.T.);
#706=EDGE_CURVE('',#544,#542,#272,.T.);
#707=EDGE_CURVE('',#543,#541,#273,.T.);
#708=EDGE_CURVE('',#545,#546,#365,.T.);
#709=EDGE_CURVE('',#546,#544,#274,.T.);
#710=EDGE_CURVE('',#545,#543,#275,.T.);
#711=EDGE_CURVE('',#547,#548,#366,.T.);
#712=EDGE_CURVE('',#548,#546,#276,.T.);
#713=EDGE_CURVE('',#547,#545,#277,.T.);
#714=EDGE_CURVE('',#549,#550,#367,.T.);
#715=EDGE_CURVE('',#550,#548,#278,.T.);
#716=EDGE_CURVE('',#549,#547,#279,.T.);
#717=EDGE_CURVE('',#551,#552,#368,.T.);
#718=EDGE_CURVE('',#552,#550,#280,.T.);
#719=EDGE_CURVE('',#551,#549,#281,.T.);
#720=EDGE_CURVE('',#553,#554,#369,.T.);
#721=EDGE_CURVE('',#554,#552,#282,.T.);
#722=EDGE_CURVE('',#553,#551,#283,.T.);
#723=EDGE_CURVE('',#555,#556,#370,.T.);
#724=EDGE_CURVE('',#556,#554,#284,.T.);
#725=EDGE_CURVE('',#555,#553,#285,.T.);
#726=EDGE_CURVE('',#557,#558,#371,.T.);
#727=EDGE_CURVE('',#558,#556,#286,.T.);
#728=EDGE_CURVE('',#557,#555,#287,.T.);
#729=EDGE_CURVE('',#559,#560,#372,.T.);
#730=EDGE_CURVE('',#560,#558,#288,.T.);
#731=EDGE_CURVE('',#559,#557,#289,.T.);
#732=EDGE_CURVE('',#561,#562,#373,.T.);
#733=EDGE_CURVE('',#562,#560,#290,.T.);
#734=EDGE_CURVE('',#561,#559,#291,.T.);
#735=EDGE_CURVE('',#563,#564,#374,.T.);
#736=EDGE_CURVE('',#564,#562,#292,.T.);
#737=EDGE_CURVE('',#563,#561,#293,.T.);
#738=EDGE_CURVE('',#565,#566,#375,.T.);
#739=EDGE_CURVE('',#566,#564,#294,.T.);
#740=EDGE_CURVE('',#565,#563,#295,.T.);
#741=EDGE_CURVE('',#567,#568,#376,.T.);
#742=EDGE_CURVE('',#568,#566,#296,.T.);
#743=EDGE_CURVE('',#567,#565,#297,.T.);
#744=EDGE_CURVE('',#569,#570,#377,.T.);
#745=EDGE_CURVE('',#570,#568,#298,.T.);
#746=EDGE_CURVE('',#569,#567,#299,.T.);
#747=EDGE_CURVE('',#571,#572,#378,.T.);
#748=EDGE_CURVE('',#573,#571,#300,.T.);
#749=EDGE_CURVE('',#574,#573,#45,.T.);
#750=EDGE_CURVE('',#574,#572,#301,.T.);
#751=EDGE_CURVE('',#493,#536,#302,.T.);
#752=EDGE_CURVE('',#528,#526,#303,.T.);
#753=EDGE_CURVE('',#573,#530,#304,.T.);
#754=EDGE_CURVE('',#571,#569,#305,.T.);
#755=EDGE_CURVE('',#575,#494,#306,.T.);
#756=EDGE_CURVE('',#575,#576,#307,.T.);
#757=EDGE_CURVE('',#489,#576,#308,.T.);
#758=EDGE_CURVE('',#577,#578,#309,.T.);
#759=EDGE_CURVE('',#577,#579,#310,.T.);
#760=EDGE_CURVE('',#580,#579,#311,.T.);
#761=EDGE_CURVE('',#578,#580,#312,.T.);
#762=EDGE_CURVE('',#572,#570,#313,.T.);
#763=EDGE_CURVE('',#581,#575,#314,.T.);
#764=EDGE_CURVE('',#581,#582,#315,.T.);
#765=EDGE_CURVE('',#576,#582,#316,.T.);
#766=EDGE_CURVE('',#583,#577,#317,.T.);
#767=EDGE_CURVE('',#583,#584,#318,.T.);
#768=EDGE_CURVE('',#579,#584,#319,.T.);
#769=EDGE_CURVE('',#533,#490,#320,.T.);
#770=EDGE_CURVE('',#529,#574,#321,.T.);
#771=EDGE_CURVE('',#525,#527,#322,.T.);
#772=EDGE_CURVE('',#535,#585,#323,.T.);
#773=EDGE_CURVE('',#586,#534,#324,.T.);
#774=EDGE_CURVE('',#585,#586,#325,.T.);
#775=EDGE_CURVE('',#587,#581,#326,.T.);
#776=EDGE_CURVE('',#588,#587,#327,.T.);
#777=EDGE_CURVE('',#582,#588,#328,.T.);
#778=EDGE_CURVE('',#589,#583,#329,.T.);
#779=EDGE_CURVE('',#590,#589,#330,.T.);
#780=EDGE_CURVE('',#591,#590,#331,.T.);
#781=EDGE_CURVE('',#584,#591,#332,.T.);
#782=EDGE_CURVE('',#592,#593,#333,.T.);
#783=EDGE_CURVE('',#594,#592,#334,.T.);
#784=EDGE_CURVE('',#593,#594,#335,.T.);
#785=EDGE_CURVE('',#585,#580,#336,.T.);
#786=EDGE_CURVE('',#578,#586,#337,.T.);
#787=EDGE_CURVE('',#595,#589,#338,.T.);
#788=EDGE_CURVE('',#595,#590,#46,.T.);
#789=EDGE_CURVE('',#594,#596,#47,.T.);
#790=EDGE_CURVE('',#588,#596,#339,.T.);
#791=EDGE_CURVE('',#593,#587,#340,.T.);
#792=EDGE_CURVE('',#597,#598,#48,.T.);
#793=EDGE_CURVE('',#598,#599,#379,.T.);
#794=EDGE_CURVE('',#599,#600,#49,.T.);
#795=EDGE_CURVE('',#600,#597,#380,.T.);
#796=EDGE_CURVE('',#601,#600,#381,.T.);
#797=EDGE_CURVE('',#602,#601,#382,.T.);
#798=EDGE_CURVE('',#603,#602,#383,.T.);
#799=EDGE_CURVE('',#604,#603,#384,.T.);
#800=EDGE_CURVE('',#605,#604,#385,.T.);
#801=EDGE_CURVE('',#606,#605,#386,.T.);
#802=EDGE_CURVE('',#597,#606,#387,.T.);
#803=EDGE_CURVE('',#607,#607,#50,.T.);
#804=EDGE_CURVE('',#599,#608,#388,.T.);
#805=EDGE_CURVE('',#609,#608,#51,.T.);
#806=EDGE_CURVE('',#610,#609,#389,.T.);
#807=EDGE_CURVE('',#611,#610,#52,.T.);
#808=EDGE_CURVE('',#612,#611,#390,.T.);
#809=EDGE_CURVE('',#601,#612,#53,.T.);
#810=EDGE_CURVE('',#613,#613,#54,.T.);
#811=EDGE_CURVE('',#614,#614,#55,.T.);
#812=EDGE_CURVE('',#615,#615,#56,.T.);
#813=EDGE_CURVE('',#616,#617,#57,.T.);
#814=EDGE_CURVE('',#617,#609,#391,.T.);
#815=EDGE_CURVE('',#608,#616,#392,.T.);
#816=EDGE_CURVE('',#617,#618,#393,.T.);
#817=EDGE_CURVE('',#618,#619,#394,.T.);
#818=EDGE_CURVE('',#619,#620,#395,.T.);
#819=EDGE_CURVE('',#620,#621,#396,.T.);
#820=EDGE_CURVE('',#621,#622,#397,.T.);
#821=EDGE_CURVE('',#610,#622,#398,.T.);
#822=EDGE_CURVE('',#623,#623,#58,.T.);
#823=EDGE_CURVE('',#612,#624,#399,.T.);
#824=EDGE_CURVE('',#624,#602,#59,.T.);
#825=EDGE_CURVE('',#624,#625,#400,.T.);
#826=EDGE_CURVE('',#622,#625,#60,.T.);
#827=EDGE_CURVE('',#603,#621,#401,.T.);
#828=EDGE_CURVE('',#626,#626,#61,.T.);
#829=EDGE_CURVE('',#625,#611,#402,.T.);
#830=EDGE_CURVE('',#596,#592,#403,.T.);
#831=EDGE_CURVE('',#591,#595,#404,.T.);
#832=EDGE_CURVE('',#626,#615,#405,.T.);
#833=EDGE_CURVE('',#627,#627,#62,.T.);
#834=EDGE_CURVE('',#627,#614,#406,.T.);
#835=EDGE_CURVE('',#613,#628,#407,.T.);
#836=EDGE_CURVE('',#628,#628,#63,.T.);
#837=EDGE_CURVE('',#623,#595,#408,.T.);
#838=EDGE_CURVE('',#591,#607,#409,.T.);
#839=EDGE_CURVE('',#604,#620,#410,.T.);
#840=EDGE_CURVE('',#605,#619,#411,.T.);
#841=EDGE_CURVE('',#606,#618,#412,.T.);
#842=EDGE_CURVE('',#598,#616,#413,.T.);
#843=ORIENTED_EDGE('',*,*,#629,.T.);
#844=ORIENTED_EDGE('',*,*,#630,.T.);
#845=ORIENTED_EDGE('',*,*,#631,.F.);
#846=ORIENTED_EDGE('',*,*,#632,.T.);
#847=ORIENTED_EDGE('',*,*,#633,.T.);
#848=ORIENTED_EDGE('',*,*,#634,.T.);
#849=ORIENTED_EDGE('',*,*,#635,.F.);
#850=ORIENTED_EDGE('',*,*,#636,.T.);
#851=ORIENTED_EDGE('',*,*,#629,.F.);
#852=ORIENTED_EDGE('',*,*,#637,.T.);
#853=ORIENTED_EDGE('',*,*,#638,.T.);
#854=ORIENTED_EDGE('',*,*,#639,.T.);
#855=ORIENTED_EDGE('',*,*,#633,.F.);
#856=ORIENTED_EDGE('',*,*,#640,.T.);
#857=ORIENTED_EDGE('',*,*,#641,.T.);
#858=ORIENTED_EDGE('',*,*,#642,.T.);
#859=ORIENTED_EDGE('',*,*,#638,.F.);
#860=ORIENTED_EDGE('',*,*,#643,.T.);
#861=ORIENTED_EDGE('',*,*,#644,.T.);
#862=ORIENTED_EDGE('',*,*,#645,.T.);
#863=ORIENTED_EDGE('',*,*,#641,.F.);
#864=ORIENTED_EDGE('',*,*,#646,.T.);
#865=ORIENTED_EDGE('',*,*,#647,.T.);
#866=ORIENTED_EDGE('',*,*,#648,.T.);
#867=ORIENTED_EDGE('',*,*,#644,.F.);
#868=ORIENTED_EDGE('',*,*,#649,.T.);
#869=ORIENTED_EDGE('',*,*,#650,.T.);
#870=ORIENTED_EDGE('',*,*,#651,.T.);
#871=ORIENTED_EDGE('',*,*,#647,.F.);
#872=ORIENTED_EDGE('',*,*,#652,.T.);
#873=ORIENTED_EDGE('',*,*,#653,.T.);
#874=ORIENTED_EDGE('',*,*,#654,.T.);
#875=ORIENTED_EDGE('',*,*,#650,.F.);
#876=ORIENTED_EDGE('',*,*,#655,.T.);
#877=ORIENTED_EDGE('',*,*,#656,.T.);
#878=ORIENTED_EDGE('',*,*,#657,.T.);
#879=ORIENTED_EDGE('',*,*,#653,.F.);
#880=ORIENTED_EDGE('',*,*,#658,.T.);
#881=ORIENTED_EDGE('',*,*,#659,.T.);
#882=ORIENTED_EDGE('',*,*,#660,.T.);
#883=ORIENTED_EDGE('',*,*,#656,.F.);
#884=ORIENTED_EDGE('',*,*,#661,.T.);
#885=ORIENTED_EDGE('',*,*,#662,.T.);
#886=ORIENTED_EDGE('',*,*,#663,.T.);
#887=ORIENTED_EDGE('',*,*,#659,.F.);
#888=ORIENTED_EDGE('',*,*,#664,.T.);
#889=ORIENTED_EDGE('',*,*,#665,.T.);
#890=ORIENTED_EDGE('',*,*,#666,.T.);
#891=ORIENTED_EDGE('',*,*,#662,.F.);
#892=ORIENTED_EDGE('',*,*,#667,.T.);
#893=ORIENTED_EDGE('',*,*,#668,.T.);
#894=ORIENTED_EDGE('',*,*,#669,.T.);
#895=ORIENTED_EDGE('',*,*,#665,.F.);
#896=ORIENTED_EDGE('',*,*,#670,.T.);
#897=ORIENTED_EDGE('',*,*,#671,.T.);
#898=ORIENTED_EDGE('',*,*,#672,.T.);
#899=ORIENTED_EDGE('',*,*,#668,.F.);
#900=ORIENTED_EDGE('',*,*,#673,.T.);
#901=ORIENTED_EDGE('',*,*,#674,.T.);
#902=ORIENTED_EDGE('',*,*,#675,.T.);
#903=ORIENTED_EDGE('',*,*,#671,.F.);
#904=ORIENTED_EDGE('',*,*,#676,.T.);
#905=ORIENTED_EDGE('',*,*,#677,.T.);
#906=ORIENTED_EDGE('',*,*,#678,.T.);
#907=ORIENTED_EDGE('',*,*,#674,.F.);
#908=ORIENTED_EDGE('',*,*,#679,.T.);
#909=ORIENTED_EDGE('',*,*,#680,.T.);
#910=ORIENTED_EDGE('',*,*,#681,.T.);
#911=ORIENTED_EDGE('',*,*,#677,.F.);
#912=ORIENTED_EDGE('',*,*,#682,.T.);
#913=ORIENTED_EDGE('',*,*,#683,.T.);
#914=ORIENTED_EDGE('',*,*,#684,.T.);
#915=ORIENTED_EDGE('',*,*,#680,.F.);
#916=ORIENTED_EDGE('',*,*,#685,.T.);
#917=ORIENTED_EDGE('',*,*,#686,.F.);
#918=ORIENTED_EDGE('',*,*,#687,.T.);
#919=ORIENTED_EDGE('',*,*,#688,.F.);
#920=ORIENTED_EDGE('',*,*,#689,.T.);
#921=ORIENTED_EDGE('',*,*,#690,.T.);
#922=ORIENTED_EDGE('',*,*,#691,.T.);
#923=ORIENTED_EDGE('',*,*,#692,.F.);
#924=ORIENTED_EDGE('',*,*,#693,.T.);
#925=ORIENTED_EDGE('',*,*,#694,.F.);
#926=ORIENTED_EDGE('',*,*,#695,.F.);
#927=ORIENTED_EDGE('',*,*,#696,.T.);
#928=ORIENTED_EDGE('',*,*,#697,.T.);
#929=ORIENTED_EDGE('',*,*,#690,.F.);
#930=ORIENTED_EDGE('',*,*,#698,.F.);
#931=ORIENTED_EDGE('',*,*,#699,.T.);
#932=ORIENTED_EDGE('',*,*,#700,.T.);
#933=ORIENTED_EDGE('',*,*,#696,.F.);
#934=ORIENTED_EDGE('',*,*,#701,.F.);
#935=ORIENTED_EDGE('',*,*,#702,.T.);
#936=ORIENTED_EDGE('',*,*,#703,.T.);
#937=ORIENTED_EDGE('',*,*,#699,.F.);
#938=ORIENTED_EDGE('',*,*,#704,.F.);
#939=ORIENTED_EDGE('',*,*,#705,.T.);
#940=ORIENTED_EDGE('',*,*,#706,.T.);
#941=ORIENTED_EDGE('',*,*,#702,.F.);
#942=ORIENTED_EDGE('',*,*,#707,.F.);
#943=ORIENTED_EDGE('',*,*,#708,.T.);
#944=ORIENTED_EDGE('',*,*,#709,.T.);
#945=ORIENTED_EDGE('',*,*,#705,.F.);
#946=ORIENTED_EDGE('',*,*,#710,.F.);
#947=ORIENTED_EDGE('',*,*,#711,.T.);
#948=ORIENTED_EDGE('',*,*,#712,.T.);
#949=ORIENTED_EDGE('',*,*,#708,.F.);
#950=ORIENTED_EDGE('',*,*,#713,.F.);
#951=ORIENTED_EDGE('',*,*,#714,.T.);
#952=ORIENTED_EDGE('',*,*,#715,.T.);
#953=ORIENTED_EDGE('',*,*,#711,.F.);
#954=ORIENTED_EDGE('',*,*,#716,.F.);
#955=ORIENTED_EDGE('',*,*,#717,.T.);
#956=ORIENTED_EDGE('',*,*,#718,.T.);
#957=ORIENTED_EDGE('',*,*,#714,.F.);
#958=ORIENTED_EDGE('',*,*,#719,.F.);
#959=ORIENTED_EDGE('',*,*,#720,.T.);
#960=ORIENTED_EDGE('',*,*,#721,.T.);
#961=ORIENTED_EDGE('',*,*,#717,.F.);
#962=ORIENTED_EDGE('',*,*,#722,.F.);
#963=ORIENTED_EDGE('',*,*,#723,.T.);
#964=ORIENTED_EDGE('',*,*,#724,.T.);
#965=ORIENTED_EDGE('',*,*,#720,.F.);
#966=ORIENTED_EDGE('',*,*,#725,.F.);
#967=ORIENTED_EDGE('',*,*,#726,.T.);
#968=ORIENTED_EDGE('',*,*,#727,.T.);
#969=ORIENTED_EDGE('',*,*,#723,.F.);
#970=ORIENTED_EDGE('',*,*,#728,.F.);
#971=ORIENTED_EDGE('',*,*,#729,.T.);
#972=ORIENTED_EDGE('',*,*,#730,.T.);
#973=ORIENTED_EDGE('',*,*,#726,.F.);
#974=ORIENTED_EDGE('',*,*,#731,.F.);
#975=ORIENTED_EDGE('',*,*,#732,.T.);
#976=ORIENTED_EDGE('',*,*,#733,.T.);
#977=ORIENTED_EDGE('',*,*,#729,.F.);
#978=ORIENTED_EDGE('',*,*,#734,.F.);
#979=ORIENTED_EDGE('',*,*,#735,.T.);
#980=ORIENTED_EDGE('',*,*,#736,.T.);
#981=ORIENTED_EDGE('',*,*,#732,.F.);
#982=ORIENTED_EDGE('',*,*,#737,.F.);
#983=ORIENTED_EDGE('',*,*,#738,.T.);
#984=ORIENTED_EDGE('',*,*,#739,.T.);
#985=ORIENTED_EDGE('',*,*,#735,.F.);
#986=ORIENTED_EDGE('',*,*,#740,.F.);
#987=ORIENTED_EDGE('',*,*,#741,.T.);
#988=ORIENTED_EDGE('',*,*,#742,.T.);
#989=ORIENTED_EDGE('',*,*,#738,.F.);
#990=ORIENTED_EDGE('',*,*,#743,.F.);
#991=ORIENTED_EDGE('',*,*,#744,.T.);
#992=ORIENTED_EDGE('',*,*,#745,.T.);
#993=ORIENTED_EDGE('',*,*,#741,.F.);
#994=ORIENTED_EDGE('',*,*,#746,.F.);
#995=ORIENTED_EDGE('',*,*,#747,.F.);
#996=ORIENTED_EDGE('',*,*,#748,.F.);
#997=ORIENTED_EDGE('',*,*,#749,.F.);
#998=ORIENTED_EDGE('',*,*,#750,.T.);
#999=ORIENTED_EDGE('',*,*,#751,.F.);
#1000=ORIENTED_EDGE('',*,*,#634,.F.);
#1001=ORIENTED_EDGE('',*,*,#639,.F.);
#1002=ORIENTED_EDGE('',*,*,#642,.F.);
#1003=ORIENTED_EDGE('',*,*,#645,.F.);
#1004=ORIENTED_EDGE('',*,*,#648,.F.);
#1005=ORIENTED_EDGE('',*,*,#651,.F.);
#1006=ORIENTED_EDGE('',*,*,#654,.F.);
#1007=ORIENTED_EDGE('',*,*,#657,.F.);
#1008=ORIENTED_EDGE('',*,*,#660,.F.);
#1009=ORIENTED_EDGE('',*,*,#663,.F.);
#1010=ORIENTED_EDGE('',*,*,#666,.F.);
#1011=ORIENTED_EDGE('',*,*,#669,.F.);
#1012=ORIENTED_EDGE('',*,*,#672,.F.);
#1013=ORIENTED_EDGE('',*,*,#675,.F.);
#1014=ORIENTED_EDGE('',*,*,#678,.F.);
#1015=ORIENTED_EDGE('',*,*,#681,.F.);
#1016=ORIENTED_EDGE('',*,*,#684,.F.);
#1017=ORIENTED_EDGE('',*,*,#752,.F.);
#1018=ORIENTED_EDGE('',*,*,#689,.F.);
#1019=ORIENTED_EDGE('',*,*,#753,.F.);
#1020=ORIENTED_EDGE('',*,*,#748,.T.);
#1021=ORIENTED_EDGE('',*,*,#754,.T.);
#1022=ORIENTED_EDGE('',*,*,#746,.T.);
#1023=ORIENTED_EDGE('',*,*,#743,.T.);
#1024=ORIENTED_EDGE('',*,*,#740,.T.);
#1025=ORIENTED_EDGE('',*,*,#737,.T.);
#1026=ORIENTED_EDGE('',*,*,#734,.T.);
#1027=ORIENTED_EDGE('',*,*,#731,.T.);
#1028=ORIENTED_EDGE('',*,*,#728,.T.);
#1029=ORIENTED_EDGE('',*,*,#725,.T.);
#1030=ORIENTED_EDGE('',*,*,#722,.T.);
#1031=ORIENTED_EDGE('',*,*,#719,.T.);
#1032=ORIENTED_EDGE('',*,*,#716,.T.);
#1033=ORIENTED_EDGE('',*,*,#713,.T.);
#1034=ORIENTED_EDGE('',*,*,#710,.T.);
#1035=ORIENTED_EDGE('',*,*,#707,.T.);
#1036=ORIENTED_EDGE('',*,*,#704,.T.);
#1037=ORIENTED_EDGE('',*,*,#701,.T.);
#1038=ORIENTED_EDGE('',*,*,#698,.T.);
#1039=ORIENTED_EDGE('',*,*,#695,.T.);
#1040=ORIENTED_EDGE('',*,*,#755,.F.);
#1041=ORIENTED_EDGE('',*,*,#756,.T.);
#1042=ORIENTED_EDGE('',*,*,#757,.F.);
#1043=ORIENTED_EDGE('',*,*,#630,.F.);
#1044=ORIENTED_EDGE('',*,*,#636,.F.);
#1045=ORIENTED_EDGE('',*,*,#758,.F.);
#1046=ORIENTED_EDGE('',*,*,#759,.T.);
#1047=ORIENTED_EDGE('',*,*,#760,.F.);
#1048=ORIENTED_EDGE('',*,*,#761,.F.);
#1049=ORIENTED_EDGE('',*,*,#747,.T.);
#1050=ORIENTED_EDGE('',*,*,#762,.T.);
#1051=ORIENTED_EDGE('',*,*,#744,.F.);
#1052=ORIENTED_EDGE('',*,*,#754,.F.);
#1053=ORIENTED_EDGE('',*,*,#763,.F.);
#1054=ORIENTED_EDGE('',*,*,#764,.T.);
#1055=ORIENTED_EDGE('',*,*,#765,.F.);
#1056=ORIENTED_EDGE('',*,*,#756,.F.);
#1057=ORIENTED_EDGE('',*,*,#766,.F.);
#1058=ORIENTED_EDGE('',*,*,#767,.T.);
#1059=ORIENTED_EDGE('',*,*,#768,.F.);
#1060=ORIENTED_EDGE('',*,*,#759,.F.);
#1061=ORIENTED_EDGE('',*,*,#769,.F.);
#1062=ORIENTED_EDGE('',*,*,#691,.F.);
#1063=ORIENTED_EDGE('',*,*,#697,.F.);
#1064=ORIENTED_EDGE('',*,*,#700,.F.);
#1065=ORIENTED_EDGE('',*,*,#703,.F.);
#1066=ORIENTED_EDGE('',*,*,#706,.F.);
#1067=ORIENTED_EDGE('',*,*,#709,.F.);
#1068=ORIENTED_EDGE('',*,*,#712,.F.);
#1069=ORIENTED_EDGE('',*,*,#715,.F.);
#1070=ORIENTED_EDGE('',*,*,#718,.F.);
#1071=ORIENTED_EDGE('',*,*,#721,.F.);
#1072=ORIENTED_EDGE('',*,*,#724,.F.);
#1073=ORIENTED_EDGE('',*,*,#727,.F.);
#1074=ORIENTED_EDGE('',*,*,#730,.F.);
#1075=ORIENTED_EDGE('',*,*,#733,.F.);
#1076=ORIENTED_EDGE('',*,*,#736,.F.);
#1077=ORIENTED_EDGE('',*,*,#739,.F.);
#1078=ORIENTED_EDGE('',*,*,#742,.F.);
#1079=ORIENTED_EDGE('',*,*,#745,.F.);
#1080=ORIENTED_EDGE('',*,*,#762,.F.);
#1081=ORIENTED_EDGE('',*,*,#750,.F.);
#1082=ORIENTED_EDGE('',*,*,#770,.F.);
#1083=ORIENTED_EDGE('',*,*,#687,.F.);
#1084=ORIENTED_EDGE('',*,*,#771,.F.);
#1085=ORIENTED_EDGE('',*,*,#685,.F.);
#1086=ORIENTED_EDGE('',*,*,#682,.F.);
#1087=ORIENTED_EDGE('',*,*,#679,.F.);
#1088=ORIENTED_EDGE('',*,*,#676,.F.);
#1089=ORIENTED_EDGE('',*,*,#673,.F.);
#1090=ORIENTED_EDGE('',*,*,#670,.F.);
#1091=ORIENTED_EDGE('',*,*,#667,.F.);
#1092=ORIENTED_EDGE('',*,*,#664,.F.);
#1093=ORIENTED_EDGE('',*,*,#661,.F.);
#1094=ORIENTED_EDGE('',*,*,#658,.F.);
#1095=ORIENTED_EDGE('',*,*,#655,.F.);
#1096=ORIENTED_EDGE('',*,*,#652,.F.);
#1097=ORIENTED_EDGE('',*,*,#649,.F.);
#1098=ORIENTED_EDGE('',*,*,#646,.F.);
#1099=ORIENTED_EDGE('',*,*,#643,.F.);
#1100=ORIENTED_EDGE('',*,*,#640,.F.);
#1101=ORIENTED_EDGE('',*,*,#637,.F.);
#1102=ORIENTED_EDGE('',*,*,#632,.F.);
#1103=ORIENTED_EDGE('',*,*,#772,.F.);
#1104=ORIENTED_EDGE('',*,*,#693,.F.);
#1105=ORIENTED_EDGE('',*,*,#773,.F.);
#1106=ORIENTED_EDGE('',*,*,#774,.F.);
#1107=ORIENTED_EDGE('',*,*,#775,.F.);
#1108=ORIENTED_EDGE('',*,*,#776,.F.);
#1109=ORIENTED_EDGE('',*,*,#777,.F.);
#1110=ORIENTED_EDGE('',*,*,#764,.F.);
#1111=ORIENTED_EDGE('',*,*,#778,.F.);
#1112=ORIENTED_EDGE('',*,*,#779,.F.);
#1113=ORIENTED_EDGE('',*,*,#780,.F.);
#1114=ORIENTED_EDGE('',*,*,#781,.F.);
#1115=ORIENTED_EDGE('',*,*,#767,.F.);
#1116=ORIENTED_EDGE('',*,*,#782,.F.);
#1117=ORIENTED_EDGE('',*,*,#783,.F.);
#1118=ORIENTED_EDGE('',*,*,#784,.F.);
#1119=ORIENTED_EDGE('',*,*,#761,.T.);
#1120=ORIENTED_EDGE('',*,*,#785,.F.);
#1121=ORIENTED_EDGE('',*,*,#774,.T.);
#1122=ORIENTED_EDGE('',*,*,#786,.F.);
#1123=ORIENTED_EDGE('',*,*,#686,.T.);
#1124=ORIENTED_EDGE('',*,*,#752,.T.);
#1125=ORIENTED_EDGE('',*,*,#683,.F.);
#1126=ORIENTED_EDGE('',*,*,#771,.T.);
#1127=ORIENTED_EDGE('',*,*,#779,.T.);
#1128=ORIENTED_EDGE('',*,*,#787,.F.);
#1129=ORIENTED_EDGE('',*,*,#788,.T.);
#1130=ORIENTED_EDGE('',*,*,#784,.T.);
#1131=ORIENTED_EDGE('',*,*,#789,.T.);
#1132=ORIENTED_EDGE('',*,*,#790,.F.);
#1133=ORIENTED_EDGE('',*,*,#776,.T.);
#1134=ORIENTED_EDGE('',*,*,#791,.F.);
#1135=ORIENTED_EDGE('',*,*,#792,.T.);
#1136=ORIENTED_EDGE('',*,*,#793,.T.);
#1137=ORIENTED_EDGE('',*,*,#794,.T.);
#1138=ORIENTED_EDGE('',*,*,#795,.T.);
#1139=ORIENTED_EDGE('',*,*,#795,.F.);
#1140=ORIENTED_EDGE('',*,*,#796,.F.);
#1141=ORIENTED_EDGE('',*,*,#797,.F.);
#1142=ORIENTED_EDGE('',*,*,#798,.F.);
#1143=ORIENTED_EDGE('',*,*,#799,.F.);
#1144=ORIENTED_EDGE('',*,*,#800,.F.);
#1145=ORIENTED_EDGE('',*,*,#801,.F.);
#1146=ORIENTED_EDGE('',*,*,#802,.F.);
#1147=ORIENTED_EDGE('',*,*,#803,.F.);
#1148=ORIENTED_EDGE('',*,*,#794,.F.);
#1149=ORIENTED_EDGE('',*,*,#804,.T.);
#1150=ORIENTED_EDGE('',*,*,#805,.F.);
#1151=ORIENTED_EDGE('',*,*,#806,.F.);
#1152=ORIENTED_EDGE('',*,*,#807,.F.);
#1153=ORIENTED_EDGE('',*,*,#808,.F.);
#1154=ORIENTED_EDGE('',*,*,#809,.F.);
#1155=ORIENTED_EDGE('',*,*,#796,.T.);
#1156=ORIENTED_EDGE('',*,*,#810,.T.);
#1157=ORIENTED_EDGE('',*,*,#811,.T.);
#1158=ORIENTED_EDGE('',*,*,#812,.T.);
#1159=ORIENTED_EDGE('',*,*,#813,.T.);
#1160=ORIENTED_EDGE('',*,*,#814,.T.);
#1161=ORIENTED_EDGE('',*,*,#805,.T.);
#1162=ORIENTED_EDGE('',*,*,#815,.T.);
#1163=ORIENTED_EDGE('',*,*,#814,.F.);
#1164=ORIENTED_EDGE('',*,*,#816,.T.);
#1165=ORIENTED_EDGE('',*,*,#817,.T.);
#1166=ORIENTED_EDGE('',*,*,#818,.T.);
#1167=ORIENTED_EDGE('',*,*,#819,.T.);
#1168=ORIENTED_EDGE('',*,*,#820,.T.);
#1169=ORIENTED_EDGE('',*,*,#821,.F.);
#1170=ORIENTED_EDGE('',*,*,#806,.T.);
#1171=ORIENTED_EDGE('',*,*,#822,.T.);
#1172=ORIENTED_EDGE('',*,*,#809,.T.);
#1173=ORIENTED_EDGE('',*,*,#823,.T.);
#1174=ORIENTED_EDGE('',*,*,#824,.T.);
#1175=ORIENTED_EDGE('',*,*,#797,.T.);
#1176=ORIENTED_EDGE('',*,*,#824,.F.);
#1177=ORIENTED_EDGE('',*,*,#825,.T.);
#1178=ORIENTED_EDGE('',*,*,#826,.F.);
#1179=ORIENTED_EDGE('',*,*,#820,.F.);
#1180=ORIENTED_EDGE('',*,*,#827,.F.);
#1181=ORIENTED_EDGE('',*,*,#798,.T.);
#1182=ORIENTED_EDGE('',*,*,#828,.T.);
#1183=ORIENTED_EDGE('',*,*,#807,.T.);
#1184=ORIENTED_EDGE('',*,*,#821,.T.);
#1185=ORIENTED_EDGE('',*,*,#826,.T.);
#1186=ORIENTED_EDGE('',*,*,#829,.T.);
#1187=ORIENTED_EDGE('',*,*,#830,.F.);
#1188=ORIENTED_EDGE('',*,*,#789,.F.);
#1189=ORIENTED_EDGE('',*,*,#783,.T.);
#1190=ORIENTED_EDGE('',*,*,#831,.F.);
#1191=ORIENTED_EDGE('',*,*,#780,.T.);
#1192=ORIENTED_EDGE('',*,*,#788,.F.);
#1193=ORIENTED_EDGE('',*,*,#828,.F.);
#1194=ORIENTED_EDGE('',*,*,#832,.T.);
#1195=ORIENTED_EDGE('',*,*,#812,.F.);
#1196=ORIENTED_EDGE('',*,*,#832,.F.);
#1197=ORIENTED_EDGE('',*,*,#833,.F.);
#1198=ORIENTED_EDGE('',*,*,#834,.T.);
#1199=ORIENTED_EDGE('',*,*,#811,.F.);
#1200=ORIENTED_EDGE('',*,*,#834,.F.);
#1201=ORIENTED_EDGE('',*,*,#810,.F.);
#1202=ORIENTED_EDGE('',*,*,#835,.T.);
#1203=ORIENTED_EDGE('',*,*,#836,.T.);
#1204=ORIENTED_EDGE('',*,*,#835,.F.);
#1205=ORIENTED_EDGE('',*,*,#836,.F.);
#1206=ORIENTED_EDGE('',*,*,#822,.F.);
#1207=ORIENTED_EDGE('',*,*,#837,.T.);
#1208=ORIENTED_EDGE('',*,*,#787,.T.);
#1209=ORIENTED_EDGE('',*,*,#778,.T.);
#1210=ORIENTED_EDGE('',*,*,#766,.T.);
#1211=ORIENTED_EDGE('',*,*,#758,.T.);
#1212=ORIENTED_EDGE('',*,*,#786,.T.);
#1213=ORIENTED_EDGE('',*,*,#773,.T.);
#1214=ORIENTED_EDGE('',*,*,#692,.T.);
#1215=ORIENTED_EDGE('',*,*,#769,.T.);
#1216=ORIENTED_EDGE('',*,*,#631,.T.);
#1217=ORIENTED_EDGE('',*,*,#757,.T.);
#1218=ORIENTED_EDGE('',*,*,#765,.T.);
#1219=ORIENTED_EDGE('',*,*,#777,.T.);
#1220=ORIENTED_EDGE('',*,*,#790,.T.);
#1221=ORIENTED_EDGE('',*,*,#830,.T.);
#1222=ORIENTED_EDGE('',*,*,#782,.T.);
#1223=ORIENTED_EDGE('',*,*,#791,.T.);
#1224=ORIENTED_EDGE('',*,*,#775,.T.);
#1225=ORIENTED_EDGE('',*,*,#763,.T.);
#1226=ORIENTED_EDGE('',*,*,#755,.T.);
#1227=ORIENTED_EDGE('',*,*,#635,.T.);
#1228=ORIENTED_EDGE('',*,*,#751,.T.);
#1229=ORIENTED_EDGE('',*,*,#694,.T.);
#1230=ORIENTED_EDGE('',*,*,#772,.T.);
#1231=ORIENTED_EDGE('',*,*,#785,.T.);
#1232=ORIENTED_EDGE('',*,*,#760,.T.);
#1233=ORIENTED_EDGE('',*,*,#768,.T.);
#1234=ORIENTED_EDGE('',*,*,#781,.T.);
#1235=ORIENTED_EDGE('',*,*,#838,.T.);
#1236=ORIENTED_EDGE('',*,*,#803,.T.);
#1237=ORIENTED_EDGE('',*,*,#838,.F.);
#1238=ORIENTED_EDGE('',*,*,#831,.T.);
#1239=ORIENTED_EDGE('',*,*,#837,.F.);
#1240=ORIENTED_EDGE('',*,*,#799,.T.);
#1241=ORIENTED_EDGE('',*,*,#827,.T.);
#1242=ORIENTED_EDGE('',*,*,#819,.F.);
#1243=ORIENTED_EDGE('',*,*,#839,.F.);
#1244=ORIENTED_EDGE('',*,*,#800,.T.);
#1245=ORIENTED_EDGE('',*,*,#839,.T.);
#1246=ORIENTED_EDGE('',*,*,#818,.F.);
#1247=ORIENTED_EDGE('',*,*,#840,.F.);
#1248=ORIENTED_EDGE('',*,*,#753,.T.);
#1249=ORIENTED_EDGE('',*,*,#688,.T.);
#1250=ORIENTED_EDGE('',*,*,#770,.T.);
#1251=ORIENTED_EDGE('',*,*,#749,.T.);
#1252=ORIENTED_EDGE('',*,*,#801,.T.);
#1253=ORIENTED_EDGE('',*,*,#840,.T.);
#1254=ORIENTED_EDGE('',*,*,#817,.F.);
#1255=ORIENTED_EDGE('',*,*,#841,.F.);
#1256=ORIENTED_EDGE('',*,*,#792,.F.);
#1257=ORIENTED_EDGE('',*,*,#802,.T.);
#1258=ORIENTED_EDGE('',*,*,#841,.T.);
#1259=ORIENTED_EDGE('',*,*,#816,.F.);
#1260=ORIENTED_EDGE('',*,*,#813,.F.);
#1261=ORIENTED_EDGE('',*,*,#842,.F.);
#1262=ORIENTED_EDGE('',*,*,#833,.T.);
#1263=ORIENTED_EDGE('',*,*,#793,.F.);
#1264=ORIENTED_EDGE('',*,*,#842,.T.);
#1265=ORIENTED_EDGE('',*,*,#815,.F.);
#1266=ORIENTED_EDGE('',*,*,#804,.F.);
#1267=ORIENTED_EDGE('',*,*,#823,.F.);
#1268=ORIENTED_EDGE('',*,*,#808,.T.);
#1269=ORIENTED_EDGE('',*,*,#829,.F.);
#1270=ORIENTED_EDGE('',*,*,#825,.F.);
#1271=CYLINDRICAL_SURFACE('',#1412,1.2645);
#1272=CYLINDRICAL_SURFACE('',#1413,1.2645);
#1273=CYLINDRICAL_SURFACE('',#1414,1.2645);
#1274=CYLINDRICAL_SURFACE('',#1415,1.2645);
#1275=CYLINDRICAL_SURFACE('',#1416,1.2645);
#1276=CYLINDRICAL_SURFACE('',#1417,1.2645);
#1277=CYLINDRICAL_SURFACE('',#1418,1.2645);
#1278=CYLINDRICAL_SURFACE('',#1419,1.2645);
#1279=CYLINDRICAL_SURFACE('',#1420,1.2645);
#1280=CYLINDRICAL_SURFACE('',#1421,1.2645);
#1281=CYLINDRICAL_SURFACE('',#1422,1.2645);
#1282=CYLINDRICAL_SURFACE('',#1423,1.2645);
#1283=CYLINDRICAL_SURFACE('',#1424,1.2645);
#1284=CYLINDRICAL_SURFACE('',#1425,1.2645);
#1285=CYLINDRICAL_SURFACE('',#1426,1.2645);
#1286=CYLINDRICAL_SURFACE('',#1427,1.2645);
#1287=CYLINDRICAL_SURFACE('',#1428,1.2645);
#1288=CYLINDRICAL_SURFACE('',#1429,1.2645);
#1289=CYLINDRICAL_SURFACE('',#1430,1.2645);
#1290=CYLINDRICAL_SURFACE('',#1432,1.54300000000001);
#1291=CYLINDRICAL_SURFACE('',#1433,1.54300000000001);
#1292=CYLINDRICAL_SURFACE('',#1434,1.54300000000001);
#1293=CYLINDRICAL_SURFACE('',#1435,1.54300000000001);
#1294=CYLINDRICAL_SURFACE('',#1436,1.54300000000001);
#1295=CYLINDRICAL_SURFACE('',#1437,1.54300000000001);
#1296=CYLINDRICAL_SURFACE('',#1438,1.54300000000001);
#1297=CYLINDRICAL_SURFACE('',#1439,1.54300000000001);
#1298=CYLINDRICAL_SURFACE('',#1440,1.54300000000001);
#1299=CYLINDRICAL_SURFACE('',#1441,1.54300000000001);
#1300=CYLINDRICAL_SURFACE('',#1442,1.54300000000001);
#1301=CYLINDRICAL_SURFACE('',#1443,1.54300000000001);
#1302=CYLINDRICAL_SURFACE('',#1444,1.54300000000001);
#1303=CYLINDRICAL_SURFACE('',#1445,1.54300000000001);
#1304=CYLINDRICAL_SURFACE('',#1446,1.54300000000001);
#1305=CYLINDRICAL_SURFACE('',#1447,1.54300000000001);
#1306=CYLINDRICAL_SURFACE('',#1448,1.54300000000001);
#1307=CYLINDRICAL_SURFACE('',#1449,1.54300000000001);
#1308=CYLINDRICAL_SURFACE('',#1450,1.54300000000001);
#1309=CYLINDRICAL_SURFACE('',#1452,1.54300000000001);
#1310=CYLINDRICAL_SURFACE('',#1453,1.54300000000001);
#1311=CYLINDRICAL_SURFACE('',#1454,1.54300000000001);
#1312=CYLINDRICAL_SURFACE('',#1455,1.2645);
#1313=CYLINDRICAL_SURFACE('',#1456,1.2645);
#1314=CYLINDRICAL_SURFACE('',#1457,1.2645);
#1315=CYLINDRICAL_SURFACE('',#1459,1.2645);
#1316=CYLINDRICAL_SURFACE('',#1461,3.);
#1317=CYLINDRICAL_SURFACE('',#1473,3.);
#1318=CYLINDRICAL_SURFACE('',#1477,3.);
#1319=CYLINDRICAL_SURFACE('',#1482,3.);
#1320=CYLINDRICAL_SURFACE('',#1485,1.5);
#1321=CYLINDRICAL_SURFACE('',#1486,1.5);
#1322=CYLINDRICAL_SURFACE('',#1488,3.);
#1323=CYLINDRICAL_SURFACE('',#1491,0.75);
#1324=ADVANCED_FACE('',(#64),#1271,.F.);
#1325=ADVANCED_FACE('',(#65),#1272,.F.);
#1326=ADVANCED_FACE('',(#66),#1273,.F.);
#1327=ADVANCED_FACE('',(#67),#1274,.F.);
#1328=ADVANCED_FACE('',(#68),#1275,.F.);
#1329=ADVANCED_FACE('',(#69),#1276,.F.);
#1330=ADVANCED_FACE('',(#70),#1277,.F.);
#1331=ADVANCED_FACE('',(#71),#1278,.F.);
#1332=ADVANCED_FACE('',(#72),#1279,.F.);
#1333=ADVANCED_FACE('',(#73),#1280,.F.);
#1334=ADVANCED_FACE('',(#74),#1281,.F.);
#1335=ADVANCED_FACE('',(#75),#1282,.F.);
#1336=ADVANCED_FACE('',(#76),#1283,.F.);
#1337=ADVANCED_FACE('',(#77),#1284,.F.);
#1338=ADVANCED_FACE('',(#78),#1285,.F.);
#1339=ADVANCED_FACE('',(#79),#1286,.F.);
#1340=ADVANCED_FACE('',(#80),#1287,.F.);
#1341=ADVANCED_FACE('',(#81),#1288,.F.);
#1342=ADVANCED_FACE('',(#82),#1289,.F.);
#1343=ADVANCED_FACE('',(#83),#1290,.F.);
#1344=ADVANCED_FACE('',(#84),#1291,.F.);
#1345=ADVANCED_FACE('',(#85),#1292,.F.);
#1346=ADVANCED_FACE('',(#86),#1293,.F.);
#1347=ADVANCED_FACE('',(#87),#1294,.F.);
#1348=ADVANCED_FACE('',(#88),#1295,.F.);
#1349=ADVANCED_FACE('',(#89),#1296,.F.);
#1350=ADVANCED_FACE('',(#90),#1297,.F.);
#1351=ADVANCED_FACE('',(#91),#1298,.F.);
#1352=ADVANCED_FACE('',(#92),#1299,.F.);
#1353=ADVANCED_FACE('',(#93),#1300,.F.);
#1354=ADVANCED_FACE('',(#94),#1301,.F.);
#1355=ADVANCED_FACE('',(#95),#1302,.F.);
#1356=ADVANCED_FACE('',(#96),#1303,.F.);
#1357=ADVANCED_FACE('',(#97),#1304,.F.);
#1358=ADVANCED_FACE('',(#98),#1305,.F.);
#1359=ADVANCED_FACE('',(#99),#1306,.F.);
#1360=ADVANCED_FACE('',(#100),#1307,.F.);
#1361=ADVANCED_FACE('',(#101),#1308,.F.);
#1362=ADVANCED_FACE('',(#102),#36,.F.);
#1363=ADVANCED_FACE('',(#103),#37,.F.);
#1364=ADVANCED_FACE('',(#104),#38,.F.);
#1365=ADVANCED_FACE('',(#105),#1309,.F.);
#1366=ADVANCED_FACE('',(#106),#1310,.F.);
#1367=ADVANCED_FACE('',(#107),#1311,.F.);
#1368=ADVANCED_FACE('',(#108),#39,.F.);
#1369=ADVANCED_FACE('',(#109),#40,.F.);
#1370=ADVANCED_FACE('',(#110),#41,.F.);
#1371=ADVANCED_FACE('',(#111),#42,.F.);
#1372=ADVANCED_FACE('',(#112),#43,.F.);
#1373=ADVANCED_FACE('',(#113),#1312,.F.);
#1374=ADVANCED_FACE('',(#114),#1313,.F.);
#1375=ADVANCED_FACE('',(#115),#1314,.F.);
#1376=ADVANCED_FACE('',(#116),#1315,.F.);
#1377=ADVANCED_FACE('',(#117),#1316,.T.);
#1378=ADVANCED_FACE('',(#118,#15),#23,.F.);
#1379=ADVANCED_FACE('',(#119,#16,#17,#18),#24,.T.);
#1380=ADVANCED_FACE('',(#120),#1317,.T.);
#1381=ADVANCED_FACE('',(#121,#19),#25,.T.);
#1382=ADVANCED_FACE('',(#122),#1318,.T.);
#1383=ADVANCED_FACE('',(#123,#20),#26,.T.);
#1384=ADVANCED_FACE('',(#124),#1319,.T.);
#1385=ADVANCED_FACE('',(#125),#27,.T.);
#1386=ADVANCED_FACE('',(#126),#28,.T.);
#1387=ADVANCED_FACE('',(#127),#1320,.F.);
#1388=ADVANCED_FACE('',(#128),#1321,.F.);
#1389=ADVANCED_FACE('',(#129),#1322,.F.);
#1390=ADVANCED_FACE('',(#130),#29,.T.);
#1391=ADVANCED_FACE('',(#131),#1323,.F.);
#1392=ADVANCED_FACE('',(#132),#30,.T.);
#1393=ADVANCED_FACE('',(#133,#21),#31,.T.);
#1394=ADVANCED_FACE('',(#134),#32,.T.);
#1395=ADVANCED_FACE('',(#135,#22),#33,.T.);
#1396=ADVANCED_FACE('',(#136),#34,.T.);
#1397=ADVANCED_FACE('',(#137),#35,.T.);
#1398=CLOSED_SHELL('',(#1324,#1325,#1326,#1327,#1328,#1329,#1330,#1331,
#1332,#1333,#1334,#1335,#1336,#1337,#1338,#1339,#1340,#1341,#1342,#1343,
#1344,#1345,#1346,#1347,#1348,#1349,#1350,#1351,#1352,#1353,#1354,#1355,
#1356,#1357,#1358,#1359,#1360,#1361,#1362,#1363,#1364,#1365,#1366,#1367,
#1368,#1369,#1370,#1371,#1372,#1373,#1374,#1375,#1376,#1377,#1378,#1379,
#1380,#1381,#1382,#1383,#1384,#1385,#1386,#1387,#1388,#1389,#1390,#1391,
#1392,#1393,#1394,#1395,#1396,#1397));
#1399=DERIVED_UNIT_ELEMENT(#1401,1.);
#1400=DERIVED_UNIT_ELEMENT(#5057,-3.);
#1401=(
MASS_UNIT()
NAMED_UNIT(*)
SI_UNIT(.KILO.,.GRAM.)
);
#1402=DERIVED_UNIT((#1399,#1400));
#1403=MEASURE_REPRESENTATION_ITEM('density measure',
POSITIVE_RATIO_MEASURE(7850.),#1402);
#1404=PROPERTY_DEFINITION_REPRESENTATION(#1409,#1406);
#1405=PROPERTY_DEFINITION_REPRESENTATION(#1410,#1407);
#1406=REPRESENTATION('material name',(#1408),#5054);
#1407=REPRESENTATION('density',(#1403),#5054);
#1408=DESCRIPTIVE_REPRESENTATION_ITEM('Steel','Steel');
#1409=PROPERTY_DEFINITION('material property','material name',#5064);
#1410=PROPERTY_DEFINITION('material property','density of part',#5064);
#1411=AXIS2_PLACEMENT_3D('',#1745,#1498,#1499);
#1412=AXIS2_PLACEMENT_3D('',#1746,#1500,#1501);
#1413=AXIS2_PLACEMENT_3D('',#1772,#1503,#1504);
#1414=AXIS2_PLACEMENT_3D('',#1831,#1506,#1507);
#1415=AXIS2_PLACEMENT_3D('',#1882,#1509,#1510);
#1416=AXIS2_PLACEMENT_3D('',#1933,#1512,#1513);
#1417=AXIS2_PLACEMENT_3D('',#1981,#1515,#1516);
#1418=AXIS2_PLACEMENT_3D('',#2032,#1518,#1519);
#1419=AXIS2_PLACEMENT_3D('',#2080,#1521,#1522);
#1420=AXIS2_PLACEMENT_3D('',#2131,#1524,#1525);
#1421=AXIS2_PLACEMENT_3D('',#2179,#1527,#1528);
#1422=AXIS2_PLACEMENT_3D('',#2230,#1530,#1531);
#1423=AXIS2_PLACEMENT_3D('',#2281,#1533,#1534);
#1424=AXIS2_PLACEMENT_3D('',#2329,#1536,#1537);
#1425=AXIS2_PLACEMENT_3D('',#2380,#1539,#1540);
#1426=AXIS2_PLACEMENT_3D('',#2428,#1542,#1543);
#1427=AXIS2_PLACEMENT_3D('',#2479,#1545,#1546);
#1428=AXIS2_PLACEMENT_3D('',#2530,#1548,#1549);
#1429=AXIS2_PLACEMENT_3D('',#2578,#1551,#1552);
#1430=AXIS2_PLACEMENT_3D('',#2629,#1554,#1555);
#1431=AXIS2_PLACEMENT_3D('',#2648,#1557,#1558);
#1432=AXIS2_PLACEMENT_3D('',#2668,#1559,#1560);
#1433=AXIS2_PLACEMENT_3D('',#2707,#1562,#1563);
#1434=AXIS2_PLACEMENT_3D('',#2731,#1565,#1566);
#1435=AXIS2_PLACEMENT_3D('',#2757,#1568,#1569);
#1436=AXIS2_PLACEMENT_3D('',#2781,#1571,#1572);
#1437=AXIS2_PLACEMENT_3D('',#2805,#1574,#1575);
#1438=AXIS2_PLACEMENT_3D('',#2830,#1577,#1578);
#1439=AXIS2_PLACEMENT_3D('',#2855,#1580,#1581);
#1440=AXIS2_PLACEMENT_3D('',#2879,#1583,#1584);
#1441=AXIS2_PLACEMENT_3D('',#2903,#1586,#1587);
#1442=AXIS2_PLACEMENT_3D('',#2929,#1589,#1590);
#1443=AXIS2_PLACEMENT_3D('',#2953,#1592,#1593);
#1444=AXIS2_PLACEMENT_3D('',#2977,#1595,#1596);
#1445=AXIS2_PLACEMENT_3D('',#3002,#1598,#1599);
#1446=AXIS2_PLACEMENT_3D('',#3027,#1601,#1602);
#1447=AXIS2_PLACEMENT_3D('',#3051,#1604,#1605);
#1448=AXIS2_PLACEMENT_3D('',#3076,#1607,#1608);
#1449=AXIS2_PLACEMENT_3D('',#3101,#1610,#1611);
#1450=AXIS2_PLACEMENT_3D('',#3125,#1613,#1614);
#1451=AXIS2_PLACEMENT_3D('',#3136,#1616,#1617);
#1452=AXIS2_PLACEMENT_3D('',#3894,#1618,#1619);
#1453=AXIS2_PLACEMENT_3D('',#3906,#1620,#1621);
#1454=AXIS2_PLACEMENT_3D('',#3925,#1622,#1623);
#1455=AXIS2_PLACEMENT_3D('',#4916,#1624,#1625);
#1456=AXIS2_PLACEMENT_3D('',#4929,#1626,#1627);
#1457=AXIS2_PLACEMENT_3D('',#4930,#1628,#1629);
#1458=AXIS2_PLACEMENT_3D('',#4936,#1630,#1631);
#1459=AXIS2_PLACEMENT_3D('',#4937,#1632,#1633);
#1460=AXIS2_PLACEMENT_3D('',#4939,#1634,#1635);
#1461=AXIS2_PLACEMENT_3D('',#4948,#1636,#1637);
#1462=AXIS2_PLACEMENT_3D('',#4951,#1638,#1639);
#1463=AXIS2_PLACEMENT_3D('',#4955,#1641,#1642);
#1464=AXIS2_PLACEMENT_3D('',#4957,#1644,#1645);
#1465=AXIS2_PLACEMENT_3D('',#4972,#1653,#1654);
#1466=AXIS2_PLACEMENT_3D('',#4973,#1655,#1656);
#1467=AXIS2_PLACEMENT_3D('',#4977,#1658,#1659);
#1468=AXIS2_PLACEMENT_3D('',#4981,#1661,#1662);
#1469=AXIS2_PLACEMENT_3D('',#4984,#1664,#1665);
#1470=AXIS2_PLACEMENT_3D('',#4986,#1666,#1667);
#1471=AXIS2_PLACEMENT_3D('',#4988,#1668,#1669);
#1472=AXIS2_PLACEMENT_3D('',#4990,#1670,#1671);
#1473=AXIS2_PLACEMENT_3D('',#4991,#1672,#1673);
#1474=AXIS2_PLACEMENT_3D('',#4994,#1674,#1675);
#1475=AXIS2_PLACEMENT_3D('',#4997,#1678,#1679);
#1476=AXIS2_PLACEMENT_3D('',#5010,#1686,#1687);
#1477=AXIS2_PLACEMENT_3D('',#5011,#1688,#1689);
#1478=AXIS2_PLACEMENT_3D('',#5014,#1691,#1692);
#1479=AXIS2_PLACEMENT_3D('',#5015,#1693,#1694);
#1480=AXIS2_PLACEMENT_3D('',#5018,#1696,#1697);
#1481=AXIS2_PLACEMENT_3D('',#5021,#1699,#1700);
#1482=AXIS2_PLACEMENT_3D('',#5022,#1701,#1702);
#1483=AXIS2_PLACEMENT_3D('',#5024,#1704,#1705);
#1484=AXIS2_PLACEMENT_3D('',#5026,#1707,#1708);
#1485=AXIS2_PLACEMENT_3D('',#5028,#1710,#1711);
#1486=AXIS2_PLACEMENT_3D('',#5030,#1713,#1714);
#1487=AXIS2_PLACEMENT_3D('',#5032,#1715,#1716);
#1488=AXIS2_PLACEMENT_3D('',#5034,#1718,#1719);
#1489=AXIS2_PLACEMENT_3D('',#5037,#1721,#1722);
#1490=AXIS2_PLACEMENT_3D('',#5038,#1723,#1724);
#1491=AXIS2_PLACEMENT_3D('',#5039,#1725,#1726);
#1492=AXIS2_PLACEMENT_3D('',#5042,#1729,#1730);
#1493=AXIS2_PLACEMENT_3D('',#5044,#1732,#1733);
#1494=AXIS2_PLACEMENT_3D('',#5046,#1735,#1736);
#1495=AXIS2_PLACEMENT_3D('',#5048,#1738,#1739);
#1496=AXIS2_PLACEMENT_3D('',#5050,#1741,#1742);
#1497=AXIS2_PLACEMENT_3D('',#5051,#1743,#1744);
#1498=DIRECTION('axis',(0.,0.,1.));
#1499=DIRECTION('refdir',(1.,0.,0.));
#1500=DIRECTION('center_axis',(0.,0.,1.));
#1501=DIRECTION('ref_axis',(-1.,0.,0.));
#1502=DIRECTION('',(0.,0.,1.));
#1503=DIRECTION('center_axis',(0.,0.,1.));
#1504=DIRECTION('ref_axis',(-1.,0.,0.));
#1505=DIRECTION('',(0.,0.,1.));
#1506=DIRECTION('center_axis',(0.,0.,1.));
#1507=DIRECTION('ref_axis',(-1.,0.,0.));
#1508=DIRECTION('',(0.,0.,1.));
#1509=DIRECTION('center_axis',(0.,0.,1.));
#1510=DIRECTION('ref_axis',(-1.,0.,0.));
#1511=DIRECTION('',(0.,0.,1.));
#1512=DIRECTION('center_axis',(0.,0.,1.));
#1513=DIRECTION('ref_axis',(-1.,0.,0.));
#1514=DIRECTION('',(0.,0.,1.));
#1515=DIRECTION('center_axis',(0.,0.,1.));
#1516=DIRECTION('ref_axis',(-1.,0.,0.));
#1517=DIRECTION('',(0.,0.,1.));
#1518=DIRECTION('center_axis',(0.,0.,1.));
#1519=DIRECTION('ref_axis',(-1.,0.,0.));
#1520=DIRECTION('',(0.,0.,1.));
#1521=DIRECTION('center_axis',(0.,0.,1.));
#1522=DIRECTION('ref_axis',(-1.,0.,0.));
#1523=DIRECTION('',(0.,0.,1.));
#1524=DIRECTION('center_axis',(0.,0.,1.));
#1525=DIRECTION('ref_axis',(-1.,0.,0.));
#1526=DIRECTION('',(0.,0.,1.));
#1527=DIRECTION('center_axis',(0.,0.,1.));
#1528=DIRECTION('ref_axis',(-1.,0.,0.));
#1529=DIRECTION('',(0.,0.,1.));
#1530=DIRECTION('center_axis',(0.,0.,1.));
#1531=DIRECTION('ref_axis',(-1.,0.,0.));
#1532=DIRECTION('',(0.,0.,1.));
#1533=DIRECTION('center_axis',(0.,0.,1.));
#1534=DIRECTION('ref_axis',(-1.,0.,0.));
#1535=DIRECTION('',(0.,0.,1.));
#1536=DIRECTION('center_axis',(0.,0.,1.));
#1537=DIRECTION('ref_axis',(-1.,0.,0.));
#1538=DIRECTION('',(0.,0.,1.));
#1539=DIRECTION('center_axis',(0.,0.,1.));
#1540=DIRECTION('ref_axis',(-1.,0.,0.));
#1541=DIRECTION('',(0.,0.,1.));
#1542=DIRECTION('center_axis',(0.,0.,1.));
#1543=DIRECTION('ref_axis',(-1.,0.,0.));
#1544=DIRECTION('',(0.,0.,1.));
#1545=DIRECTION('center_axis',(0.,0.,1.));
#1546=DIRECTION('ref_axis',(-1.,0.,0.));
#1547=DIRECTION('',(0.,0.,1.));
#1548=DIRECTION('center_axis',(0.,0.,1.));
#1549=DIRECTION('ref_axis',(-1.,0.,0.));
#1550=DIRECTION('',(0.,0.,1.));
#1551=DIRECTION('center_axis',(0.,0.,1.));
#1552=DIRECTION('ref_axis',(-1.,0.,0.));
#1553=DIRECTION('',(0.,0.,1.));
#1554=DIRECTION('center_axis',(0.,0.,1.));
#1555=DIRECTION('ref_axis',(-0.937371316097627,-0.348331761051734,0.));
#1556=DIRECTION('',(0.,0.,1.));
#1557=DIRECTION('center_axis',(0.,0.,1.));
#1558=DIRECTION('ref_axis',(-1.,0.,0.));
#1559=DIRECTION('center_axis',(0.,0.,1.));
#1560=DIRECTION('ref_axis',(-1.,-7.87877000625108E-14,0.));
#1561=DIRECTION('',(-1.22464679914735E-16,-9.66370806720018E-30,1.));
#1562=DIRECTION('center_axis',(0.,0.,1.));
#1563=DIRECTION('ref_axis',(-1.,-7.87877000625108E-14,0.));
#1564=DIRECTION('',(-1.22464679914735E-16,-9.66370806720018E-30,1.));
#1565=DIRECTION('center_axis',(0.,0.,1.));
#1566=DIRECTION('ref_axis',(-1.,-7.87877000625108E-14,0.));
#1567=DIRECTION('',(-1.22464679914735E-16,-9.66370806720018E-30,1.));
#1568=DIRECTION('center_axis',(0.,0.,1.));
#1569=DIRECTION('ref_axis',(-1.,-7.87877000625108E-14,0.));
#1570=DIRECTION('',(-1.22464679914735E-16,-9.66370806720018E-30,1.));
#1571=DIRECTION('center_axis',(0.,0.,1.));
#1572=DIRECTION('ref_axis',(-1.,-7.87877000625108E-14,0.));
#1573=DIRECTION('',(-1.22464679914735E-16,-9.66370806720018E-30,1.));
#1574=DIRECTION('center_axis',(0.,0.,1.));
#1575=DIRECTION('ref_axis',(-1.,-7.87877000625108E-14,0.));
#1576=DIRECTION('',(-1.22464679914735E-16,-9.66370806720018E-30,1.));
#1577=DIRECTION('center_axis',(0.,0.,1.));
#1578=DIRECTION('ref_axis',(-1.,-7.87877000625108E-14,0.));
#1579=DIRECTION('',(-1.22464679914735E-16,-9.66370806720018E-30,1.));
#1580=DIRECTION('center_axis',(0.,0.,1.));
#1581=DIRECTION('ref_axis',(-1.,-7.87877000625108E-14,0.));
#1582=DIRECTION('',(-1.22464679914735E-16,-9.66370806720018E-30,1.));
#1583=DIRECTION('center_axis',(0.,0.,1.));
#1584=DIRECTION('ref_axis',(-1.,-7.87877000625108E-14,0.));
#1585=DIRECTION('',(-1.22464679914735E-16,-9.66370806720018E-30,1.));
#1586=DIRECTION('center_axis',(0.,0.,1.));
#1587=DIRECTION('ref_axis',(-1.,-7.87877000625108E-14,0.));
#1588=DIRECTION('',(-1.22464679914735E-16,-9.66370806720018E-30,1.));
#1589=DIRECTION('center_axis',(0.,0.,1.));
#1590=DIRECTION('ref_axis',(-1.,-7.87877000625108E-14,0.));
#1591=DIRECTION('',(-1.22464679914735E-16,-9.66370806720018E-30,1.));
#1592=DIRECTION('center_axis',(0.,0.,1.));
#1593=DIRECTION('ref_axis',(-1.,-7.87877000625108E-14,0.));
#1594=DIRECTION('',(-1.22464679914735E-16,-9.66370806720018E-30,1.));
#1595=DIRECTION('center_axis',(0.,0.,1.));
#1596=DIRECTION('ref_axis',(-1.,-7.87877000625108E-14,0.));
#1597=DIRECTION('',(-1.22464679914735E-16,-9.66370806720018E-30,1.));
#1598=DIRECTION('center_axis',(0.,0.,1.));
#1599=DIRECTION('ref_axis',(-1.,-7.87877000625108E-14,0.));
#1600=DIRECTION('',(-1.22464679914735E-16,-9.66370806720018E-30,1.));
#1601=DIRECTION('center_axis',(0.,0.,1.));
#1602=DIRECTION('ref_axis',(-1.,-7.87877000625108E-14,0.));
#1603=DIRECTION('',(-1.22464679914735E-16,-9.66370806720018E-30,1.));
#1604=DIRECTION('center_axis',(0.,0.,1.));
#1605=DIRECTION('ref_axis',(-1.,-7.87877000625108E-14,0.));
#1606=DIRECTION('',(-1.22464679914735E-16,-9.66370806720018E-30,1.));
#1607=DIRECTION('center_axis',(0.,0.,1.));
#1608=DIRECTION('ref_axis',(-1.,-7.87877000625108E-14,0.));
#1609=DIRECTION('',(-1.22464679914735E-16,-9.66370806720018E-30,1.));
#1610=DIRECTION('center_axis',(0.,0.,1.));
#1611=DIRECTION('ref_axis',(-1.,-7.87877000625108E-14,0.));
#1612=DIRECTION('',(-1.22464679914735E-16,-9.66370806720018E-30,1.));
#1613=DIRECTION('center_axis',(0.,0.,1.));
#1614=DIRECTION('ref_axis',(0.609195076538341,-0.793020402462286,0.));
#1615=DIRECTION('',(-1.22464679914735E-16,-9.66370806720018E-30,1.));
#1616=DIRECTION('center_axis',(0.,0.,1.));
#1617=DIRECTION('ref_axis',(-1.,-7.87877000625108E-14,0.));
#1618=DIRECTION('center_axis',(0.,0.,1.));
#1619=DIRECTION('ref_axis',(-1.,-7.87877000625108E-14,0.));
#1620=DIRECTION('center_axis',(0.,0.,1.));
#1621=DIRECTION('ref_axis',(0.999138390516031,-0.0415027299949692,0.));
#1622=DIRECTION('center_axis',(0.,0.,1.));
#1623=DIRECTION('ref_axis',(-1.,-7.87877000625108E-14,0.));
#1624=DIRECTION('center_axis',(0.,0.,1.));
#1625=DIRECTION('ref_axis',(-1.,0.,0.));
#1626=DIRECTION('center_axis',(0.,0.,1.));
#1627=DIRECTION('ref_axis',(-1.,0.,0.));
#1628=DIRECTION('center_axis',(0.,0.,1.));
#1629=DIRECTION('ref_axis',(-1.,0.,0.));
#1630=DIRECTION('center_axis',(0.,0.,1.));
#1631=DIRECTION('ref_axis',(-1.,0.,0.));
#1632=DIRECTION('center_axis',(0.,0.,1.));
#1633=DIRECTION('ref_axis',(0.999799685608019,-0.0200147110423021,0.));
#1634=DIRECTION('center_axis',(0.,0.,1.));
#1635=DIRECTION('ref_axis',(-1.,0.,0.));
#1636=DIRECTION('center_axis',(0.,0.,-1.));
#1637=DIRECTION('ref_axis',(0.707106781186548,-0.707106781186547,0.));
#1638=DIRECTION('center_axis',(-1.55820775385987E-16,0.,1.));
#1639=DIRECTION('ref_axis',(0.707106781186548,-0.707106781186547,0.));
#1640=DIRECTION('',(0.,0.,1.));
#1641=DIRECTION('center_axis',(0.,0.,-1.));
#1642=DIRECTION('ref_axis',(0.707106781186548,-0.707106781186547,0.));
#1643=DIRECTION('',(0.,0.,-1.));
#1644=DIRECTION('center_axis',(0.,1.,0.));
#1645=DIRECTION('ref_axis',(1.,0.,0.));
#1646=DIRECTION('',(1.,0.,0.));
#1647=DIRECTION('',(0.,0.,1.));
#1648=DIRECTION('',(-1.,0.,-7.79103876929934E-17));
#1649=DIRECTION('',(-1.53134210293125E-16,0.,1.));
#1650=DIRECTION('',(-1.,0.,0.));
#1651=DIRECTION('',(0.,0.,-1.));
#1652=DIRECTION('',(-1.,0.,-1.55820775385987E-16));
#1653=DIRECTION('center_axis',(0.,-1.,0.));
#1654=DIRECTION('ref_axis',(1.,0.,0.));
#1655=DIRECTION('center_axis',(0.,0.,1.));
#1656=DIRECTION('ref_axis',(1.,0.,0.));
#1657=DIRECTION('',(0.,1.,0.));
#1658=DIRECTION('center_axis',(0.,0.,-1.));
#1659=DIRECTION('ref_axis',(0.707106781186548,0.707106781186547,0.));
#1660=DIRECTION('',(1.,0.,0.));
#1661=DIRECTION('center_axis',(0.,0.,-1.));
#1662=DIRECTION('ref_axis',(-0.707106781186548,0.707106781186548,0.));
#1663=DIRECTION('',(0.,1.,0.));
#1664=DIRECTION('center_axis',(0.,0.,-1.));
#1665=DIRECTION('ref_axis',(-0.707106781186548,-0.707106781186548,0.));
#1666=DIRECTION('center_axis',(0.,0.,-1.));
#1667=DIRECTION('ref_axis',(1.,0.,0.));
#1668=DIRECTION('center_axis',(0.,0.,-1.));
#1669=DIRECTION('ref_axis',(-1.,0.,0.));
#1670=DIRECTION('center_axis',(0.,0.,-1.));
#1671=DIRECTION('ref_axis',(-1.,0.,0.));
#1672=DIRECTION('center_axis',(0.,0.,-1.));
#1673=DIRECTION('ref_axis',(0.707106781186548,0.707106781186547,0.));
#1674=DIRECTION('center_axis',(-1.55820775385987E-16,0.,1.));
#1675=DIRECTION('ref_axis',(0.707106781186548,0.707106781186547,0.));
#1676=DIRECTION('',(0.,0.,1.));
#1677=DIRECTION('',(0.,0.,-1.));
#1678=DIRECTION('center_axis',(0.,1.,0.));
#1679=DIRECTION('ref_axis',(1.,0.,0.));
#1680=DIRECTION('',(-1.,0.,-1.55820775385987E-16));
#1681=DIRECTION('',(0.,0.,-1.));
#1682=DIRECTION('',(-1.,0.,0.));
#1683=DIRECTION('',(-1.53134210293125E-16,0.,1.));
#1684=DIRECTION('',(-1.,0.,-7.79103876929934E-17));
#1685=DIRECTION('',(0.,0.,-1.));
#1686=DIRECTION('center_axis',(0.,-1.,0.));
#1687=DIRECTION('ref_axis',(1.,0.,0.));
#1688=DIRECTION('center_axis',(0.,0.,1.));
#1689=DIRECTION('ref_axis',(-0.707106781186548,-0.707106781186548,0.));
#1690=DIRECTION('',(0.,0.,-1.));
#1691=DIRECTION('center_axis',(-7.79103876929934E-17,0.,1.));
#1692=DIRECTION('ref_axis',(-0.707106781186548,-0.707106781186548,0.));
#1693=DIRECTION('center_axis',(7.79103876929934E-17,0.,-1.));
#1694=DIRECTION('ref_axis',(-1.,0.,-7.79103876929934E-17));
#1695=DIRECTION('',(0.,1.,0.));
#1696=DIRECTION('center_axis',(-7.79103876929934E-17,0.,1.));
#1697=DIRECTION('ref_axis',(-0.707106781186548,0.707106781186548,0.));
#1698=DIRECTION('',(0.,1.,0.));
#1699=DIRECTION('center_axis',(-7.79103876929934E-17,0.,1.));
#1700=DIRECTION('ref_axis',(-1.,0.,0.));
#1701=DIRECTION('center_axis',(0.,0.,1.));
#1702=DIRECTION('ref_axis',(-0.707106781186548,0.707106781186548,0.));
#1703=DIRECTION('',(0.,0.,1.));
#1704=DIRECTION('center_axis',(0.,0.,-1.));
#1705=DIRECTION('ref_axis',(-1.,0.,0.));
#1706=DIRECTION('',(0.,-1.,0.));
#1707=DIRECTION('center_axis',(0.,0.,-1.));
#1708=DIRECTION('ref_axis',(-1.,0.,0.));
#1709=DIRECTION('',(0.,1.,0.));
#1710=DIRECTION('center_axis',(0.,0.,1.));
#1711=DIRECTION('ref_axis',(-1.,0.,0.));
#1712=DIRECTION('',(0.,0.,1.));
#1713=DIRECTION('center_axis',(0.,0.,1.));
#1714=DIRECTION('ref_axis',(-1.,0.,0.));
#1715=DIRECTION('center_axis',(-1.55820775385987E-16,0.,1.));
#1716=DIRECTION('ref_axis',(-1.,0.,0.));
#1717=DIRECTION('',(0.,0.,1.));
#1718=DIRECTION('center_axis',(0.,0.,-1.));
#1719=DIRECTION('ref_axis',(1.,0.,0.));
#1720=DIRECTION('',(0.,0.,-1.));
#1721=DIRECTION('center_axis',(0.,0.,-1.));
#1722=DIRECTION('ref_axis',(1.,0.,0.));
#1723=DIRECTION('center_axis',(0.,0.,1.));
#1724=DIRECTION('ref_axis',(1.,0.,0.));
#1725=DIRECTION('center_axis',(0.,1.,0.));
#1726=DIRECTION('ref_axis',(1.,0.,0.));
#1727=DIRECTION('',(0.,-1.,0.));
#1728=DIRECTION('',(0.,-1.,0.));
#1729=DIRECTION('center_axis',(-1.,0.,-1.53134210293125E-16));
#1730=DIRECTION('ref_axis',(-1.53134210293125E-16,0.,1.));
#1731=DIRECTION('',(0.,1.,0.));
#1732=DIRECTION('center_axis',(0.,0.,-1.));
#1733=DIRECTION('ref_axis',(-1.,0.,0.));
#1734=DIRECTION('',(0.,1.,0.));
#1735=DIRECTION('center_axis',(1.,0.,0.));
#1736=DIRECTION('ref_axis',(0.,0.,-1.));
#1737=DIRECTION('',(0.,1.,0.));
#1738=DIRECTION('center_axis',(1.55820775385987E-16,0.,-1.));
#1739=DIRECTION('ref_axis',(-1.,0.,-1.55820775385987E-16));
#1740=DIRECTION('',(0.,1.,0.));
#1741=DIRECTION('center_axis',(1.,0.,0.));
#1742=DIRECTION('ref_axis',(0.,0.,-1.));
#1743=DIRECTION('center_axis',(-1.,0.,0.));
#1744=DIRECTION('ref_axis',(0.,0.,1.));
#1745=CARTESIAN_POINT('',(0.,0.,0.));
#1746=CARTESIAN_POINT('Origin',(19.25,4.,-17.5));
#1747=CARTESIAN_POINT('',(20.5121962879879,4.00041808361072,-8.19341967361941));
#1748=CARTESIAN_POINT('',(20.5136824656144,4.00024263160707,-8.05658032638059));
#1749=CARTESIAN_POINT('',(20.5145,4.,-17.5));
#1750=CARTESIAN_POINT('',(19.8346053192302,5.12124790779191,-7.96982616011426));
#1751=CARTESIAN_POINT('Ctrl Pts',(20.5136824656144,4.00024263160707,-8.05658032638059));
#1752=CARTESIAN_POINT('Ctrl Pts',(20.5140135775219,4.13242953698026,-8.0482721738465));
#1753=CARTESIAN_POINT('Ctrl Pts',(20.4941866246427,4.26450591183578,-8.03996402131241));
#1754=CARTESIAN_POINT('Ctrl Pts',(20.4536261400883,4.38978901274726,-8.03165586877832));
#1755=CARTESIAN_POINT('Ctrl Pts',(20.3530083861019,4.70057682420123,-8.0110459658903));
#1756=CARTESIAN_POINT('Ctrl Pts',(20.1248007451689,4.96956022586638,-7.99043606300228));
#1757=CARTESIAN_POINT('Ctrl Pts',(19.8345972788405,5.12123658295452,-7.96982616011426));
#1758=CARTESIAN_POINT('',(19.7031967606807,5.1804969064375,-8.0975890696026));
#1759=CARTESIAN_POINT('Ctrl Pts',(19.7031967606807,5.1804969064375,-8.0975890696026));
#1760=CARTESIAN_POINT('Ctrl Pts',(19.7309676807453,5.16983555616561,-8.07652829112688));
#1761=CARTESIAN_POINT('Ctrl Pts',(19.756771380563,5.15879959072018,-8.05388879121678));
#1762=CARTESIAN_POINT('Ctrl Pts',(19.7991610331323,5.13921582700767,-8.01149913864749));
#1763=CARTESIAN_POINT('Ctrl Pts',(19.8173600077679,5.13023940801465,-7.99128452422539));
#1764=CARTESIAN_POINT('Ctrl Pts',(19.8346053192302,5.1212479077919,-7.96982616011426));
#1765=CARTESIAN_POINT('Ctrl Pts',(19.7026533826975,5.17861375258989,-8.0975890696026));
#1766=CARTESIAN_POINT('Ctrl Pts',(19.9857094591553,5.06776088777856,-8.11670121112246));
#1767=CARTESIAN_POINT('Ctrl Pts',(20.2306828698937,4.85652375121151,-8.13581335264231));
#1768=CARTESIAN_POINT('Ctrl Pts',(20.3709821017077,4.58929216024515,-8.15492549416216));
#1769=CARTESIAN_POINT('Ctrl Pts',(20.4651753453335,4.40987984253741,-8.16775688731458));
#1770=CARTESIAN_POINT('Ctrl Pts',(20.5121874433742,4.20522842066747,-8.18058828046699));
#1771=CARTESIAN_POINT('Ctrl Pts',(20.5121783785928,4.00042133385404,-8.19341967361941));
#1772=CARTESIAN_POINT('Origin',(19.25,4.,-17.5));
#1773=CARTESIAN_POINT('',(20.5149139393217,3.99889443633929,-8.69341967361941));
#1774=CARTESIAN_POINT('',(20.5123844746952,4.00005014466904,-8.55658032638059));
#1775=CARTESIAN_POINT('',(20.5145,4.,-17.5));
#1776=CARTESIAN_POINT('',(18.9777652170717,2.76515244950481,-8.19884778239898));
#1777=CARTESIAN_POINT('Ctrl Pts',(20.5123844746952,4.00005014466904,-8.55658032638059));
#1778=CARTESIAN_POINT('Ctrl Pts',(20.5123763910243,4.21108622355803,-8.54335232732308));
#1779=CARTESIAN_POINT('Ctrl Pts',(20.4623485107189,4.42210813239759,-8.53012432826558));
#1780=CARTESIAN_POINT('Ctrl Pts',(20.3622979945511,4.60583108927063,-8.51689632920807));
#1781=CARTESIAN_POINT('Ctrl Pts',(20.1618335533285,4.9739443314606,-8.49039228364064));
#1782=CARTESIAN_POINT('Ctrl Pts',(19.7605511290185,5.23246477871281,-8.46388823807322));
#1783=CARTESIAN_POINT('Ctrl Pts',(19.342372442735,5.26311652525945,-8.43738419250579));
#1784=CARTESIAN_POINT('Ctrl Pts',(18.9241937564516,5.2937682718061,-8.41088014693837));
#1785=CARTESIAN_POINT('Ctrl Pts',(18.4891188081945,5.09655131764715,-8.38437610137095));
#1786=CARTESIAN_POINT('Ctrl Pts',(18.2373798958927,4.76121709682773,-8.35787205580352));
#1787=CARTESIAN_POINT('Ctrl Pts',(17.985640983591,4.42588287600833,-8.3313680102361));
#1788=CARTESIAN_POINT('Ctrl Pts',(17.9172381072444,3.95243138852847,-8.30486396466867));
#1789=CARTESIAN_POINT('Ctrl Pts',(18.062449689476,3.55991638792097,-8.27835991910125));
#1790=CARTESIAN_POINT('Ctrl Pts',(18.2076612717076,3.16740138731348,-8.25185587353382));
#1791=CARTESIAN_POINT('Ctrl Pts',(18.5664873125174,2.85582287357835,-8.2253518279664));
#1792=CARTESIAN_POINT('Ctrl Pts',(18.9777652170716,2.76515244950482,-8.19884778239898));
#1793=CARTESIAN_POINT('',(19.6086344969153,2.78742359101692,-8.15869666586546));
#1794=CARTESIAN_POINT('Ctrl Pts',(19.6086344969153,2.78742359101693,-8.15869666586546));
#1795=CARTESIAN_POINT('Ctrl Pts',(19.5866002489433,2.78090668917237,-8.17069344958379));
#1796=CARTESIAN_POINT('Ctrl Pts',(19.5638208702335,2.77482562668184,-8.18165814498483));
#1797=CARTESIAN_POINT('Ctrl Pts',(19.4483800090345,2.7475787312196,-8.23015269747398));
#1798=CARTESIAN_POINT('Ctrl Pts',(19.346770741323,2.7355,-8.25));
#1799=CARTESIAN_POINT('Ctrl Pts',(19.1595778118753,2.7355,-8.25));
#1800=CARTESIAN_POINT('Ctrl Pts',(19.0648682938921,2.74594968459583,-8.23277861513225));
#1801=CARTESIAN_POINT('Ctrl Pts',(18.9777652170717,2.76515244950481,-8.19884778239898));
#1802=CARTESIAN_POINT('Ctrl Pts',(19.6086344969153,2.78742359101691,-8.15869666586546));
#1803=CARTESIAN_POINT('Ctrl Pts',(19.9312690954887,2.88284677102409,-8.13752319968427));
#1804=CARTESIAN_POINT('Ctrl Pts',(20.212838232678,3.11326687192748,-8.11634973350308));
#1805=CARTESIAN_POINT('Ctrl Pts',(20.3692697627464,3.41018091098699,-8.09517626732189));
#1806=CARTESIAN_POINT('Ctrl Pts',(20.464319892064,3.59059030669193,-8.08231095367479));
#1807=CARTESIAN_POINT('Ctrl Pts',(20.5131697332681,3.79554898994754,-8.06944564002769));
#1808=CARTESIAN_POINT('Ctrl Pts',(20.5136824656144,4.00024263160707,-8.05658032638059));
#1809=CARTESIAN_POINT('Ctrl Pts',(20.5121783785928,4.00042133385404,-8.19341967361941));
#1810=CARTESIAN_POINT('Ctrl Pts',(20.5121687940531,3.78387097316108,-8.20698679602021));
#1811=CARTESIAN_POINT('Ctrl Pts',(20.4595912369605,3.56714658464777,-8.22055391842101));
#1812=CARTESIAN_POINT('Ctrl Pts',(20.3546348175295,3.3798984536163,-8.2341210408218));
#1813=CARTESIAN_POINT('Ctrl Pts',(20.1504136430676,3.01555643964185,-8.26051955637502));
#1814=CARTESIAN_POINT('Ctrl Pts',(19.7478847640731,2.76281228591992,-8.28691807192824));
#1815=CARTESIAN_POINT('Ctrl Pts',(19.3310768026264,2.73614415765295,-8.31331658748145));
#1816=CARTESIAN_POINT('Ctrl Pts',(18.9142688411798,2.70947602938597,-8.33971510303466));
#1817=CARTESIAN_POINT('Ctrl Pts',(18.483181797281,2.90888392657396,-8.36611361858788));
#1818=CARTESIAN_POINT('Ctrl Pts',(18.2339373210055,3.24384877098167,-8.39251213414109));
#1819=CARTESIAN_POINT('Ctrl Pts',(17.9846928447299,3.5788136153894,-8.41891064969431));
#1820=CARTESIAN_POINT('Ctrl Pts',(17.9172909360776,4.04933540701686,-8.44530916524752));
#1821=CARTESIAN_POINT('Ctrl Pts',(18.0626043585922,4.44083642340667,-8.47170768080073));
#1822=CARTESIAN_POINT('Ctrl Pts',(18.2079177811068,4.83233743979644,-8.49810619635395));
#1823=CARTESIAN_POINT('Ctrl Pts',(18.5659465347883,5.14481768094857,-8.52450471190716));
#1824=CARTESIAN_POINT('Ctrl Pts',(18.9734663301118,5.23598255837905,-8.55090322746038));
#1825=CARTESIAN_POINT('Ctrl Pts',(19.3809861254354,5.32714743580954,-8.57730174301359));
#1826=CARTESIAN_POINT('Ctrl Pts',(19.8379969624009,5.19699694951837,-8.6037002585668));
#1827=CARTESIAN_POINT('Ctrl Pts',(20.13629788969,4.90478852310886,-8.63009877412002));
#1828=CARTESIAN_POINT('Ctrl Pts',(20.3748047733993,4.67115290618369,-8.65120574061981));
#1829=CARTESIAN_POINT('Ctrl Pts',(20.5118512329105,4.33391652870997,-8.67231270711961));
#1830=CARTESIAN_POINT('Ctrl Pts',(20.5149139393217,3.99889443633929,-8.69341967361941));
#1831=CARTESIAN_POINT('Origin',(19.25,4.,-17.5));
#1832=CARTESIAN_POINT('',(20.5159247624007,4.00078168805734,-9.19341967361941));
#1833=CARTESIAN_POINT('',(20.5147655874789,3.99885242617897,-9.0565803263806));
#1834=CARTESIAN_POINT('',(20.5145,4.,-17.5));
#1835=CARTESIAN_POINT('Ctrl Pts',(20.5147655874789,3.99885242617897,-9.0565803263806));
#1836=CARTESIAN_POINT('Ctrl Pts',(20.5116886198399,4.33021356137029,-9.03570993406096));
#1837=CARTESIAN_POINT('Ctrl Pts',(20.3781138644057,4.66377040444513,-9.01483954174133));
#1838=CARTESIAN_POINT('Ctrl Pts',(20.1443636819009,4.89686811472264,-8.99396914942169));
#1839=CARTESIAN_POINT('Ctrl Pts',(19.8475161002349,5.19288709894874,-8.96746510385427));
#1840=CARTESIAN_POINT('Ctrl Pts',(19.3891120632778,5.32689208562132,-8.94096105828685));
#1841=CARTESIAN_POINT('Ctrl Pts',(18.9795569897597,5.2373813386821,-8.91445701271943));
#1842=CARTESIAN_POINT('Ctrl Pts',(18.5700019162416,5.14787059174289,-8.88795296715201));
#1843=CARTESIAN_POINT('Ctrl Pts',(18.2092958061625,4.83484411119185,-8.86144892158458));
#1844=CARTESIAN_POINT('Ctrl Pts',(18.0630154030769,4.44196881134587,-8.83494487601715));
#1845=CARTESIAN_POINT('Ctrl Pts',(17.9167349999913,4.04909351149988,-8.80844083044973));
#1846=CARTESIAN_POINT('Ctrl Pts',(17.9848803038992,3.57636939235894,-8.7819367848823));
#1847=CARTESIAN_POINT('Ctrl Pts',(18.2361526636744,3.24080794881559,-8.75543273931488));
#1848=CARTESIAN_POINT('Ctrl Pts',(18.4874250234496,2.90524650527225,-8.72892869374746));
#1849=CARTESIAN_POINT('Ctrl Pts',(18.9218244390921,2.7068477373265,-8.70242464818004));
#1850=CARTESIAN_POINT('Ctrl Pts',(19.3399960631316,2.73662448726103,-8.67592060261261));
#1851=CARTESIAN_POINT('Ctrl Pts',(19.7581676871711,2.76640123719557,-8.64941655704519));
#1852=CARTESIAN_POINT('Ctrl Pts',(20.1601115196076,3.02435350501038,-8.62291251147776));
#1853=CARTESIAN_POINT('Ctrl Pts',(20.3612602067583,3.39218265748165,-8.59640846591034));
#1854=CARTESIAN_POINT('Ctrl Pts',(20.4620168749895,3.57643064043539,-8.58313241940042));
#1855=CARTESIAN_POINT('Ctrl Pts',(20.512392587728,3.78824752913962,-8.56985637289051));
#1856=CARTESIAN_POINT('Ctrl Pts',(20.5123844746952,4.00005014466904,-8.55658032638059));
#1857=CARTESIAN_POINT('Ctrl Pts',(20.5149139393217,3.99889443633929,-8.69341967361941));
#1858=CARTESIAN_POINT('Ctrl Pts',(20.5156817645424,3.91490388109892,-8.69871122267283));
#1859=CARTESIAN_POINT('Ctrl Pts',(20.5080285416218,3.83105249647454,-8.70400277172624));
#1860=CARTESIAN_POINT('Ctrl Pts',(20.491441803438,3.74900760047275,-8.70929432077966));
#1861=CARTESIAN_POINT('Ctrl Pts',(20.4086937722844,3.33970147077402,-8.73569283633288));
#1862=CARTESIAN_POINT('Ctrl Pts',(20.1036066923647,2.97535557790438,-8.76209135188609));
#1863=CARTESIAN_POINT('Ctrl Pts',(19.7152097777908,2.8219768952991,-8.7884898674393));
#1864=CARTESIAN_POINT('Ctrl Pts',(19.326812863217,2.66859821269383,-8.81488838299252));
#1865=CARTESIAN_POINT('Ctrl Pts',(18.8551061139889,2.72618674035291,-8.84128689854573));
#1866=CARTESIAN_POINT('Ctrl Pts',(18.5150239408896,2.96850804022064,-8.86768541409895));
#1867=CARTESIAN_POINT('Ctrl Pts',(18.1749417677903,3.21082934008838,-8.89408392965216));
#1868=CARTESIAN_POINT('Ctrl Pts',(17.9664841708198,3.63788341216476,-8.92048244520537));
#1869=CARTESIAN_POINT('Ctrl Pts',(17.9846411813967,4.05507304914097,-8.94688096075859));
#1870=CARTESIAN_POINT('Ctrl Pts',(18.0027981919736,4.47226268611718,-8.9732794763118));
#1871=CARTESIAN_POINT('Ctrl Pts',(18.2475698100979,4.87958788799322,-8.99967799186502));
#1872=CARTESIAN_POINT('Ctrl Pts',(18.6074204650743,5.09144646032741,-9.02607650741823));
#1873=CARTESIAN_POINT('Ctrl Pts',(18.9672711200506,5.30330503266159,-9.05247502297145));
#1874=CARTESIAN_POINT('Ctrl Pts',(19.4422008118789,5.31969697545394,-9.07887353852466));
#1875=CARTESIAN_POINT('Ctrl Pts',(19.8158013689209,5.13315211713728,-9.10527205407788));
#1876=CARTESIAN_POINT('Ctrl Pts',(20.1894019259628,4.94660725882062,-9.13167056963109));
#1877=CARTESIAN_POINT('Ctrl Pts',(20.4616733482183,4.55712559939496,-9.1580690851843));
#1878=CARTESIAN_POINT('Ctrl Pts',(20.5085505411143,4.14218092581631,-9.18446760073752));
#1879=CARTESIAN_POINT('Ctrl Pts',(20.5138494255213,4.09527658439173,-9.18745162503148));
#1880=CARTESIAN_POINT('Ctrl Pts',(20.5162683364423,4.04804688944836,-9.19043564932545));
#1881=CARTESIAN_POINT('Ctrl Pts',(20.5159247624007,4.00078168805734,-9.19341967361941));
#1882=CARTESIAN_POINT('Origin',(19.25,4.,-17.5));
#1883=CARTESIAN_POINT('',(20.5126335305214,4.00048713423724,-9.69341967361941));
#1884=CARTESIAN_POINT('',(20.5162822954035,4.00056808315606,-9.55658032638059));
#1885=CARTESIAN_POINT('',(20.5145,4.,-17.5));
#1886=CARTESIAN_POINT('Ctrl Pts',(20.5162822954035,4.00056808315606,-9.55658032638059));
#1887=CARTESIAN_POINT('Ctrl Pts',(20.5164602182895,4.03236167249955,-9.55457158636626));
#1888=CARTESIAN_POINT('Ctrl Pts',(20.5153669145955,4.06414282303286,-9.55256284635193));
#1889=CARTESIAN_POINT('Ctrl Pts',(20.5129631330408,4.09582454413236,-9.5505541063376));
#1890=CARTESIAN_POINT('Ctrl Pts',(20.4812467658627,4.51384468296839,-9.52405006077018));
#1891=CARTESIAN_POINT('Ctrl Pts',(20.2213877045989,4.91455503002696,-9.49754601520275));
#1892=CARTESIAN_POINT('Ctrl Pts',(19.8526631333054,5.11402665089064,-9.47104196963532));
#1893=CARTESIAN_POINT('Ctrl Pts',(19.483938562012,5.31349827175433,-9.4445379240679));
#1894=CARTESIAN_POINT('Ctrl Pts',(19.006348480689,5.31173116642313,-9.41803387850048));
#1895=CARTESIAN_POINT('Ctrl Pts',(18.6391099820696,5.1095365951354,-9.39152983293306));
#1896=CARTESIAN_POINT('Ctrl Pts',(18.2718714834501,4.90734202384766,-9.36502578736564));
#1897=CARTESIAN_POINT('Ctrl Pts',(18.0149845675342,4.50471998660339,-9.3385217417982));
#1898=CARTESIAN_POINT('Ctrl Pts',(17.986362327265,4.08647653871943,-9.31201769623078));
#1899=CARTESIAN_POINT('Ctrl Pts',(17.9577400869957,3.66823309083549,-9.28551365066335));
#1900=CARTESIAN_POINT('Ctrl Pts',(18.1573825223731,3.23436823231185,-9.25900960509594));
#1901=CARTESIAN_POINT('Ctrl Pts',(18.4936519751288,2.98402951850288,-9.23250555952852));
#1902=CARTESIAN_POINT('Ctrl Pts',(18.8299214278846,2.7336908046939,-9.20600151396109));
#1903=CARTESIAN_POINT('Ctrl Pts',(19.3028178980189,2.66687823559961,-9.17949746839366));
#1904=CARTESIAN_POINT('Ctrl Pts',(19.6952793244466,2.81425820112447,-9.15299342282623));
#1905=CARTESIAN_POINT('Ctrl Pts',(20.0877407508742,2.96163816664932,-9.12648937725881));
#1906=CARTESIAN_POINT('Ctrl Pts',(20.3997671335954,3.32321066679331,-9.0999853316914));
#1907=CARTESIAN_POINT('Ctrl Pts',(20.4881347617685,3.7330134077551,-9.07348128612398));
#1908=CARTESIAN_POINT('Ctrl Pts',(20.506918029183,3.82012035664337,-9.06784763287618));
#1909=CARTESIAN_POINT('Ctrl Pts',(20.5155961693131,3.90940639627818,-9.06221397962839));
#1910=CARTESIAN_POINT('Ctrl Pts',(20.5147655874789,3.99885242617897,-9.0565803263806));
#1911=CARTESIAN_POINT('Ctrl Pts',(20.5159247624007,4.00078168805734,-9.19341967361941));
#1912=CARTESIAN_POINT('Ctrl Pts',(20.5132288690024,3.62990982649944,-9.21683416487866));
#1913=CARTESIAN_POINT('Ctrl Pts',(20.340448503813,3.25685185516117,-9.24024865613791));
#1914=CARTESIAN_POINT('Ctrl Pts',(20.0543436895214,3.02163614315912,-9.26366314739716));
#1915=CARTESIAN_POINT('Ctrl Pts',(19.7317766814963,2.75644372181221,-9.29006166295037));
#1916=CARTESIAN_POINT('Ctrl Pts',(19.2651597019098,2.66646656685003,-9.31646017850359));
#1917=CARTESIAN_POINT('Ctrl Pts',(18.8671138310564,2.79270428186405,-9.3428586940568));
#1918=CARTESIAN_POINT('Ctrl Pts',(18.469067960203,2.91894199687807,-9.36925720961002));
#1919=CARTESIAN_POINT('Ctrl Pts',(18.1395931980827,3.26139458186829,-9.39565572516323));
#1920=CARTESIAN_POINT('Ctrl Pts',(18.0288198445911,3.66401818600247,-9.42205424071645));
#1921=CARTESIAN_POINT('Ctrl Pts',(17.9180464910996,4.06664179013664,-9.44845275626966));
#1922=CARTESIAN_POINT('Ctrl Pts',(18.0259745462367,4.52943641341478,-9.47485127182287));
#1923=CARTESIAN_POINT('Ctrl Pts',(18.3034249013211,4.84152260837855,-9.50124978737609));
#1924=CARTESIAN_POINT('Ctrl Pts',(18.5808752564055,5.15360880334232,-9.5276483029293));
#1925=CARTESIAN_POINT('Ctrl Pts',(19.0278479114371,5.31498656999174,-9.55404681848251));
#1926=CARTESIAN_POINT('Ctrl Pts',(19.440672923338,5.25212163064556,-9.58044533403573));
#1927=CARTESIAN_POINT('Ctrl Pts',(19.853497935239,5.18925669129937,-9.60684384958894));
#1928=CARTESIAN_POINT('Ctrl Pts',(20.2321753040092,4.90214904595757,-9.63324236514216));
#1929=CARTESIAN_POINT('Ctrl Pts',(20.4041548583728,4.52162371504443,-9.65964088069537));
#1930=CARTESIAN_POINT('Ctrl Pts',(20.4775082475347,4.35932056925636,-9.67090047833672));
#1931=CARTESIAN_POINT('Ctrl Pts',(20.5132586262945,4.18002263224437,-9.68216007597806));
#1932=CARTESIAN_POINT('Ctrl Pts',(20.5126335305214,4.00048713423724,-9.69341967361941));
#1933=CARTESIAN_POINT('Origin',(19.25,4.,-17.5));
#1934=CARTESIAN_POINT('',(20.5141661395131,3.99886572654505,-10.1934196736194));
#1935=CARTESIAN_POINT('',(20.5130286845807,4.00085023272484,-10.0565803263806));
#1936=CARTESIAN_POINT('',(20.5145,4.,-17.5));
#1937=CARTESIAN_POINT('Ctrl Pts',(20.5130286845807,4.00085023272484,-10.0565803263806));
#1938=CARTESIAN_POINT('Ctrl Pts',(20.5139756352641,4.15461674970363,-10.0469291931041));
#1939=CARTESIAN_POINT('Ctrl Pts',(20.4880031560126,4.30807434725145,-10.0372780598277));
#1940=CARTESIAN_POINT('Ctrl Pts',(20.4336787874897,4.45073576387269,-10.0276269265512));
#1941=CARTESIAN_POINT('Ctrl Pts',(20.2844926248382,4.84251407410152,-10.0011228809838));
#1942=CARTESIAN_POINT('Ctrl Pts',(19.9214857768931,5.15287111528607,-9.97461883541638));
#1943=CARTESIAN_POINT('Ctrl Pts',(19.5112809326675,5.23935082835858,-9.94811478984896));
#1944=CARTESIAN_POINT('Ctrl Pts',(19.1010760884419,5.32583054143109,-9.92161074428153));
#1945=CARTESIAN_POINT('Ctrl Pts',(18.6436732479359,5.18843292639155,-9.89510669871411));
#1946=CARTESIAN_POINT('Ctrl Pts',(18.3490235194385,4.89022445459801,-9.86860265314668));
#1947=CARTESIAN_POINT('Ctrl Pts',(18.0543737909412,4.59201598280447,-9.84209860757926));
#1948=CARTESIAN_POINT('Ctrl Pts',(17.9224771744524,4.13299665425693,-9.81559456201184));
#1949=CARTESIAN_POINT('Ctrl Pts',(18.0138751454333,3.72385955307483,-9.78909051644442));
#1950=CARTESIAN_POINT('Ctrl Pts',(18.1052731164142,3.31472245189272,-9.76258647087699));
#1951=CARTESIAN_POINT('Ctrl Pts',(18.4199656748648,2.95546757807605,-9.73608242530957));
#1952=CARTESIAN_POINT('Ctrl Pts',(18.8135067229381,2.81099544780271,-9.70957837974214));
#1953=CARTESIAN_POINT('Ctrl Pts',(19.2070477710114,2.66652331752937,-9.68307433417472));
#1954=CARTESIAN_POINT('Ctrl Pts',(19.6794373087075,2.73683393079937,-9.65657028860729));
#1955=CARTESIAN_POINT('Ctrl Pts',(20.0138452410094,2.98965420274111,-9.63006624303987));
#1956=CARTESIAN_POINT('Ctrl Pts',(20.3229084162999,3.22331324152729,-9.60557093748677));
#1957=CARTESIAN_POINT('Ctrl Pts',(20.5141126390877,3.6128655034082,-9.58107563193369));
#1958=CARTESIAN_POINT('Ctrl Pts',(20.5162822954035,4.00056808315606,-9.55658032638059));
#1959=CARTESIAN_POINT('Ctrl Pts',(20.5126335305214,4.00048713423724,-9.69341967361941));
#1960=CARTESIAN_POINT('Ctrl Pts',(20.511793067665,3.75909545638404,-9.70855859153128));
#1961=CARTESIAN_POINT('Ctrl Pts',(20.4451939995878,3.51727432214858,-9.72369750944315));
#1962=CARTESIAN_POINT('Ctrl Pts',(20.3158199914243,3.31575407989669,-9.73883642735502));
#1963=CARTESIAN_POINT('Ctrl Pts',(20.0902238301552,2.96435279214656,-9.76523494290823));
#1964=CARTESIAN_POINT('Ctrl Pts',(19.6737497676601,2.73549323313077,-9.79163345846145));
#1965=CARTESIAN_POINT('Ctrl Pts',(19.256170608755,2.73345878066185,-9.81803197401466));
#1966=CARTESIAN_POINT('Ctrl Pts',(18.83859144985,2.73142432819294,-9.84443048956787));
#1967=CARTESIAN_POINT('Ctrl Pts',(18.419907194535,2.95621498227089,-9.87082900512108));
#1968=CARTESIAN_POINT('Ctrl Pts',(18.1908977594423,3.30540142537372,-9.8972275206743));
#1969=CARTESIAN_POINT('Ctrl Pts',(17.9618883243497,3.65458786847656,-9.92362603622751));
#1970=CARTESIAN_POINT('Ctrl Pts',(17.9225537094794,4.12817010060429,-9.95002455178073));
#1971=CARTESIAN_POINT('Ctrl Pts',(18.0908173359881,4.51035310017354,-9.97642306733394));
#1972=CARTESIAN_POINT('Ctrl Pts',(18.2590809624968,4.89253609974278,-10.0028215828872));
#1973=CARTESIAN_POINT('Ctrl Pts',(18.6349428303845,5.18331986675355,-10.0292200984404));
#1974=CARTESIAN_POINT('Ctrl Pts',(19.0471357034754,5.25020430853191,-10.0556186139936));
#1975=CARTESIAN_POINT('Ctrl Pts',(19.4593285765663,5.31708875031026,-10.0820171295468));
#1976=CARTESIAN_POINT('Ctrl Pts',(19.9078524548604,5.16007386685621,-10.1084156451));
#1977=CARTESIAN_POINT('Ctrl Pts',(20.1883305399538,4.85070590306694,-10.1348141606532));
#1978=CARTESIAN_POINT('Ctrl Pts',(20.3958871860783,4.62177045179601,-10.154349331642));
#1979=CARTESIAN_POINT('Ctrl Pts',(20.5114194169884,4.30940415196347,-10.1738845026307));
#1980=CARTESIAN_POINT('Ctrl Pts',(20.5141661395131,3.99886572654505,-10.1934196736194));
#1981=CARTESIAN_POINT('Origin',(19.25,4.,-17.5));
#1982=CARTESIAN_POINT('',(20.5163975469852,4.0004026765863,-10.6934196736194));
#1983=CARTESIAN_POINT('',(20.5131795679478,3.99907374686092,-10.5565803263806));
#1984=CARTESIAN_POINT('',(20.5145,4.,-17.5));
#1985=CARTESIAN_POINT('Ctrl Pts',(20.5131795679478,3.99907374686092,-10.5565803263806));
#1986=CARTESIAN_POINT('Ctrl Pts',(20.5113170369077,4.27451991680104,-10.539286799842));
#1987=CARTESIAN_POINT('Ctrl Pts',(20.4227821137552,4.55105576027862,-10.5219932733034));
#1988=CARTESIAN_POINT('Ctrl Pts',(20.2568171898135,4.76849030372083,-10.5046997467649));
#1989=CARTESIAN_POINT('Ctrl Pts',(20.0024594741138,5.10173031896404,-10.4781957011974));
#1990=CARTESIAN_POINT('Ctrl Pts',(19.5662294942886,5.29614962982104,-10.45169165563));
#1991=CARTESIAN_POINT('Ctrl Pts',(19.1483598691746,5.26250840965349,-10.4251876100626));
#1992=CARTESIAN_POINT('Ctrl Pts',(18.7304902440607,5.22886718948594,-10.3986835644952));
#1993=CARTESIAN_POINT('Ctrl Pts',(18.3309809736579,4.96716543829385,-10.3721795189277));
#1994=CARTESIAN_POINT('Ctrl Pts',(18.1332096136975,4.59752609452231,-10.3456754733603));
#1995=CARTESIAN_POINT('Ctrl Pts',(17.9354382537372,4.22788675075077,-10.3191714277929));
#1996=CARTESIAN_POINT('Ctrl Pts',(17.9394048042193,3.75030981439978,-10.2926673822255));
#1997=CARTESIAN_POINT('Ctrl Pts',(18.1432885907417,3.38400644707514,-10.266163336658));
#1998=CARTESIAN_POINT('Ctrl Pts',(18.3471723772641,3.01770307975049,-10.2396592910906));
#1999=CARTESIAN_POINT('Ctrl Pts',(18.7509733998268,2.76267328145219,-10.2131552455232));
#2000=CARTESIAN_POINT('Ctrl Pts',(19.169344158186,2.73597751762699,-10.1866511999558));
#2001=CARTESIAN_POINT('Ctrl Pts',(19.5877149165452,2.7092817538018,-10.1601471543884));
#2002=CARTESIAN_POINT('Ctrl Pts',(20.020655410701,2.91092002444971,-10.1336431088209));
#2003=CARTESIAN_POINT('Ctrl Pts',(20.2694429191,3.24833894941022,-10.1071390632535));
#2004=CARTESIAN_POINT('Ctrl Pts',(20.4276374123698,3.46289078200525,-10.0902861509625));
#2005=CARTESIAN_POINT('Ctrl Pts',(20.5113751091556,3.73234149393726,-10.0734332386716));
#2006=CARTESIAN_POINT('Ctrl Pts',(20.5130286845807,4.00085023272484,-10.0565803263806));
#2007=CARTESIAN_POINT('Ctrl Pts',(20.5141661395131,3.99886572654505,-10.1934196736194));
#2008=CARTESIAN_POINT('Ctrl Pts',(20.5151311529814,3.88976341997247,-10.2002830181839));
#2009=CARTESIAN_POINT('Ctrl Pts',(20.5021745240871,3.78088673648074,-10.2071463627484));
#2010=CARTESIAN_POINT('Ctrl Pts',(20.4743959140133,3.67593306026486,-10.2140097073129));
#2011=CARTESIAN_POINT('Ctrl Pts',(20.3675509110869,3.27224922537653,-10.2404082228661));
#2012=CARTESIAN_POINT('Ctrl Pts',(20.0414286133414,2.92660259972434,-10.2668067384193));
#2013=CARTESIAN_POINT('Ctrl Pts',(19.6446316576763,2.7964923803706,-10.2932052539725));
#2014=CARTESIAN_POINT('Ctrl Pts',(19.2478347020111,2.66638216101686,-10.3196037695257));
#2015=CARTESIAN_POINT('Ctrl Pts',(18.7803630884263,2.75180834796154,-10.3460022850789));
#2016=CARTESIAN_POINT('Ctrl Pts',(18.4552274419639,3.01384518623406,-10.3724008006322));
#2017=CARTESIAN_POINT('Ctrl Pts',(18.1300917955015,3.27588202450658,-10.3987993161854));
#2018=CARTESIAN_POINT('Ctrl Pts',(17.9472921161614,3.71452951410696,-10.4251978317386));
#2019=CARTESIAN_POINT('Ctrl Pts',(17.9901238871608,4.12991118510388,-10.4515963472918));
#2020=CARTESIAN_POINT('Ctrl Pts',(18.0329556581602,4.54529285610079,-10.477994862845));
#2021=CARTESIAN_POINT('Ctrl Pts',(18.3014188794989,4.93740870849424,-10.5043933783982));
#2022=CARTESIAN_POINT('Ctrl Pts',(18.6731841585313,5.12758512794258,-10.5307918939514));
#2023=CARTESIAN_POINT('Ctrl Pts',(19.0449494375637,5.31776154739092,-10.5571904095047));
#2024=CARTESIAN_POINT('Ctrl Pts',(19.5200167742897,5.30599853389413,-10.5835889250579));
#2025=CARTESIAN_POINT('Ctrl Pts',(19.881914435704,5.09765608533428,-10.6099874406111));
#2026=CARTESIAN_POINT('Ctrl Pts',(20.2438120971183,4.88931363677443,-10.6363859561643));
#2027=CARTESIAN_POINT('Ctrl Pts',(20.4925400832208,4.48439175315152,-10.6627844717175));
#2028=CARTESIAN_POINT('Ctrl Pts',(20.5147616645955,4.06739931373626,-10.6891829872707));
#2029=CARTESIAN_POINT('Ctrl Pts',(20.5159504419249,4.04509166829292,-10.6905952160536));
#2030=CARTESIAN_POINT('Ctrl Pts',(20.5164909855744,4.02274947839239,-10.6920074448365));
#2031=CARTESIAN_POINT('Ctrl Pts',(20.5163975469852,4.0004026765863,-10.6934196736194));
#2032=CARTESIAN_POINT('Origin',(19.25,4.,-17.5));
#2033=CARTESIAN_POINT('',(20.5130306415375,4.00081898288609,-11.1934196736194));
#2034=CARTESIAN_POINT('',(20.5163976807628,3.99954778797367,-11.0565803263806));
#2035=CARTESIAN_POINT('',(20.5145,4.,-17.5));
#2036=CARTESIAN_POINT('Ctrl Pts',(20.5163976807628,3.99954778797367,-11.0565803263806));
#2037=CARTESIAN_POINT('Ctrl Pts',(20.5145811163407,4.39412880432055,-11.0316444065799));
#2038=CARTESIAN_POINT('Ctrl Pts',(20.315488015508,4.79029055329398,-11.0067084867792));
#2039=CARTESIAN_POINT('Ctrl Pts',(19.9969580226889,5.0228938913485,-10.9817725669785));
#2040=CARTESIAN_POINT('Ctrl Pts',(19.6583968823042,5.27012477435603,-10.9552685214111));
#2041=CARTESIAN_POINT('Ctrl Pts',(19.1849046460247,5.33257928499599,-10.9287644758436));
#2042=CARTESIAN_POINT('Ctrl Pts',(18.7938175695972,5.18159036506302,-10.9022604302762));
#2043=CARTESIAN_POINT('Ctrl Pts',(18.4027304931696,5.03060144513005,-10.8757563847088));
#2044=CARTESIAN_POINT('Ctrl Pts',(18.0940485765939,4.66616909462416,-10.8492523391414));
#2045=CARTESIAN_POINT('Ctrl Pts',(18.0094589835117,4.25557031718664,-10.8227482935739));
#2046=CARTESIAN_POINT('Ctrl Pts',(17.9248693904294,3.84497153974911,-10.7962442480065));
#2047=CARTESIAN_POINT('Ctrl Pts',(18.0643721208406,3.38820633537993,-10.7697402024391));
#2048=CARTESIAN_POINT('Ctrl Pts',(18.3639344435405,3.09493313491586,-10.7432361568717));
#2049=CARTESIAN_POINT('Ctrl Pts',(18.6634967662404,2.80165993445179,-10.7167321113043));
#2050=CARTESIAN_POINT('Ctrl Pts',(19.1231186812289,2.67187873789282,-10.6902280657368));
#2051=CARTESIAN_POINT('Ctrl Pts',(19.5318305074639,2.76516002426082,-10.6637240201694));
#2052=CARTESIAN_POINT('Ctrl Pts',(19.9405423336988,2.85844131062882,-10.637219974602));
#2053=CARTESIAN_POINT('Ctrl Pts',(20.2983440711803,3.1747850799238,-10.6107159290346));
#2054=CARTESIAN_POINT('Ctrl Pts',(20.4410022141339,3.568987324386,-10.5842118834671));
#2055=CARTESIAN_POINT('Ctrl Pts',(20.4905778737045,3.70597800622726,-10.5750013644383));
#2056=CARTESIAN_POINT('Ctrl Pts',(20.5141715505576,3.85237132708569,-10.5657908454094));
#2057=CARTESIAN_POINT('Ctrl Pts',(20.5131795679478,3.99907374686092,-10.5565803263806));
#2058=CARTESIAN_POINT('Ctrl Pts',(20.5163975469852,4.0004026765863,-10.6934196736194));
#2059=CARTESIAN_POINT('Ctrl Pts',(20.5147443563601,3.60502509677097,-10.7184059603897));
#2060=CARTESIAN_POINT('Ctrl Pts',(20.3146323415474,3.20820382768462,-10.7433922471601));
#2061=CARTESIAN_POINT('Ctrl Pts',(19.9949927138261,2.97571947589072,-10.7683785339304));
#2062=CARTESIAN_POINT('Ctrl Pts',(19.6572870050352,2.73009507266805,-10.7947770494836));
#2063=CARTESIAN_POINT('Ctrl Pts',(19.1861604108064,2.66790926143032,-10.8211755650368));
#2064=CARTESIAN_POINT('Ctrl Pts',(18.7962890042607,2.81749796276364,-10.84757408059));
#2065=CARTESIAN_POINT('Ctrl Pts',(18.4064175977149,2.96708666409697,-10.8739725961432));
#2066=CARTESIAN_POINT('Ctrl Pts',(18.0978013788521,3.32844987800137,-10.9003711116965));
#2067=CARTESIAN_POINT('Ctrl Pts',(18.0110660707331,3.73692690248865,-10.9267696272497));
#2068=CARTESIAN_POINT('Ctrl Pts',(17.9243307626141,4.14540392697591,-10.9531681428029));
#2069=CARTESIAN_POINT('Ctrl Pts',(18.0594763652389,4.60099476204602,-10.9795666583561));
#2070=CARTESIAN_POINT('Ctrl Pts',(18.3549217078005,4.89610244199887,-11.0059651739093));
#2071=CARTESIAN_POINT('Ctrl Pts',(18.6503670503621,5.19121012195173,-11.0323636894625));
#2072=CARTESIAN_POINT('Ctrl Pts',(19.1061121328605,5.3258346467873,-11.0587622050157));
#2073=CARTESIAN_POINT('Ctrl Pts',(19.5144897043844,5.23863228280134,-11.0851607205689));
#2074=CARTESIAN_POINT('Ctrl Pts',(19.9228672759084,5.15142991881539,-11.1115592361222));
#2075=CARTESIAN_POINT('Ctrl Pts',(20.2838773364578,4.8424006660079,-11.1379577516754));
#2076=CARTESIAN_POINT('Ctrl Pts',(20.4330201037978,4.45235845270446,-11.1643562672286));
#2077=CARTESIAN_POINT('Ctrl Pts',(20.4877529396742,4.30921965471707,-11.1740440693589));
#2078=CARTESIAN_POINT('Ctrl Pts',(20.5139522506615,4.15517032264191,-11.1837318714891));
#2079=CARTESIAN_POINT('Ctrl Pts',(20.5130306415375,4.00081898288609,-11.1934196736194));
#2080=CARTESIAN_POINT('Origin',(19.25,4.,-17.5));
#2081=CARTESIAN_POINT('',(20.5134811152006,3.99898845835121,-11.6934196736194));
#2082=CARTESIAN_POINT('',(20.5145516211103,4.00116293446264,-11.5565803263806));
#2083=CARTESIAN_POINT('',(20.5145,4.,-17.5));
#2084=CARTESIAN_POINT('Ctrl Pts',(20.5145516211103,4.00116293446264,-11.5565803263806));
#2085=CARTESIAN_POINT('Ctrl Pts',(20.5154443035843,4.09764620324989,-11.5505060588852));
#2086=CARTESIAN_POINT('Ctrl Pts',(20.5053385287642,4.19394437974507,-11.5444317913898));
#2087=CARTESIAN_POINT('Ctrl Pts',(20.4835289060241,4.28751458853509,-11.5383575238944));
#2088=CARTESIAN_POINT('Ctrl Pts',(20.3883662818311,4.6957924721486,-11.511853478327));
#2089=CARTESIAN_POINT('Ctrl Pts',(20.0703780073985,5.05213349005037,-11.4853494327595));
#2090=CARTESIAN_POINT('Ctrl Pts',(19.6755229298647,5.19297461698767,-11.4588453871921));
#2091=CARTESIAN_POINT('Ctrl Pts',(19.2806678523308,5.33381574392497,-11.4323413416247));
#2092=CARTESIAN_POINT('Ctrl Pts',(18.8089459716958,5.2591569798978,-11.4058372960573));
#2093=CARTESIAN_POINT('Ctrl Pts',(18.4768809380543,5.00326722097043,-11.3793332504898));
#2094=CARTESIAN_POINT('Ctrl Pts',(18.1448159044129,4.74737746204307,-11.3528292049224));
#2095=CARTESIAN_POINT('Ctrl Pts',(17.952407717765,4.31025670821551,-11.326325159355));
#2096=CARTESIAN_POINT('Ctrl Pts',(17.9879730846094,3.89254644981571,-11.2998211137876));
#2097=CARTESIAN_POINT('Ctrl Pts',(18.0235384514539,3.47483619141591,-11.2733170682202));
#2098=CARTESIAN_POINT('Ctrl Pts',(18.2870773717907,3.07653642844388,-11.2468130226527));
#2099=CARTESIAN_POINT('Ctrl Pts',(18.6576236337144,2.88046954428038,-11.2203089770853));
#2100=CARTESIAN_POINT('Ctrl Pts',(19.0281698956381,2.68440266011689,-11.1938049315179));
#2101=CARTESIAN_POINT('Ctrl Pts',(19.5057234991488,2.69056865476194,-11.1673008859505));
#2102=CARTESIAN_POINT('Ctrl Pts',(19.8710839924698,2.89613729344845,-11.140796840383));
#2103=CARTESIAN_POINT('Ctrl Pts',(20.2364444857909,3.10170593213496,-11.1142927948156));
#2104=CARTESIAN_POINT('Ctrl Pts',(20.4896118689223,3.50667721486291,-11.0877887492482));
#2105=CARTESIAN_POINT('Ctrl Pts',(20.514380538243,3.92516648391441,-11.0612847036808));
#2106=CARTESIAN_POINT('Ctrl Pts',(20.5158459895633,3.94992662116317,-11.059716577914));
#2107=CARTESIAN_POINT('Ctrl Pts',(20.5165119176347,3.97473407892509,-11.0581484521473));
#2108=CARTESIAN_POINT('Ctrl Pts',(20.5163976807628,3.99954778797367,-11.0565803263806));
#2109=CARTESIAN_POINT('Ctrl Pts',(20.5130306415375,4.00081898288609,-11.1934196736194));
#2110=CARTESIAN_POINT('Ctrl Pts',(20.5114409366951,3.73457479556467,-11.2101303870423));
#2111=CARTESIAN_POINT('Ctrl Pts',(20.4291567416109,3.46743202678876,-11.2268411004653));
#2112=CARTESIAN_POINT('Ctrl Pts',(20.2734279203777,3.25383646061043,-11.2435518138882));
#2113=CARTESIAN_POINT('Ctrl Pts',(20.0274174954868,2.9164118556192,-11.2699503294414));
#2114=CARTESIAN_POINT('Ctrl Pts',(19.5981211715742,2.71261781943613,-11.2963488449947));
#2115=CARTESIAN_POINT('Ctrl Pts',(19.1811544162265,2.73531623663544,-11.3227473605479));
#2116=CARTESIAN_POINT('Ctrl Pts',(18.7641876608789,2.75801465383475,-11.3491458761011));
#2117=CARTESIAN_POINT('Ctrl Pts',(18.3595504740962,3.00720552441645,-11.3755443916543));
#2118=CARTESIAN_POINT('Ctrl Pts',(18.1516220086605,3.36934119853603,-11.4019429072075));
#2119=CARTESIAN_POINT('Ctrl Pts',(17.9436935432247,3.73147687265561,-11.4283414227607));
#2120=CARTESIAN_POINT('Ctrl Pts',(17.932473799136,4.20655735031308,-11.4547399383139));
#2121=CARTESIAN_POINT('Ctrl Pts',(18.1230752252177,4.57810491063897,-11.4811384538672));
#2122=CARTESIAN_POINT('Ctrl Pts',(18.3136766512994,4.94965247096485,-11.5075369694204));
#2123=CARTESIAN_POINT('Ctrl Pts',(18.7060992475516,5.21766711395915,-11.5339354849736));
#2124=CARTESIAN_POINT('Ctrl Pts',(19.1215296270861,5.26002384858638,-11.5603340005268));
#2125=CARTESIAN_POINT('Ctrl Pts',(19.5369600066207,5.30238058321361,-11.58673251608));
#2126=CARTESIAN_POINT('Ctrl Pts',(19.9753981694376,5.11907940947376,-11.6131310316332));
#2127=CARTESIAN_POINT('Ctrl Pts',(20.2370630285581,4.79364432422639,-11.6395295471864));
#2128=CARTESIAN_POINT('Ctrl Pts',(20.4151178932043,4.57219578792073,-11.6574929226641));
#2129=CARTESIAN_POINT('Ctrl Pts',(20.5113199538221,4.28493381168292,-11.6754562981418));
#2130=CARTESIAN_POINT('Ctrl Pts',(20.5134811152006,3.99898845835121,-11.6934196736194));
#2131=CARTESIAN_POINT('Origin',(19.25,4.,-17.5));
#2132=CARTESIAN_POINT('',(20.5165540461663,3.99995332121316,-12.1934196736194));
#2133=CARTESIAN_POINT('',(20.5124257594371,3.99987772062396,-12.0565803263806));
#2134=CARTESIAN_POINT('',(20.5145,4.,-17.5));
#2135=CARTESIAN_POINT('Ctrl Pts',(20.5124257594371,3.99987772062396,-12.0565803263806));
#2136=CARTESIAN_POINT('Ctrl Pts',(20.5122375424815,4.21867932475337,-12.0428636656231));
#2137=CARTESIAN_POINT('Ctrl Pts',(20.4582484050108,4.43756791513839,-12.0291470048655));
#2138=CARTESIAN_POINT('Ctrl Pts',(20.3509905899995,4.62616125826352,-12.015430344108));
#2139=CARTESIAN_POINT('Ctrl Pts',(20.1437414594147,4.99057112800239,-11.9889262985406));
#2140=CARTESIAN_POINT('Ctrl Pts',(19.7376085062246,5.24187072618939,-11.9624222529732));
#2141=CARTESIAN_POINT('Ctrl Pts',(19.3190096030324,5.26471177558636,-11.9359182074058));
#2142=CARTESIAN_POINT('Ctrl Pts',(18.9004106998403,5.28755282498333,-11.9094141618383));
#2143=CARTESIAN_POINT('Ctrl Pts',(18.4693458466462,5.08193532559028,-11.8829101162709));
#2144=CARTESIAN_POINT('Ctrl Pts',(18.223676832934,4.74223915105649,-11.8564060707035));
#2145=CARTESIAN_POINT('Ctrl Pts',(17.9780078192218,4.40254297652271,-11.8299020251361));
#2146=CARTESIAN_POINT('Ctrl Pts',(17.9177346449915,3.92876812684819,-11.8033979795686));
#2147=CARTESIAN_POINT('Ctrl Pts',(18.0705231197442,3.53838057930861,-11.7768939340012));
#2148=CARTESIAN_POINT('Ctrl Pts',(18.2233115944969,3.14799303176903,-11.7503898884338));
#2149=CARTESIAN_POINT('Ctrl Pts',(18.5891617182325,2.8409927863644,-11.7238858428664));
#2150=CARTESIAN_POINT('Ctrl Pts',(19.0001457194596,2.75829510788064,-11.6973817972989));
#2151=CARTESIAN_POINT('Ctrl Pts',(19.4111297206867,2.67559742939689,-11.6708777517315));
#2152=CARTESIAN_POINT('Ctrl Pts',(19.8672475994051,2.81720231783398,-11.6443737061641));
#2153=CARTESIAN_POINT('Ctrl Pts',(20.1591380517877,3.11811213671515,-11.6178696605967));
#2154=CARTESIAN_POINT('Ctrl Pts',(20.3841322757204,3.3500586447981,-11.5974398825246));
#2155=CARTESIAN_POINT('Ctrl Pts',(20.5115492336049,3.67665767181498,-11.5770101044526));
#2156=CARTESIAN_POINT('Ctrl Pts',(20.5145516211103,4.00116293446264,-11.5565803263806));
#2157=CARTESIAN_POINT('Ctrl Pts',(20.5134811152006,3.99898845835121,-11.6934196736194));
#2158=CARTESIAN_POINT('Ctrl Pts',(20.5144959411154,3.8647158595121,-11.701854813695));
#2159=CARTESIAN_POINT('Ctrl Pts',(20.4947747435653,3.73073357609635,-11.7102899537705));
#2160=CARTESIAN_POINT('Ctrl Pts',(20.4530555529543,3.60399233311858,-11.7187250938461));
#2161=CARTESIAN_POINT('Ctrl Pts',(20.322491662806,3.207344424013,-11.7451236093993));
#2162=CARTESIAN_POINT('Ctrl Pts',(19.9764723270852,2.88161760255671,-11.7715221249525));
#2163=CARTESIAN_POINT('Ctrl Pts',(19.5726665738753,2.775234300845,-11.7979206405057));
#2164=CARTESIAN_POINT('Ctrl Pts',(19.1688608206654,2.66885099913328,-11.8243191560589));
#2165=CARTESIAN_POINT('Ctrl Pts',(18.7072686499663,2.78181121716615,-11.8507176716122));
#2166=CARTESIAN_POINT('Ctrl Pts',(18.3982216282884,3.06264289557958,-11.8771161871654));
#2167=CARTESIAN_POINT('Ctrl Pts',(18.0891746066105,3.34347457399301,-11.9035147027186));
#2168=CARTESIAN_POINT('Ctrl Pts',(17.9326727339537,3.79217771278701,-11.9299132182718));
#2169=CARTESIAN_POINT('Ctrl Pts',(18.0000284937768,4.20429383092261,-11.956311733825));
#2170=CARTESIAN_POINT('Ctrl Pts',(18.0673842535998,4.61640994905821,-11.9827102493782));
#2171=CARTESIAN_POINT('Ctrl Pts',(18.3585976459029,4.99193904653542,-12.0091087649314));
#2172=CARTESIAN_POINT('Ctrl Pts',(18.7409728130002,5.15976551880892,-12.0355072804847));
#2173=CARTESIAN_POINT('Ctrl Pts',(19.1233479800976,5.32759199108242,-12.0619057960379));
#2174=CARTESIAN_POINT('Ctrl Pts',(19.5968849219893,5.28771583815221,-12.0883043115911));
#2175=CARTESIAN_POINT('Ctrl Pts',(19.9458092535992,5.05830724193345,-12.1147028271443));
#2176=CARTESIAN_POINT('Ctrl Pts',(20.2926245001788,4.83028531380366,-12.1409417759693));
#2177=CARTESIAN_POINT('Ctrl Pts',(20.5163290339325,4.41501528819693,-12.1671807247944));
#2178=CARTESIAN_POINT('Ctrl Pts',(20.5165540461663,3.99995332121316,-12.1934196736194));
#2179=CARTESIAN_POINT('Origin',(19.25,4.,-17.5));
#2180=CARTESIAN_POINT('',(20.5136112442285,4.00104792430784,-12.6934196736194));
#2181=CARTESIAN_POINT('',(20.5150018196223,3.99888439618132,-12.5565803263806));
#2182=CARTESIAN_POINT('',(20.5145,4.,-17.5));
#2183=CARTESIAN_POINT('Ctrl Pts',(20.5150018196223,3.99888439618132,-12.5565803263806));
#2184=CARTESIAN_POINT('Ctrl Pts',(20.5118799820985,4.33784043917583,-12.5352212723609));
#2185=CARTESIAN_POINT('Ctrl Pts',(20.3712691469724,4.67908088296946,-12.5138622183413));
#2186=CARTESIAN_POINT('Ctrl Pts',(20.1276914645187,4.91318995489908,-12.4925031643216));
#2187=CARTESIAN_POINT('Ctrl Pts',(19.8254405320091,5.2036914679559,-12.4659991187542));
#2188=CARTESIAN_POINT('Ctrl Pts',(19.3646427098919,5.32923361565127,-12.4394950731868));
#2189=CARTESIAN_POINT('Ctrl Pts',(18.9568074288219,5.23219167211253,-12.4129910276194));
#2190=CARTESIAN_POINT('Ctrl Pts',(18.5489721477519,5.13514972857378,-12.386486982052));
#2191=CARTESIAN_POINT('Ctrl Pts',(18.1940994077291,4.81552369380091,-12.3599829364845));
#2192=CARTESIAN_POINT('Ctrl Pts',(18.0550782841668,4.42002415840967,-12.3334788909171));
#2193=CARTESIAN_POINT('Ctrl Pts',(17.9160571606045,4.02452462301842,-12.3069748453497));
#2194=CARTESIAN_POINT('Ctrl Pts',(17.9928876535027,3.5531515870088,-12.2804707997823));
#2195=CARTESIAN_POINT('Ctrl Pts',(18.250304028021,3.222268578347,-12.2539667542148));
#2196=CARTESIAN_POINT('Ctrl Pts',(18.5077204025393,2.8913855696852,-12.2274627086474));
#2197=CARTESIAN_POINT('Ctrl Pts',(18.9457226586776,2.70099258837123,-12.20095866308));
#2198=CARTESIAN_POINT('Ctrl Pts',(19.3632646903679,2.73848134752856,-12.1744546175126));
#2199=CARTESIAN_POINT('Ctrl Pts',(19.7808067220582,2.77597010668589,-12.1479505719451));
#2200=CARTESIAN_POINT('Ctrl Pts',(20.1778885293004,3.04134060631453,-12.1214465263777));
#2201=CARTESIAN_POINT('Ctrl Pts',(20.3722467789319,3.41278592677422,-12.0949424808103));
#2202=CARTESIAN_POINT('Ctrl Pts',(20.4660186418988,3.59199684144276,-12.0821550960004));
#2203=CARTESIAN_POINT('Ctrl Pts',(20.5126012250756,3.79589948142374,-12.0693677111905));
#2204=CARTESIAN_POINT('Ctrl Pts',(20.5124257594371,3.99987772062396,-12.0565803263806));
#2205=CARTESIAN_POINT('Ctrl Pts',(20.5165540461664,3.99995332121316,-12.1934196736194));
#2206=CARTESIAN_POINT('Ctrl Pts',(20.5165554145316,3.99742920789967,-12.1935792403476));
#2207=CARTESIAN_POINT('Ctrl Pts',(20.5165485181502,3.99490510228062,-12.1937388070758));
#2208=CARTESIAN_POINT('Ctrl Pts',(20.5165333344491,3.99238104651475,-12.1938983738039));
#2209=CARTESIAN_POINT('Ctrl Pts',(20.514021362361,3.57480448682211,-12.2202968893572));
#2210=CARTESIAN_POINT('Ctrl Pts',(20.2846856968566,3.15859240694417,-12.2466954049104));
#2211=CARTESIAN_POINT('Ctrl Pts',(19.9330266584442,2.93339823758932,-12.2730939204636));
#2212=CARTESIAN_POINT('Ctrl Pts',(19.5813676200319,2.70820406823448,-12.2994924360168));
#2213=CARTESIAN_POINT('Ctrl Pts',(19.1073852087117,2.67402780940272,-12.32589095157));
#2214=CARTESIAN_POINT('Ctrl Pts',(18.727056794551,2.84644239866501,-12.3522894671232));
#2215=CARTESIAN_POINT('Ctrl Pts',(18.3467283803902,3.0188569879273,-12.3786879826764));
#2216=CARTESIAN_POINT('Ctrl Pts',(18.060053963389,3.39786242528364,-12.4050864982297));
#2217=CARTESIAN_POINT('Ctrl Pts',(17.9976611473798,3.81075905849702,-12.4314850137829));
#2218=CARTESIAN_POINT('Ctrl Pts',(17.9352683313706,4.2236556917104,-12.4578835293361));
#2219=CARTESIAN_POINT('Ctrl Pts',(18.0971571163534,4.67044352078082,-12.4842820448893));
#2220=CARTESIAN_POINT('Ctrl Pts',(18.4095603894799,4.94753680498011,-12.5106805604425));
#2221=CARTESIAN_POINT('Ctrl Pts',(18.7219636626064,5.2246300891794,-12.5370790759957));
#2222=CARTESIAN_POINT('Ctrl Pts',(19.1848814238766,5.33202882850756,-12.5634775915489));
#2223=CARTESIAN_POINT('Ctrl Pts',(19.5873780810643,5.22079513684337,-12.5898761071022));
#2224=CARTESIAN_POINT('Ctrl Pts',(19.989874738252,5.10956144517919,-12.6162746226554));
#2225=CARTESIAN_POINT('Ctrl Pts',(20.3319502913572,4.77969532252266,-12.6426731382086));
#2226=CARTESIAN_POINT('Ctrl Pts',(20.457732757455,4.38150533717539,-12.6690716537618));
#2227=CARTESIAN_POINT('Ctrl Pts',(20.4964035427638,4.25908509917884,-12.677187660381));
#2228=CARTESIAN_POINT('Ctrl Pts',(20.5146302085288,4.13020685905255,-12.6853036670002));
#2229=CARTESIAN_POINT('Ctrl Pts',(20.5136112442285,4.00104792430784,-12.6934196736194));
#2230=CARTESIAN_POINT('Origin',(19.25,4.,-17.5));
#2231=CARTESIAN_POINT('',(20.5129335960417,3.99924134227824,-13.1934196736194));
#2232=CARTESIAN_POINT('',(20.5161294842468,4.00068765080833,-13.0565803263806));
#2233=CARTESIAN_POINT('',(20.5145,4.,-17.5));
#2234=CARTESIAN_POINT('Ctrl Pts',(20.5161294842468,4.00068765080833,-13.0565803263806));
#2235=CARTESIAN_POINT('Ctrl Pts',(20.5163884244139,4.04022819829482,-13.0540829246663));
#2236=CARTESIAN_POINT('Ctrl Pts',(20.5146972529923,4.07974630216767,-13.0515855229519));
#2237=CARTESIAN_POINT('Ctrl Pts',(20.5109836316683,4.11907342811106,-13.0490881212376));
#2238=CARTESIAN_POINT('Ctrl Pts',(20.4715722753666,4.53643837667008,-13.0225840756701));
#2239=CARTESIAN_POINT('Ctrl Pts',(20.2043758251802,4.9322938057395,-12.9960800301027));
#2240=CARTESIAN_POINT('Ctrl Pts',(19.8320393248559,5.12493929833516,-12.9695759845353));
#2241=CARTESIAN_POINT('Ctrl Pts',(19.4597028245315,5.31758479093082,-12.9430719389678));
#2242=CARTESIAN_POINT('Ctrl Pts',(18.9822262740691,5.30702034705272,-12.9165678934004));
#2243=CARTESIAN_POINT('Ctrl Pts',(18.6187747573559,5.09809512050019,-12.890063847833));
#2244=CARTESIAN_POINT('Ctrl Pts',(18.2553232406426,4.88916989394766,-12.8635598022656));
#2245=CARTESIAN_POINT('Ctrl Pts',(18.0058967576784,4.48188388472069,-12.8370557566982));
#2246=CARTESIAN_POINT('Ctrl Pts',(17.9849838126832,4.06318422622686,-12.8105517111307));
#2247=CARTESIAN_POINT('Ctrl Pts',(17.964070867688,3.64448456773304,-12.7840476655633));
#2248=CARTESIAN_POINT('Ctrl Pts',(18.1716714606618,3.21437125997235,-12.7575436199959));
#2249=CARTESIAN_POINT('Ctrl Pts',(18.5124954640998,2.97026932640419,-12.7310395744285));
#2250=CARTESIAN_POINT('Ctrl Pts',(18.8533194675378,2.72616739283602,-12.704535528861));
#2251=CARTESIAN_POINT('Ctrl Pts',(19.3273668814399,2.66807683346037,-12.6780314832936));
#2252=CARTESIAN_POINT('Ctrl Pts',(19.7170466196394,2.82266162225938,-12.6515274377262));
#2253=CARTESIAN_POINT('Ctrl Pts',(20.1067263578388,2.97724641105839,-12.6250233921588));
#2254=CARTESIAN_POINT('Ctrl Pts',(20.4120384203355,3.34450654803206,-12.5985193465914));
#2255=CARTESIAN_POINT('Ctrl Pts',(20.4928424301329,3.75586705572803,-12.5720153010239));
#2256=CARTESIAN_POINT('Ctrl Pts',(20.5085281844596,3.83572076446849,-12.5668703094762));
#2257=CARTESIAN_POINT('Ctrl Pts',(20.5157538111506,3.91723630564928,-12.5617253179284));
#2258=CARTESIAN_POINT('Ctrl Pts',(20.5150018196223,3.99888439618132,-12.5565803263806));
#2259=CARTESIAN_POINT('Ctrl Pts',(20.5136112442285,4.00104792430784,-12.6934196736194));
#2260=CARTESIAN_POINT('Ctrl Pts',(20.5113158759768,3.71009826283404,-12.7117021825534));
#2261=CARTESIAN_POINT('Ctrl Pts',(20.4113600091386,3.41772423768426,-12.7299846914874));
#2262=CARTESIAN_POINT('Ctrl Pts',(20.2274434501467,3.19453799748938,-12.7482672004214));
#2263=CARTESIAN_POINT('Ctrl Pts',(19.9618822976502,2.87227449118864,-12.7746657159747));
#2264=CARTESIAN_POINT('Ctrl Pts',(19.5212706135668,2.69426132662518,-12.8010642315279));
#2265=CARTESIAN_POINT('Ctrl Pts',(19.106379883244,2.74161293800912,-12.8274627470811));
#2266=CARTESIAN_POINT('Ctrl Pts',(18.6914891529211,2.78896454939306,-12.8538612626343));
#2267=CARTESIAN_POINT('Ctrl Pts',(18.3023193763587,3.06168093672441,-12.8802597781875));
#2268=CARTESIAN_POINT('Ctrl Pts',(18.1162017431626,3.43549468690222,-12.9066582937407));
#2269=CARTESIAN_POINT('Ctrl Pts',(17.9300841099666,3.80930843708003,-12.9330568092939));
#2270=CARTESIAN_POINT('Ctrl Pts',(17.9470186201368,4.28421955010429,-12.9594553248471));
#2271=CARTESIAN_POINT('Ctrl Pts',(18.1592888038581,4.64382747870355,-12.9858538404004));
#2272=CARTESIAN_POINT('Ctrl Pts',(18.3715589875793,5.0034354073028,-13.0122523559536));
#2273=CARTESIAN_POINT('Ctrl Pts',(18.7791648448516,5.24774015147704,-13.0386508715068));
#2274=CARTESIAN_POINT('Ctrl Pts',(19.1963745025606,5.26542049997123,-13.06504938706));
#2275=CARTESIAN_POINT('Ctrl Pts',(19.6135841602695,5.28310084846542,-13.0914479026132));
#2276=CARTESIAN_POINT('Ctrl Pts',(20.0403976184152,5.07415680127957,-13.1178464181664));
#2277=CARTESIAN_POINT('Ctrl Pts',(20.2823307653553,4.73379692464875,-13.1442449337197));
#2278=CARTESIAN_POINT('Ctrl Pts',(20.4325538533408,4.52245791492428,-13.1606365136862));
#2279=CARTESIAN_POINT('Ctrl Pts',(20.511496023258,4.26045130890215,-13.1770280936528));
#2280=CARTESIAN_POINT('Ctrl Pts',(20.5129335960417,3.99924134227824,-13.1934196736194));
#2281=CARTESIAN_POINT('Origin',(19.25,4.,-17.5));
#2282=CARTESIAN_POINT('',(20.5163230224717,3.99951251958022,-13.6934196736194));
#2283=CARTESIAN_POINT('',(20.5128783534355,4.00075613463646,-13.5565803263806));
#2284=CARTESIAN_POINT('',(20.5145,4.,-17.5));
#2285=CARTESIAN_POINT('Ctrl Pts',(20.5128783534355,4.00075613463646,-13.5565803263806));
#2286=CARTESIAN_POINT('Ctrl Pts',(20.5137567146866,4.16235646663493,-13.5464405314041));
#2287=CARTESIAN_POINT('Ctrl Pts',(20.4850012063703,4.32365599560585,-13.5363007364276));
#2288=CARTESIAN_POINT('Ctrl Pts',(20.4251749028767,4.47246391213117,-13.5261609414512));
#2289=CARTESIAN_POINT('Ctrl Pts',(20.2687970789062,4.86142757555166,-13.4996568958838));
#2290=CARTESIAN_POINT('Ctrl Pts',(19.9001347185946,5.16504497921182,-13.4731528503163));
#2291=CARTESIAN_POINT('Ctrl Pts',(19.4884064297361,5.24395360640098,-13.4466488047489));
#2292=CARTESIAN_POINT('Ctrl Pts',(19.0766781408776,5.32286223359013,-13.4201447591815));
#2293=CARTESIAN_POINT('Ctrl Pts',(18.6218839234723,5.17706208430828,-13.3936407136141));
#2294=CARTESIAN_POINT('Ctrl Pts',(18.3327775115255,4.87347644916973,-13.3671366680466));
#2295=CARTESIAN_POINT('Ctrl Pts',(18.0436710995787,4.56989081403118,-13.3406326224792));
#2296=CARTESIAN_POINT('Ctrl Pts',(17.9202524930905,4.10851969303594,-13.3141285769118));
#2297=CARTESIAN_POINT('Ctrl Pts',(18.0191716976328,3.70113566504279,-13.2876245313444));
#2298=CARTESIAN_POINT('Ctrl Pts',(18.1180909021752,3.29375163704963,-13.261120485777));
#2299=CARTESIAN_POINT('Ctrl Pts',(18.4393479177481,2.94035470205857,-13.2346164402095));
#2300=CARTESIAN_POINT('Ctrl Pts',(18.8354835221151,2.80315653062758,-13.2081123946421));
#2301=CARTESIAN_POINT('Ctrl Pts',(19.2316191264821,2.6659583591966,-13.1816083490747));
#2302=CARTESIAN_POINT('Ctrl Pts',(19.7026333196432,2.74495895132569,-13.1551043035072));
#2303=CARTESIAN_POINT('Ctrl Pts',(20.0323272850152,3.00389648141455,-13.1286002579398));
#2304=CARTESIAN_POINT('Ctrl Pts',(20.3309551147576,3.23843505588332,-13.1045936140868));
#2305=CARTESIAN_POINT('Ctrl Pts',(20.5136403835402,3.62059828200112,-13.0805869702337));
#2306=CARTESIAN_POINT('Ctrl Pts',(20.5161294842468,4.00068765080833,-13.0565803263806));
#2307=CARTESIAN_POINT('Ctrl Pts',(20.5129335960417,3.99924134227824,-13.1934196736194));
#2308=CARTESIAN_POINT('Ctrl Pts',(20.5138112233525,3.83977463339976,-13.203426609206));
#2309=CARTESIAN_POINT('Ctrl Pts',(20.4858028086731,3.68060483283329,-13.2134335447927));
#2310=CARTESIAN_POINT('Ctrl Pts',(20.427492271146,3.53344165733061,-13.2234404803793));
#2311=CARTESIAN_POINT('Ctrl Pts',(20.273667794262,3.14522197271909,-13.2498389959325));
#2312=CARTESIAN_POINT('Ctrl Pts',(19.9089660047595,2.84055830957184,-13.2762375114857));
#2313=CARTESIAN_POINT('Ctrl Pts',(19.4995688779067,2.7582753481937,-13.3026360270389));
#2314=CARTESIAN_POINT('Ctrl Pts',(19.0901717510538,2.67599238681556,-13.3290345425922));
#2315=CARTESIAN_POINT('Ctrl Pts',(18.6360792868508,2.81609012720652,-13.3554330581454));
#2316=CARTESIAN_POINT('Ctrl Pts',(18.3442056952843,3.1147308808799,-13.3818315736986));
#2317=CARTESIAN_POINT('Ctrl Pts',(18.0523321037179,3.41337163455328,-13.4082300892518));
#2318=CARTESIAN_POINT('Ctrl Pts',(17.922677384788,3.8705554015091,-13.434628604805));
#2319=CARTESIAN_POINT('Ctrl Pts',(18.0143207037603,4.2779593721528,-13.4610271203582));
#2320=CARTESIAN_POINT('Ctrl Pts',(18.1059640227325,4.6853633427965,-13.4874256359114));
#2321=CARTESIAN_POINT('Ctrl Pts',(18.4189053796068,5.0429875171281,-13.5138241514646));
#2322=CARTESIAN_POINT('Ctrl Pts',(18.8105482357167,5.18787494400351,-13.5402226670179));
#2323=CARTESIAN_POINT('Ctrl Pts',(19.2021910918266,5.33276237087893,-13.5666211825711));
#2324=CARTESIAN_POINT('Ctrl Pts',(19.6725354471721,5.26491305029816,-13.5930196981243));
#2325=CARTESIAN_POINT('Ctrl Pts',(20.0072616678018,5.01524356791906,-13.6194182136775));
#2326=CARTESIAN_POINT('Ctrl Pts',(20.3200346714897,4.78194880605072,-13.6440853669915));
#2327=CARTESIAN_POINT('Ctrl Pts',(20.514395374143,4.38990135393098,-13.6687525203055));
#2328=CARTESIAN_POINT('Ctrl Pts',(20.5163230224717,3.99951251958022,-13.6934196736194));
#2329=CARTESIAN_POINT('Origin',(19.25,4.,-17.5));
#2330=CARTESIAN_POINT('',(20.5143155927911,4.00114104277067,-14.1934196736194));
#2331=CARTESIAN_POINT('',(20.5133624226077,3.99900025656981,-14.0565803263806));
#2332=CARTESIAN_POINT('',(20.5145,4.,-17.5));
#2333=CARTESIAN_POINT('Ctrl Pts',(20.5133624226077,3.99900025656981,-14.0565803263806));
#2334=CARTESIAN_POINT('Ctrl Pts',(20.5112756034446,4.28212654602869,-14.038798138142));
#2335=CARTESIAN_POINT('Ctrl Pts',(20.4172341170853,4.5665095591375,-14.0210159499034));
#2336=CARTESIAN_POINT('Ctrl Pts',(20.2424899369887,4.78690655454995,-14.0032337616648));
#2337=CARTESIAN_POINT('Ctrl Pts',(19.9820367436146,5.11540448354257,-13.9767297160974));
#2338=CARTESIAN_POINT('Ctrl Pts',(19.5422993725566,5.30175498182712,-13.95022567053));
#2339=CARTESIAN_POINT('Ctrl Pts',(19.1251203597945,5.26042186432941,-13.9237216249625));
#2340=CARTESIAN_POINT('Ctrl Pts',(18.7079413470324,5.2190887468317,-13.8972175793951));
#2341=CARTESIAN_POINT('Ctrl Pts',(18.3133206925663,4.95007201355172,-13.8707135338277));
#2342=CARTESIAN_POINT('Ctrl Pts',(18.1223920431813,4.57685223093666,-13.8442094882603));
#2343=CARTESIAN_POINT('Ctrl Pts',(17.9314633937963,4.2036324483216,-13.8177054426929));
#2344=CARTESIAN_POINT('Ctrl Pts',(17.9442267494924,3.72620961637146,-13.7912013971254));
#2345=CARTESIAN_POINT('Ctrl Pts',(18.1548236405309,3.36372416179967,-13.764697351558));
#2346=CARTESIAN_POINT('Ctrl Pts',(18.3654205315695,3.00123870722788,-13.7381933059906));
#2347=CARTESIAN_POINT('Ctrl Pts',(18.7738509579504,2.75369063003443,-13.7116892604231));
#2348=CARTESIAN_POINT('Ctrl Pts',(19.1926424907699,2.73470623302238,-13.6851852148557));
#2349=CARTESIAN_POINT('Ctrl Pts',(19.6114340235894,2.71572183601033,-13.6586811692883));
#2350=CARTESIAN_POINT('Ctrl Pts',(20.0405866628474,2.92530111917968,-13.6321771237209));
#2351=CARTESIAN_POINT('Ctrl Pts',(20.2831163386619,3.26724572235477,-13.6056730781535));
#2352=CARTESIAN_POINT('Ctrl Pts',(20.4328601345919,3.47837074326324,-13.5893088275625));
#2353=CARTESIAN_POINT('Ctrl Pts',(20.511460797789,3.73995516829139,-13.5729445769715));
#2354=CARTESIAN_POINT('Ctrl Pts',(20.5128783534355,4.00075613463646,-13.5565803263806));
#2355=CARTESIAN_POINT('Ctrl Pts',(20.5163230224717,3.99951251958022,-13.6934196736194));
#2356=CARTESIAN_POINT('Ctrl Pts',(20.5164583221345,3.97211152693975,-13.6951510358587));
#2357=CARTESIAN_POINT('Ctrl Pts',(20.515645601819,3.9447187054671,-13.6968823980979));
#2358=CARTESIAN_POINT('Ctrl Pts',(20.513859266225,3.91738952305986,-13.6986137603371));
#2359=CARTESIAN_POINT('Ctrl Pts',(20.4866225581045,3.50069460475719,-13.7250122758904));
#2360=CARTESIAN_POINT('Ctrl Pts',(20.2330410559497,3.09879441232931,-13.7514107914436));
#2361=CARTESIAN_POINT('Ctrl Pts',(19.8686630683582,2.89482094501723,-13.7778093069968));
#2362=CARTESIAN_POINT('Ctrl Pts',(19.5042850807668,2.69084747770514,-13.80420782255));
#2363=CARTESIAN_POINT('Ctrl Pts',(19.0291106077388,2.68480073550887,-13.8306063381032));
#2364=CARTESIAN_POINT('Ctrl Pts',(18.6596602005787,2.87943600943885,-13.8570048536564));
#2365=CARTESIAN_POINT('Ctrl Pts',(18.2902097934187,3.07407128336884,-13.8834033692097));
#2366=CARTESIAN_POINT('Ctrl Pts',(18.0264834521268,3.46938857342508,-13.9098018847629));
#2367=CARTESIAN_POINT('Ctrl Pts',(17.9886521371633,3.88525548100086,-13.9362004003161));
#2368=CARTESIAN_POINT('Ctrl Pts',(17.9508208221999,4.30112238857664,-13.9625989158693));
#2369=CARTESIAN_POINT('Ctrl Pts',(18.138884533565,4.73753891367194,-13.9889974314225));
#2370=CARTESIAN_POINT('Ctrl Pts',(18.4671491509375,4.99564515960517,-14.0153959469757));
#2371=CARTESIAN_POINT('Ctrl Pts',(18.7954137683101,5.25375140553841,-14.0417944625289));
#2372=CARTESIAN_POINT('Ctrl Pts',(19.2638792916901,5.33354737230956,-14.0681929780821));
#2373=CARTESIAN_POINT('Ctrl Pts',(19.6590822057859,5.19867280132336,-14.0945914936354));
#2374=CARTESIAN_POINT('Ctrl Pts',(20.0542851198817,5.06379823033717,-14.1209900091886));
#2375=CARTESIAN_POINT('Ctrl Pts',(20.3762254246932,4.71425312159362,-14.1473885247418));
#2376=CARTESIAN_POINT('Ctrl Pts',(20.478206072627,4.30931307583932,-14.173787040295));
#2377=CARTESIAN_POINT('Ctrl Pts',(20.5034871490451,4.2089281454741,-14.1803312514032));
#2378=CARTESIAN_POINT('Ctrl Pts',(20.5152506556107,4.10513893206378,-14.1868754625113));
#2379=CARTESIAN_POINT('Ctrl Pts',(20.5143155927911,4.00114104277067,-14.1934196736194));
#2380=CARTESIAN_POINT('Origin',(19.25,4.,-17.5));
#2381=CARTESIAN_POINT('',(20.5125791721638,3.99958909378997,-14.6934196736194));
#2382=CARTESIAN_POINT('',(20.5164973412898,3.99968357900001,-14.5565803263806));
#2383=CARTESIAN_POINT('',(20.5145,4.,-17.5));
#2384=CARTESIAN_POINT('Ctrl Pts',(20.5164973412898,3.99968357900001,-14.5565803263806));
#2385=CARTESIAN_POINT('Ctrl Pts',(20.5151493958017,4.40191267143076,-14.5311557448799));
#2386=CARTESIAN_POINT('Ctrl Pts',(20.3070742683649,4.8053413872136,-14.5057311633792));
#2387=CARTESIAN_POINT('Ctrl Pts',(19.9779884770486,5.03648009045135,-14.4803065818784));
#2388=CARTESIAN_POINT('Ctrl Pts',(19.6349305270723,5.27743236425125,-14.453802536311));
#2389=CARTESIAN_POINT('Ctrl Pts',(19.1603681551299,5.33115404378828,-14.4272984907436));
#2390=CARTESIAN_POINT('Ctrl Pts',(18.7721288167386,5.17298650155313,-14.4007944451762));
#2391=CARTESIAN_POINT('Ctrl Pts',(18.3838894783473,5.01481895931798,-14.3742903996087));
#2392=CARTESIAN_POINT('Ctrl Pts',(18.0819731735072,4.64476219531065,-14.3477863540413));
#2393=CARTESIAN_POINT('Ctrl Pts',(18.0049616026454,4.23267485839697,-14.3212823084739));
#2394=CARTESIAN_POINT('Ctrl Pts',(17.9279500317835,3.82058752148328,-14.2947782629065));
#2395=CARTESIAN_POINT('Ctrl Pts',(18.0758431949,3.36646961166325,-14.268274217339));
#2396=CARTESIAN_POINT('Ctrl Pts',(18.3807570933579,3.0787644330195,-14.2417701717716));
#2397=CARTESIAN_POINT('Ctrl Pts',(18.6856709918158,2.79105925437574,-14.2152661262042));
#2398=CARTESIAN_POINT('Ctrl Pts',(19.1476056256151,2.66976680690827,-14.1887620806368));
#2399=CARTESIAN_POINT('Ctrl Pts',(19.5545297595695,2.77056117429372,-14.1622580350694));
#2400=CARTESIAN_POINT('Ctrl Pts',(19.961453893524,2.87135554167918,-14.1357539895019));
#2401=CARTESIAN_POINT('Ctrl Pts',(20.3133675276336,3.19423672391756,-14.1092499439345));
#2402=CARTESIAN_POINT('Ctrl Pts',(20.4487398368433,3.59099999488709,-14.0827458983671));
#2403=CARTESIAN_POINT('Ctrl Pts',(20.4932876763117,3.72156544512801,-14.0740240410383));
#2404=CARTESIAN_POINT('Ctrl Pts',(20.5143859714965,3.86013168372779,-14.0653021837094));
#2405=CARTESIAN_POINT('Ctrl Pts',(20.5133624226077,3.99900025656981,-14.0565803263806));
#2406=CARTESIAN_POINT('Ctrl Pts',(20.5143155927911,4.00114104277067,-14.1934196736194));
#2407=CARTESIAN_POINT('Ctrl Pts',(20.5114787310841,3.68562466936031,-14.2132739780645));
#2408=CARTESIAN_POINT('Ctrl Pts',(20.3917593540731,3.36818756288748,-14.2331282825096));
#2409=CARTESIAN_POINT('Ctrl Pts',(20.1780279943689,3.13806683705132,-14.2529825869546));
#2410=CARTESIAN_POINT('Ctrl Pts',(19.8938482771207,2.83209562678265,-14.2793811025079));
#2411=CARTESIAN_POINT('Ctrl Pts',(19.4434678515683,2.68048818901037,-14.3057796180611));
#2412=CARTESIAN_POINT('Ctrl Pts',(19.0321094802392,2.75232678271856,-14.3321781336143));
#2413=CARTESIAN_POINT('Ctrl Pts',(18.6207511089101,2.82416537642674,-14.3585766491675));
#2414=CARTESIAN_POINT('Ctrl Pts',(18.2484147918043,3.11945000161539,-14.3849751647207));
#2415=CARTESIAN_POINT('Ctrl Pts',(18.084761294023,3.50362968076625,-14.4113736802739));
#2416=CARTESIAN_POINT('Ctrl Pts',(17.9211077962418,3.8878093599171,-14.4377721958271));
#2417=CARTESIAN_POINT('Ctrl Pts',(17.966137117785,4.36088409303016,-14.4641707113804));
#2418=CARTESIAN_POINT('Ctrl Pts',(18.1993309562632,4.70729010756275,-14.4905692269336));
#2419=CARTESIAN_POINT('Ctrl Pts',(18.4325247947413,5.05369612209533,-14.5169677424868));
#2420=CARTESIAN_POINT('Ctrl Pts',(18.8538831501543,5.27343341804744,-14.54336625804));
#2421=CARTESIAN_POINT('Ctrl Pts',(19.2714076122562,5.26637531950864,-14.5697647735932));
#2422=CARTESIAN_POINT('Ctrl Pts',(19.6889320743581,5.25931722096984,-14.5961632891464));
#2423=CARTESIAN_POINT('Ctrl Pts',(20.1026226431491,5.02546372794014,-14.6225618046996));
#2424=CARTESIAN_POINT('Ctrl Pts',(20.3239748531989,4.67137377847175,-14.6489603202529));
#2425=CARTESIAN_POINT('Ctrl Pts',(20.4482391147661,4.47259227053397,-14.6637801047084));
#2426=CARTESIAN_POINT('Ctrl Pts',(20.5118869026991,4.23591759329134,-14.6785998891639));
#2427=CARTESIAN_POINT('Ctrl Pts',(20.5125791721638,3.99958909378997,-14.6934196736194));
#2428=CARTESIAN_POINT('Origin',(19.25,4.,-17.5));
#2429=CARTESIAN_POINT('',(20.5158012482847,3.99915514092586,-15.1934196736194));
#2430=CARTESIAN_POINT('',(20.5143160698683,4.0011653056859,-15.0565803263806));
#2431=CARTESIAN_POINT('',(20.5145,4.,-17.5));
#2432=CARTESIAN_POINT('Ctrl Pts',(20.5143160698683,4.0011653056859,-15.0565803263806));
#2433=CARTESIAN_POINT('Ctrl Pts',(20.5152665399378,4.10546004596835,-15.0500173971852));
#2434=CARTESIAN_POINT('Ctrl Pts',(20.5034457613341,4.20954222639946,-15.0434544679898));
#2435=CARTESIAN_POINT('Ctrl Pts',(20.4780232716016,4.31018872484614,-15.0368915387943));
#2436=CARTESIAN_POINT('Ctrl Pts',(20.3753558793072,4.71664433355449,-15.0103874932269));
#2437=CARTESIAN_POINT('Ctrl Pts',(20.0508573789883,5.06706720239574,-14.9838834476595));
#2438=CARTESIAN_POINT('Ctrl Pts',(19.6534748571029,5.20061077802248,-14.9573794020921));
#2439=CARTESIAN_POINT('Ctrl Pts',(19.2560923352175,5.33415435364922,-14.9308753565247));
#2440=CARTESIAN_POINT('Ctrl Pts',(18.7858257917655,5.25081863606144,-14.9043713109572));
#2441=CARTESIAN_POINT('Ctrl Pts',(18.4585308668728,4.98885530383583,-14.8778672653898));
#2442=CARTESIAN_POINT('Ctrl Pts',(18.13123594198,4.72689197161023,-14.8513632198224));
#2443=CARTESIAN_POINT('Ctrl Pts',(17.9469126356465,4.28630102474679,-14.824859174255));
#2444=CARTESIAN_POINT('Ctrl Pts',(17.9901666376297,3.86931679650353,-14.7983551286875));
#2445=CARTESIAN_POINT('Ctrl Pts',(18.0334206396128,3.45233256826027,-14.7718510831201));
#2446=CARTESIAN_POINT('Ctrl Pts',(18.3042519499126,3.05895505863718,-14.7453470375527));
#2447=CARTESIAN_POINT('Ctrl Pts',(18.6783470985092,2.86974730222189,-14.7188429919853));
#2448=CARTESIAN_POINT('Ctrl Pts',(19.0524422471058,2.68053954580661,-14.6923389464178));
#2449=CARTESIAN_POINT('Ctrl Pts',(19.5298012339992,2.69550154259914,-14.6658349008504));
#2450=CARTESIAN_POINT('Ctrl Pts',(19.8913129378046,2.90776563118444,-14.639330855283));
#2451=CARTESIAN_POINT('Ctrl Pts',(20.25282464161,3.12002971976975,-14.6128268097156));
#2452=CARTESIAN_POINT('Ctrl Pts',(20.4984890623273,3.52959590014783,-14.5863227641481));
#2453=CARTESIAN_POINT('Ctrl Pts',(20.515544508681,3.94847042436825,-14.5598187185807));
#2454=CARTESIAN_POINT('Ctrl Pts',(20.5162391475969,3.96553046134279,-14.558739254514));
#2455=CARTESIAN_POINT('Ctrl Pts',(20.51655457168,3.9826059389275,-14.5576597904473));
#2456=CARTESIAN_POINT('Ctrl Pts',(20.5164973412898,3.99968357900001,-14.5565803263806));
#2457=CARTESIAN_POINT('Ctrl Pts',(20.5125791721638,3.99958909378997,-14.6934196736194));
#2458=CARTESIAN_POINT('Ctrl Pts',(20.5131200438616,3.81494510286948,-14.7049984047171));
#2459=CARTESIAN_POINT('Ctrl Pts',(20.4752307755453,3.63051243034316,-14.7165771358148));
#2460=CARTESIAN_POINT('Ctrl Pts',(20.39779579988,3.46452867723773,-14.7281558669125));
#2461=CARTESIAN_POINT('Ctrl Pts',(20.2212506852025,3.08609993137917,-14.7545543824657));
#2462=CARTESIAN_POINT('Ctrl Pts',(19.8391466045388,2.8035688455691,-14.7809528980189));
#2463=CARTESIAN_POINT('Ctrl Pts',(19.42559515457,2.74567505110714,-14.8073514135721));
#2464=CARTESIAN_POINT('Ctrl Pts',(19.0120437046013,2.68778125664518,-14.8337499291254));
#2465=CARTESIAN_POINT('Ctrl Pts',(18.5670448853274,2.85452475353133,-14.8601484446786));
#2466=CARTESIAN_POINT('Ctrl Pts',(18.2933692476687,3.16992630482804,-14.8865469602318));
#2467=CARTESIAN_POINT('Ctrl Pts',(18.0196936100099,3.48532785612475,-14.912945475785));
#2468=CARTESIAN_POINT('Ctrl Pts',(17.9173411539663,3.94938746183201,-14.9393439913382));
#2469=CARTESIAN_POINT('Ctrl Pts',(18.0329503491271,4.35064923076011,-14.9657425068914));
#2470=CARTESIAN_POINT('Ctrl Pts',(18.1485595442879,4.7519109996882,-14.9921410224446));
#2471=CARTESIAN_POINT('Ctrl Pts',(18.482130390653,5.09037493183714,-15.0185395379979));
#2472=CARTESIAN_POINT('Ctrl Pts',(18.8816662056276,5.21181473487069,-15.0449380535511));
#2473=CARTESIAN_POINT('Ctrl Pts',(19.2812020206022,5.33325453790424,-15.0713365691043));
#2474=CARTESIAN_POINT('Ctrl Pts',(19.7467028041862,5.23767021182242,-15.0977350846575));
#2475=CARTESIAN_POINT('Ctrl Pts',(20.0660559703389,4.96861622379152,-15.1241336002107));
#2476=CARTESIAN_POINT('Ctrl Pts',(20.3454495454405,4.7332280592811,-15.1472289580136));
#2477=CARTESIAN_POINT('Ctrl Pts',(20.5129812397569,4.36506562868371,-15.1703243158165));
#2478=CARTESIAN_POINT('Ctrl Pts',(20.5158012482847,3.99915514092586,-15.1934196736194));
#2479=CARTESIAN_POINT('Origin',(19.25,4.,-17.5));
#2480=CARTESIAN_POINT('',(20.5150645994869,4.00107959943193,-15.6934196736194));
#2481=CARTESIAN_POINT('',(20.5124598159623,3.99975055169569,-15.5565803263806));
#2482=CARTESIAN_POINT('',(20.5145,4.,-17.5));
#2483=CARTESIAN_POINT('Ctrl Pts',(20.5124598159623,3.99975055169569,-15.5565803263806));
#2484=CARTESIAN_POINT('Ctrl Pts',(20.5120615814403,4.2263318115903,-15.5423750039231));
#2485=CARTESIAN_POINT('Ctrl Pts',(20.4539271388696,4.45310370935873,-15.5281696814655));
#2486=CARTESIAN_POINT('Ctrl Pts',(20.3392692109311,4.64633643459903,-15.513964359008));
#2487=CARTESIAN_POINT('Ctrl Pts',(20.1253424270913,5.00686671965201,-15.4874603134405));
#2488=CARTESIAN_POINT('Ctrl Pts',(19.7146491799841,5.25064227317462,-15.4609562678731));
#2489=CARTESIAN_POINT('Ctrl Pts',(19.2957005490528,5.2657684071173,-15.4344522223057));
#2490=CARTESIAN_POINT('Ctrl Pts',(18.8767519181215,5.28089454105998,-15.4079481767383));
#2491=CARTESIAN_POINT('Ctrl Pts',(18.4495479033661,5.06737125542273,-15.3814441311709));
#2492=CARTESIAN_POINT('Ctrl Pts',(18.2101781423809,4.72320723519234,-15.3549400856034));
#2493=CARTESIAN_POINT('Ctrl Pts',(17.9708083813957,4.37904321496194,-15.328436040036));
#2494=CARTESIAN_POINT('Ctrl Pts',(17.9192728741806,3.9042384601384,-15.3019319944686));
#2495=CARTESIAN_POINT('Ctrl Pts',(18.0792267798136,3.51673168166513,-15.2754279489012));
#2496=CARTESIAN_POINT('Ctrl Pts',(18.2391806854467,3.12922490319186,-15.2489239033337));
#2497=CARTESIAN_POINT('Ctrl Pts',(18.610624003928,2.82901610106886,-15.2224198577663));
#2498=CARTESIAN_POINT('Ctrl Pts',(19.0230616481731,2.75390322001421,-15.1959158121989));
#2499=CARTESIAN_POINT('Ctrl Pts',(19.4354992924182,2.67879033895956,-15.1694117666315));
#2500=CARTESIAN_POINT('Ctrl Pts',(19.8889312624272,2.82877337897325,-15.1429077210641));
#2501=CARTESIAN_POINT('Ctrl Pts',(20.1752291052967,3.13500907326781,-15.1164036754966));
#2502=CARTESIAN_POINT('Ctrl Pts',(20.3906339040543,3.36541471461247,-15.0964625591246));
#2503=CARTESIAN_POINT('Ctrl Pts',(20.5114281163799,3.68427120382459,-15.0765214427526));
#2504=CARTESIAN_POINT('Ctrl Pts',(20.5143160698683,4.0011653056859,-15.0565803263806));
#2505=CARTESIAN_POINT('Ctrl Pts',(20.5158012482847,3.99915514092586,-15.1934196736194));
#2506=CARTESIAN_POINT('Ctrl Pts',(20.5162045731911,3.94682167747083,-15.1967228313697));
#2507=CARTESIAN_POINT('Ctrl Pts',(20.5132386448763,3.8945342785414,-15.20002598912));
#2508=CARTESIAN_POINT('Ctrl Pts',(20.5067488463377,3.84268797582555,-15.2033291468704));
#2509=CARTESIAN_POINT('Ctrl Pts',(20.4548830074622,3.42833736587048,-15.2297276624236));
#2510=CARTESIAN_POINT('Ctrl Pts',(20.1779457809896,3.04215979594031,-15.2561261779768));
#2511=CARTESIAN_POINT('Ctrl Pts',(19.8021278702419,2.86012301073825,-15.28252469353));
#2512=CARTESIAN_POINT('Ctrl Pts',(19.4263099594943,2.67808622553618,-15.3089232090832));
#2513=CARTESIAN_POINT('Ctrl Pts',(18.9516113644717,2.70019022506221,-15.3353217246364));
#2514=CARTESIAN_POINT('Ctrl Pts',(18.5943357953542,2.91636298216235,-15.3617202401896));
#2515=CARTESIAN_POINT('Ctrl Pts',(18.2370602262367,3.13253573926249,-15.3881187557429));
#2516=CARTESIAN_POINT('Ctrl Pts',(17.9972076830244,3.54277725393674,-15.4145172712961));
#2517=CARTESIAN_POINT('Ctrl Pts',(17.9840706631765,3.96015467539875,-15.4409157868493));
#2518=CARTESIAN_POINT('Ctrl Pts',(17.9709336433286,4.37753209686077,-15.4673143024025));
#2519=CARTESIAN_POINT('Ctrl Pts',(18.1845121468452,4.80204542511054,-15.4937128179557));
#2520=CARTESIAN_POINT('Ctrl Pts',(18.5274858462481,5.04025863779368,-15.5201113335089));
#2521=CARTESIAN_POINT('Ctrl Pts',(18.870459545651,5.27847185047682,-15.5465098490621));
#2522=CARTESIAN_POINT('Ctrl Pts',(19.3428284409402,5.33038494759332,-15.5729083646154));
#2523=CARTESIAN_POINT('Ctrl Pts',(19.7293503854093,5.17234292909985,-15.5993068801686));
#2524=CARTESIAN_POINT('Ctrl Pts',(20.1158723298783,5.01430091060638,-15.6257053957218));
#2525=CARTESIAN_POINT('Ctrl Pts',(20.4165473235271,4.64630377650295,-15.652103911275));
#2526=CARTESIAN_POINT('Ctrl Pts',(20.4943681846378,4.23603507554679,-15.6785024268282));
#2527=CARTESIAN_POINT('Ctrl Pts',(20.5090264961169,4.15875699968262,-15.6834748424253));
#2528=CARTESIAN_POINT('Ctrl Pts',(20.5157780846806,4.07997915550591,-15.6884472580223));
#2529=CARTESIAN_POINT('Ctrl Pts',(20.5150645994869,4.00107959943193,-15.6934196736194));
#2530=CARTESIAN_POINT('Origin',(19.25,4.,-17.5));
#2531=CARTESIAN_POINT('',(20.5124521215827,3.9999873494541,-16.1934196736194));
#2532=CARTESIAN_POINT('',(20.515234147715,3.99893173123455,-16.0565803263806));
#2533=CARTESIAN_POINT('',(20.5145,4.,-17.5));
#2534=CARTESIAN_POINT('Ctrl Pts',(20.515234147715,3.99893173123455,-16.0565803263806));
#2535=CARTESIAN_POINT('Ctrl Pts',(20.5121100771381,4.34547831230829,-16.0347326106609));
#2536=CARTESIAN_POINT('Ctrl Pts',(20.3642398851593,4.69436814691253,-16.0128848949413));
#2537=CARTESIAN_POINT('Ctrl Pts',(20.1107205990853,4.92920301785965,-15.9910371792216));
#2538=CARTESIAN_POINT('Ctrl Pts',(19.8031696039816,5.21408745155817,-15.9645331336542));
#2539=CARTESIAN_POINT('Ctrl Pts',(19.3401373514636,5.33111990966116,-15.9380290880868));
#2540=CARTESIAN_POINT('Ctrl Pts',(18.9341588895261,5.22658167052312,-15.9115250425193));
#2541=CARTESIAN_POINT('Ctrl Pts',(18.5281804275886,5.12204343138508,-15.8850209969519));
#2542=CARTESIAN_POINT('Ctrl Pts',(18.1792557562316,4.79593449500602,-15.8585169513845));
#2543=CARTESIAN_POINT('Ctrl Pts',(18.0475437466281,4.39794115081714,-15.8320129058171));
#2544=CARTESIAN_POINT('Ctrl Pts',(17.9158317370246,3.99994780662826,-15.8055088602496));
#2545=CARTESIAN_POINT('Ctrl Pts',(18.0013323891747,3.53007005462958,-15.7790048146822));
#2546=CARTESIAN_POINT('Ctrl Pts',(18.2648003038554,3.20398507614903,-15.7525007691148));
#2547=CARTESIAN_POINT('Ctrl Pts',(18.5282682185362,2.87790009766849,-15.7259967235474));
#2548=CARTESIAN_POINT('Ctrl Pts',(18.9697033957476,2.69560789270608,-15.6994926779799));
#2549=CARTESIAN_POINT('Ctrl Pts',(19.3864839948461,2.74078186166415,-15.6729886324125));
#2550=CARTESIAN_POINT('Ctrl Pts',(19.8032645939445,2.78595583062222,-15.6464845868451));
#2551=CARTESIAN_POINT('Ctrl Pts',(20.19539061493,3.05859597350076,-15.6199805412777));
#2552=CARTESIAN_POINT('Ctrl Pts',(20.3828734651366,3.43355855323172,-15.5934764957102));
#2553=CARTESIAN_POINT('Ctrl Pts',(20.4698714917841,3.60755315843067,-15.5811777726004));
#2554=CARTESIAN_POINT('Ctrl Pts',(20.5128046005411,3.80358040591673,-15.5688790494905));
#2555=CARTESIAN_POINT('Ctrl Pts',(20.5124598159623,3.99975055169569,-15.5565803263806));
#2556=CARTESIAN_POINT('Ctrl Pts',(20.5150645994869,4.00107959943193,-15.6934196736194));
#2557=CARTESIAN_POINT('Ctrl Pts',(20.5119901973621,3.66110202878515,-15.7148457735756));
#2558=CARTESIAN_POINT('Ctrl Pts',(20.3703086827519,3.3188645829941,-15.7362718735317));
#2559=CARTESIAN_POINT('Ctrl Pts',(20.1253550093513,3.08462120174298,-15.7576979734879));
#2560=CARTESIAN_POINT('Ctrl Pts',(19.8235542443817,2.79601629670422,-15.7840964890411));
#2561=CARTESIAN_POINT('Ctrl Pts',(19.3649859858698,2.67134675443558,-15.8104950045943));
#2562=CARTESIAN_POINT('Ctrl Pts',(18.9586039083783,2.76742016441721,-15.8368935201475));
#2563=CARTESIAN_POINT('Ctrl Pts',(18.5522218308868,2.86349357439884,-15.8632920357007));
#2564=CARTESIAN_POINT('Ctrl Pts',(18.1980259344157,3.18030993663075,-15.8896905512539));
#2565=CARTESIAN_POINT('Ctrl Pts',(18.0574110223968,3.57350701330296,-15.9160890668071));
#2566=CARTESIAN_POINT('Ctrl Pts',(17.916796110378,3.96670408997517,-15.9424875823604));
#2567=CARTESIAN_POINT('Ctrl Pts',(17.9897621828113,4.43628188108768,-15.9688860979136));
#2568=CARTESIAN_POINT('Ctrl Pts',(18.2430611278411,4.76827003674501,-15.9952846134668));
#2569=CARTESIAN_POINT('Ctrl Pts',(18.496360072871,5.10025819240234,-16.02168312902));
#2570=CARTESIAN_POINT('Ctrl Pts',(18.9299918904974,5.29465671260448,-16.0480816445732));
#2571=CARTESIAN_POINT('Ctrl Pts',(19.346365577984,5.2628849485329,-16.0744801601264));
#2572=CARTESIAN_POINT('Ctrl Pts',(19.7627392654706,5.23111318446131,-16.1008786756796));
#2573=CARTESIAN_POINT('Ctrl Pts',(20.1618548228175,4.97317113611601,-16.1272771912329));
#2574=CARTESIAN_POINT('Ctrl Pts',(20.3618491141132,4.60659401476379,-16.1536757067861));
#2575=CARTESIAN_POINT('Ctrl Pts',(20.4622154454964,4.42262875955192,-16.1669236957305));
#2576=CARTESIAN_POINT('Ctrl Pts',(20.5124332076848,4.21130382757768,-16.180171684675));
#2577=CARTESIAN_POINT('Ctrl Pts',(20.5124521215827,3.9999873494541,-16.1934196736194));
#2578=CARTESIAN_POINT('Origin',(19.25,4.,-17.5));
#2579=CARTESIAN_POINT('',(20.5151104746427,3.99892775441279,-16.6934196736194));
#2580=CARTESIAN_POINT('',(20.515954215928,4.00079628739389,-16.5565803263806));
#2581=CARTESIAN_POINT('',(20.5145,4.,-17.5));
#2582=CARTESIAN_POINT('Ctrl Pts',(20.515954215928,4.00079628739389,-16.5565803263806));
#2583=CARTESIAN_POINT('Ctrl Pts',(20.5163018347263,4.04809088494887,-16.5535942629662));
#2584=CARTESIAN_POINT('Ctrl Pts',(20.5138819571945,4.09534955258174,-16.5506081995519));
#2585=CARTESIAN_POINT('Ctrl Pts',(20.5085762587568,4.14228197566081,-16.5476221361375));
#2586=CARTESIAN_POINT('Ctrl Pts',(20.4614833294893,4.55885018177946,-16.5211180905701));
#2587=CARTESIAN_POINT('Ctrl Pts',(20.1870400323062,4.94971623182061,-16.4946140450027));
#2588=CARTESIAN_POINT('Ctrl Pts',(19.8112179495491,5.13547015947384,-16.4681099994352));
#2589=CARTESIAN_POINT('Ctrl Pts',(19.435395866792,5.32122408712707,-16.4416059538678));
#2590=CARTESIAN_POINT('Ctrl Pts',(18.9581949984609,5.30186589239239,-16.4151019083004));
#2591=CARTESIAN_POINT('Ctrl Pts',(18.5986537923774,5.08628097145985,-16.388597862733));
#2592=CARTESIAN_POINT('Ctrl Pts',(18.2391125862938,4.87069605052731,-16.3620938171655));
#2593=CARTESIAN_POINT('Ctrl Pts',(17.9972310424578,4.45888440339692,-16.3355897715981));
#2594=CARTESIAN_POINT('Ctrl Pts',(17.984034534984,4.03987054132317,-16.3090857260307));
#2595=CARTESIAN_POINT('Ctrl Pts',(17.9708380275103,3.62085667924942,-16.2825816804633));
#2596=CARTESIAN_POINT('Ctrl Pts',(18.1863265563988,3.1946406022323,-16.2560776348958));
#2597=CARTESIAN_POINT('Ctrl Pts',(18.5315893503909,2.95685843684589,-16.2295735893284));
#2598=CARTESIAN_POINT('Ctrl Pts',(18.8768521443831,2.71907627145947,-16.203069543761));
#2599=CARTESIAN_POINT('Ctrl Pts',(19.3518892034789,2.66972801770375,-16.1765654981936));
#2600=CARTESIAN_POINT('Ctrl Pts',(19.738655200859,2.83146489109672,-16.1500614526262));
#2601=CARTESIAN_POINT('Ctrl Pts',(20.1254211982391,2.99320176448969,-16.1235574070587));
#2602=CARTESIAN_POINT('Ctrl Pts',(20.4239161339035,3.36602376503134,-16.0970533614913));
#2603=CARTESIAN_POINT('Ctrl Pts',(20.497128732891,3.7788029699492,-16.0705493159239));
#2604=CARTESIAN_POINT('Ctrl Pts',(20.5099909960889,3.85132156442206,-16.0658929860761));
#2605=CARTESIAN_POINT('Ctrl Pts',(20.5158999703237,3.92507342907616,-16.0612366562284));
#2606=CARTESIAN_POINT('Ctrl Pts',(20.515234147715,3.99893173123455,-16.0565803263806));
#2607=CARTESIAN_POINT('Ctrl Pts',(20.5124521215827,3.9999873494541,-16.1934196736194));
#2608=CARTESIAN_POINT('Ctrl Pts',(20.5124708963355,3.7902254769097,-16.2065702002282));
#2609=CARTESIAN_POINT('Ctrl Pts',(20.4630267081536,3.58047193428753,-16.2197207268369));
#2610=CARTESIAN_POINT('Ctrl Pts',(20.3640703794721,3.39749526227541,-16.2328712534457));
#2611=CARTESIAN_POINT('Ctrl Pts',(20.1654243282907,3.0301858254984,-16.2592697689989));
#2612=CARTESIAN_POINT('Ctrl Pts',(19.7672592006833,2.77077914630349,-16.2856682845522));
#2613=CARTESIAN_POINT('Ctrl Pts',(19.3510050619941,2.73747768942599,-16.3120668001054));
#2614=CARTESIAN_POINT('Ctrl Pts',(18.9347509233048,2.7041762325485,-16.3384653156586));
#2615=CARTESIAN_POINT('Ctrl Pts',(18.5004077735337,2.89697999798842,-16.3648638312118));
#2616=CARTESIAN_POINT('Ctrl Pts',(18.245890732874,3.22803532472234,-16.391262346765));
#2617=CARTESIAN_POINT('Ctrl Pts',(17.9913736922142,3.55909065145626,-16.4176608623182));
#2618=CARTESIAN_POINT('Ctrl Pts',(17.9166827606658,4.02839753948418,-16.4440593778714));
#2619=CARTESIAN_POINT('Ctrl Pts',(18.0558520305673,4.42210844192595,-16.4704578934246));
#2620=CARTESIAN_POINT('Ctrl Pts',(18.1950213004688,4.81581934436772,-16.4968564089779));
#2621=CARTESIAN_POINT('Ctrl Pts',(18.5480507718201,5.13393426122334,-16.5232549245311));
#2622=CARTESIAN_POINT('Ctrl Pts',(18.9540770990788,5.23150049580867,-16.5496534400843));
#2623=CARTESIAN_POINT('Ctrl Pts',(19.3601034263376,5.329066730394,-16.5760519556375));
#2624=CARTESIAN_POINT('Ctrl Pts',(19.8191266095037,5.20608428270905,-16.6024504711907));
#2625=CARTESIAN_POINT('Ctrl Pts',(20.1219857605362,4.91858957863728,-16.6288489867439));
#2626=CARTESIAN_POINT('Ctrl Pts',(20.3689166074529,4.68418586153485,-16.6503725490358));
#2627=CARTESIAN_POINT('Ctrl Pts',(20.512034797858,4.34041986599428,-16.6718961113276));
#2628=CARTESIAN_POINT('Ctrl Pts',(20.5151104746427,3.99892775441279,-16.6934196736194));
#2629=CARTESIAN_POINT('Origin',(19.25,4.,-17.5));
#2630=CARTESIAN_POINT('',(20.5157632292689,4.0008271072363,-17.1934196736194));
#2631=CARTESIAN_POINT('',(20.5127447353321,4.00064890755465,-17.0565803263806));
#2632=CARTESIAN_POINT('',(20.5145,4.,-17.5));
#2633=CARTESIAN_POINT('',(18.2918838472776,4.82521129893647,-17.5));
#2634=CARTESIAN_POINT('Ctrl Pts',(20.5157632292689,4.0008271072363,-17.1934196736194));
#2635=CARTESIAN_POINT('Ctrl Pts',(20.5129075435995,3.63652195779587,-17.2164175690866));
#2636=CARTESIAN_POINT('Ctrl Pts',(20.3469527294711,3.2700427686901,-17.2394154645538));
#2637=CARTESIAN_POINT('Ctrl Pts',(20.0696055057228,3.034519884644,-17.2624133600211));
#2638=CARTESIAN_POINT('Ctrl Pts',(19.7512478972973,2.76417103787707,-17.2888118755743));
#2639=CARTESIAN_POINT('Ctrl Pts',(19.2861199084873,2.66636991472005,-17.3152103911275));
#2640=CARTESIAN_POINT('Ctrl Pts',(18.8861248454618,2.78660028027211,-17.3416089066807));
#2641=CARTESIAN_POINT('Ctrl Pts',(18.4861297824363,2.90683064582416,-17.3680074222339));
#2642=CARTESIAN_POINT('Ctrl Pts',(18.1512676451953,3.24509250008528,-17.3944059377871));
#2643=CARTESIAN_POINT('Ctrl Pts',(18.0342685970848,3.6452278499637,-17.4208044533404));
#2644=CARTESIAN_POINT('Ctrl Pts',(17.9172695489743,4.04536319984213,-17.4472029688936));
#2645=CARTESIAN_POINT('Ctrl Pts',(18.0181335899942,4.50737204533787,-17.4736014844468));
#2646=CARTESIAN_POINT('Ctrl Pts',(18.2918838472776,4.82521129893648,-17.5));
#2647=CARTESIAN_POINT('',(20.2099363120141,4.82664333804385,-17.5));
#2648=CARTESIAN_POINT('Origin',(19.25,4.,-17.5));
#2649=CARTESIAN_POINT('Ctrl Pts',(20.209937207323,4.82664404244229,-17.5));
#2650=CARTESIAN_POINT('Ctrl Pts',(19.9419352074252,5.13692459542789,-17.4740852132875));
#2651=CARTESIAN_POINT('Ctrl Pts',(19.5090066450739,5.30582041256847,-17.448170426575));
#2652=CARTESIAN_POINT('Ctrl Pts',(19.1018509401667,5.25779484838779,-17.4222556398625));
#2653=CARTESIAN_POINT('Ctrl Pts',(18.6854371963216,5.20867726329758,-17.3957515942951));
#2654=CARTESIAN_POINT('Ctrl Pts',(18.2959816985404,4.93266128376817,-17.3692475487276));
#2655=CARTESIAN_POINT('Ctrl Pts',(18.1119948973128,4.55604183625607,-17.3427435031602));
#2656=CARTESIAN_POINT('Ctrl Pts',(17.9280080960851,4.17942238874398,-17.3162394575928));
#2657=CARTESIAN_POINT('Ctrl Pts',(17.949489991411,3.7021994732492,-17.2897354120254));
#2658=CARTESIAN_POINT('Ctrl Pts',(18.1667107335207,3.34362698553236,-17.263231366458));
#2659=CARTESIAN_POINT('Ctrl Pts',(18.3839314756305,2.98505449781552,-17.2367273208905));
#2660=CARTESIAN_POINT('Ctrl Pts',(18.7968910645242,2.74513243787662,-17.2102232753231));
#2661=CARTESIAN_POINT('Ctrl Pts',(19.2159704752556,2.73388034964569,-17.1837192297557));
#2662=CARTESIAN_POINT('Ctrl Pts',(19.6350498859869,2.72262826141477,-17.1572151841883));
#2663=CARTESIAN_POINT('Ctrl Pts',(20.060249118556,2.94004614489181,-17.1307111386208));
#2664=CARTESIAN_POINT('Ctrl Pts',(20.2964338673416,3.2863928579136,-17.1042070930534));
#2665=CARTESIAN_POINT('Ctrl Pts',(20.4379055518997,3.49385016912573,-17.0883315041625));
#2666=CARTESIAN_POINT('Ctrl Pts',(20.5115615076376,3.74756532453319,-17.0724559152715));
#2667=CARTESIAN_POINT('Ctrl Pts',(20.5127447353321,4.00064890755465,-17.0565803263806));
#2668=CARTESIAN_POINT('Origin',(19.25,4.,-18.6042117235887));
#2669=CARTESIAN_POINT('',(20.790418540494,4.00006118878963,-8.39578827641127));
#2670=CARTESIAN_POINT('',(20.790188906576,4.00051016450086,-8.35421172358872));
#2671=CARTESIAN_POINT('',(20.793,4.00000000000012,-18.6042117235887));
#2672=CARTESIAN_POINT('',(19.3915462724345,5.53649394816898,-8.23652199747183));
#2673=CARTESIAN_POINT('Ctrl Pts',(20.7901670527234,4.00051413059453,-8.35421172358872));
#2674=CARTESIAN_POINT('Ctrl Pts',(20.7901781139789,4.25042898623164,-8.34138033043631));
#2675=CARTESIAN_POINT('Ctrl Pts',(20.6147899785426,5.01392248667224,-8.30215042173067));
#2676=CARTESIAN_POINT('Ctrl Pts',(19.9012528338542,5.48953830354028,-8.26292051302505));
#2677=CARTESIAN_POINT('Ctrl Pts',(19.3915462724345,5.53649394816898,-8.23652199747183));
#2678=CARTESIAN_POINT('',(19.033247247291,5.52769998500788,-8.21799599176671));
#2679=CARTESIAN_POINT('Ctrl Pts',(19.033247247291,5.52769998500788,-8.21799599176671));
#2680=CARTESIAN_POINT('Ctrl Pts',(19.10444446883,5.53780157164482,-8.23948941781752));
#2681=CARTESIAN_POINT('Ctrl Pts',(19.1787473872583,5.543,-8.25));
#2682=CARTESIAN_POINT('Ctrl Pts',(19.2964561664295,5.543,-8.25));
#2683=CARTESIAN_POINT('Ctrl Pts',(19.3442157780824,5.54085417038529,-8.24561806666055));
#2684=CARTESIAN_POINT('Ctrl Pts',(19.3915462724345,5.53649394816898,-8.23652199747183));
#2685=CARTESIAN_POINT('',(18.6985161818295,2.55891894804765,-8.00829676203577));
#2686=CARTESIAN_POINT('Ctrl Pts',(19.033247247291,5.52769998500788,-8.21799599176671));
#2687=CARTESIAN_POINT('Ctrl Pts',(18.5859437804896,5.46423578478732,-8.19469607735216));
#2688=CARTESIAN_POINT('Ctrl Pts',(17.7546982990083,4.92076683599017,-8.14809624852306));
#2689=CARTESIAN_POINT('Ctrl Pts',(17.5872124033018,3.43530879986092,-8.07819650527942));
#2690=CARTESIAN_POINT('Ctrl Pts',(18.276574336699,2.72039085102163,-8.03159667645032));
#2691=CARTESIAN_POINT('Ctrl Pts',(18.6985161818295,2.55891894804765,-8.00829676203577));
#2692=CARTESIAN_POINT('',(18.737841538636,2.54495675021803,-8.04772301174298));
#2693=CARTESIAN_POINT('Ctrl Pts',(18.7376529473031,2.54454491735649,-8.04772301174298));
#2694=CARTESIAN_POINT('Ctrl Pts',(18.7315257424834,2.54670180654401,-8.04199154663496));
#2695=CARTESIAN_POINT('Ctrl Pts',(18.7255302178209,2.54885583378173,-8.03619038960067));
#2696=CARTESIAN_POINT('Ctrl Pts',(18.7125218718569,2.55361685553333,-8.02318204363676));
#2697=CARTESIAN_POINT('Ctrl Pts',(18.7054644109874,2.55625994705647,-8.01583534231351));
#2698=CARTESIAN_POINT('Ctrl Pts',(18.6985161818295,2.55891894804766,-8.00829676203578));
#2699=CARTESIAN_POINT('Ctrl Pts',(20.790418540494,4.00006118878963,-8.39578827641127));
#2700=CARTESIAN_POINT('Ctrl Pts',(20.7904086764338,4.25757694183484,-8.38256027735376));
#2701=CARTESIAN_POINT('Ctrl Pts',(20.6070481049933,5.03100762798542,-8.34282823272883));
#2702=CARTESIAN_POINT('Ctrl Pts',(19.3833346076435,5.81936749993202,-8.27659214253649));
#2703=CARTESIAN_POINT('Ctrl Pts',(17.7906403130753,5.09740840084013,-8.1970800058342));
#2704=CARTESIAN_POINT('Ctrl Pts',(17.5503837541576,3.43446919021367,-8.12079029556972));
#2705=CARTESIAN_POINT('Ctrl Pts',(18.3133290000177,2.69773515026307,-8.07100463087263));
#2706=CARTESIAN_POINT('Ctrl Pts',(18.7379466164886,2.54518621205003,-8.04772301174298));
#2707=CARTESIAN_POINT('Origin',(19.25,4.,-18.6042117235887));
#2708=CARTESIAN_POINT('',(20.7933240818347,3.99859967860363,-8.89578827641127));
#2709=CARTESIAN_POINT('',(20.7935051074522,3.99865094129811,-8.85421172358873));
#2710=CARTESIAN_POINT('',(20.793,4.00000000000012,-18.6042117235887));
#2711=CARTESIAN_POINT('Ctrl Pts',(20.7935051074522,3.99865094129811,-8.85421172358873));
#2712=CARTESIAN_POINT('Ctrl Pts',(20.7897678547892,4.4074600267295,-8.83310475708893));
#2713=CARTESIAN_POINT('Ctrl Pts',(20.4133824093054,5.33364859534706,-8.78559927503592));
#2714=CARTESIAN_POINT('Ctrl Pts',(18.8521699249576,5.77826073056654,-8.71169527742969));
#2715=CARTESIAN_POINT('Ctrl Pts',(17.5415213675898,4.63435322855528,-8.63249973077005));
#2716=CARTESIAN_POINT('Ctrl Pts',(17.7882619252421,2.9118974172121,-8.55330418411041));
#2717=CARTESIAN_POINT('Ctrl Pts',(19.3663575568812,2.18191785526412,-8.47410863745076));
#2718=CARTESIAN_POINT('Ctrl Pts',(20.6011620161552,2.95724013487513,-8.40774448394354));
#2719=CARTESIAN_POINT('Ctrl Pts',(20.7901553572352,3.73626960188814,-8.36777884598953));
#2720=CARTESIAN_POINT('Ctrl Pts',(20.7901670527234,4.00051413059453,-8.35421172358872));
#2721=CARTESIAN_POINT('Ctrl Pts',(20.7933240818347,3.99859967860363,-8.89578827641127));
#2722=CARTESIAN_POINT('Ctrl Pts',(20.7895694269774,4.40294149876983,-8.87491788409164));
#2723=CARTESIAN_POINT('Ctrl Pts',(20.4195837284911,5.32685306550864,-8.82754344620458));
#2724=CARTESIAN_POINT('Ctrl Pts',(18.860385515708,5.7826525761562,-8.75366496275013));
#2725=CARTESIAN_POINT('Ctrl Pts',(17.5399358648136,4.63674543620307,-8.67415282604783));
#2726=CARTESIAN_POINT('Ctrl Pts',(17.7893977958452,2.90622748641787,-8.59464068934557));
#2727=CARTESIAN_POINT('Ctrl Pts',(19.3796191442116,2.1799420796793,-8.51512855264329));
#2728=CARTESIAN_POINT('Ctrl Pts',(20.6062387512084,2.96713990145689,-8.44884441499854));
#2729=CARTESIAN_POINT('Ctrl Pts',(20.790428440383,3.74161007312182,-8.40906432292119));
#2730=CARTESIAN_POINT('Ctrl Pts',(20.790418540494,4.00006118878963,-8.39578827641127));
#2731=CARTESIAN_POINT('Origin',(19.25,4.,-18.6042117235887));
#2732=CARTESIAN_POINT('',(20.795174837333,4.0006932007196,-9.39578827641127));
#2733=CARTESIAN_POINT('',(20.7947385594181,4.0009538510656,-9.35421172358872));
#2734=CARTESIAN_POINT('',(20.793,4.00000000000012,-18.6042117235887));
#2735=CARTESIAN_POINT('Ctrl Pts',(20.7947385594181,4.0009538510656,-9.35421172358873));
#2736=CARTESIAN_POINT('Ctrl Pts',(20.7951578039782,4.05862898411926,-9.35122769929476));
#2737=CARTESIAN_POINT('Ctrl Pts',(20.7660939002086,4.6261072227761,-9.32184515944758));
#2738=CARTESIAN_POINT('Ctrl Pts',(20.0640627656942,5.6303560307268,-9.26606410404719));
#2739=CARTESIAN_POINT('Ctrl Pts',(18.3254707977437,5.57034946434816,-9.18686855738755));
#2740=CARTESIAN_POINT('Ctrl Pts',(17.429426653578,4.07923965060033,-9.10767301072789));
#2741=CARTESIAN_POINT('Ctrl Pts',(18.1925347724997,2.51590766195532,-9.02847746406827));
#2742=CARTESIAN_POINT('Ctrl Pts',(19.9193284001604,2.3050912961713,-8.94928191740861));
#2743=CARTESIAN_POINT('Ctrl Pts',(20.7385137250308,3.28339168402842,-8.89119333724877));
#2744=CARTESIAN_POINT('Ctrl Pts',(20.7944420424586,3.89616187310052,-8.85950327264214));
#2745=CARTESIAN_POINT('Ctrl Pts',(20.7935051074522,3.99865094129811,-8.85421172358873));
#2746=CARTESIAN_POINT('Ctrl Pts',(20.795174837333,4.0006932007196,-9.39578827641127));
#2747=CARTESIAN_POINT('Ctrl Pts',(20.7953919468729,4.0394891741138,-9.39377953639694));
#2748=CARTESIAN_POINT('Ctrl Pts',(20.7764552675344,4.58995786818701,-9.36526675081519));
#2749=CARTESIAN_POINT('Ctrl Pts',(20.1182393805187,5.60494620549068,-9.31024991966601));
#2750=CARTESIAN_POINT('Ctrl Pts',(18.369908430385,5.59847730032808,-9.23073778296374));
#2751=CARTESIAN_POINT('Ctrl Pts',(17.4295133858814,4.12458452816223,-9.15122564626147));
#2752=CARTESIAN_POINT('Ctrl Pts',(18.160351530098,2.53632005200095,-9.0717135095592));
#2753=CARTESIAN_POINT('Ctrl Pts',(19.8915004112773,2.29173691057152,-8.99220137285693));
#2754=CARTESIAN_POINT('Ctrl Pts',(20.7339290448237,3.2679332968126,-8.93355962847429));
#2755=CARTESIAN_POINT('Ctrl Pts',(20.7943375952947,3.88945359387689,-8.90142192965907));
#2756=CARTESIAN_POINT('Ctrl Pts',(20.7933240818347,3.99859967860363,-8.89578827641127));
#2757=CARTESIAN_POINT('Origin',(19.25,4.,-18.6042117235887));
#2758=CARTESIAN_POINT('',(20.7912046344864,4.00103749236425,-9.89578827641127));
#2759=CARTESIAN_POINT('',(20.7907224496596,4.00059442319337,-9.85421172358873));
#2760=CARTESIAN_POINT('',(20.793,4.00000000000012,-18.6042117235887));
#2761=CARTESIAN_POINT('Ctrl Pts',(20.7907224496596,4.00059442319337,-9.85421172358873));
#2762=CARTESIAN_POINT('Ctrl Pts',(20.7914852197489,4.21967174500042,-9.84295212594738));
#2763=CARTESIAN_POINT('Ctrl Pts',(20.6455824874843,4.95141389171206,-9.80529401275282));
#2764=CARTESIAN_POINT('Ctrl Pts',(19.524336207245,5.80152643055542,-9.74123738400504));
#2765=CARTESIAN_POINT('Ctrl Pts',(17.8880875554923,5.21076511634412,-9.66204183734541));
#2766=CARTESIAN_POINT('Ctrl Pts',(17.4929914959984,3.51659642424885,-9.58284629068576));
#2767=CARTESIAN_POINT('Ctrl Pts',(18.699111443689,2.26296810007351,-9.50365074402611));
#2768=CARTESIAN_POINT('Ctrl Pts',(20.3429106306224,2.57993979343205,-9.42743922166044));
#2769=CARTESIAN_POINT('Ctrl Pts',(20.7914489085573,3.54839925843307,-9.37762621484798));
#2770=CARTESIAN_POINT('Ctrl Pts',(20.7947385594181,4.0009538510656,-9.35421172358873));
#2771=CARTESIAN_POINT('Ctrl Pts',(20.7912046344864,4.00103749236425,-9.89578827641127));
#2772=CARTESIAN_POINT('Ctrl Pts',(20.7923601464709,4.18867033989151,-9.88613714313482));
#2773=CARTESIAN_POINT('Ctrl Pts',(20.6736322696475,4.89017036084952,-9.84998196429094));
#2774=CARTESIAN_POINT('Ctrl Pts',(19.6264199188349,5.78549707033151,-9.78732273987965));
#2775=CARTESIAN_POINT('Ctrl Pts',(17.9519891171723,5.28252074766006,-9.70781060317737));
#2776=CARTESIAN_POINT('Ctrl Pts',(17.4691504950083,3.60217241088936,-9.62829846647511));
#2777=CARTESIAN_POINT('Ctrl Pts',(18.6211567054215,2.28703535205394,-9.54878632977282));
#2778=CARTESIAN_POINT('Ctrl Pts',(20.3067621669094,2.5379214201631,-9.47128293308488));
#2779=CARTESIAN_POINT('Ctrl Pts',(20.7925273247231,3.52760100574057,-9.42028358196437));
#2780=CARTESIAN_POINT('Ctrl Pts',(20.795174837333,4.0006932007196,-9.39578827641127));
#2781=CARTESIAN_POINT('Origin',(19.25,4.,-18.6042117235887));
#2782=CARTESIAN_POINT('',(20.7913887491843,3.99886974409372,-10.3957882764113));
#2783=CARTESIAN_POINT('',(20.792592608358,3.99861590831072,-10.3542117235887));
#2784=CARTESIAN_POINT('',(20.793,4.00000000000012,-18.6042117235887));
#2785=CARTESIAN_POINT('Ctrl Pts',(20.792592608358,3.99861590831071,-10.3542117235887));
#2786=CARTESIAN_POINT('Ctrl Pts',(20.7892409335019,4.37754891773789,-10.3346765526));
#2787=CARTESIAN_POINT('Ctrl Pts',(20.4577555850727,5.27379103928089,-10.2887428660581));
#2788=CARTESIAN_POINT('Ctrl Pts',(18.9581230916837,5.79876781882036,-10.2164106639629));
#2789=CARTESIAN_POINT('Ctrl Pts',(17.5821922206262,4.7342853692412,-10.1372151173033));
#2790=CARTESIAN_POINT('Ctrl Pts',(17.7261858404242,3.00062609480924,-10.0580195706436));
#2791=CARTESIAN_POINT('Ctrl Pts',(19.2588781439854,2.1777269744242,-9.97882402398398));
#2792=CARTESIAN_POINT('Ctrl Pts',(20.5667198784181,2.89640818307262,-9.91088807496567));
#2793=CARTESIAN_POINT('Ctrl Pts',(20.7896968789301,3.70603739754887,-9.8693506415006));
#2794=CARTESIAN_POINT('Ctrl Pts',(20.7907224496596,4.00059442319337,-9.85421172358873));
#2795=CARTESIAN_POINT('Ctrl Pts',(20.7913887491843,3.99886974409372,-10.3957882764113));
#2796=CARTESIAN_POINT('Ctrl Pts',(20.7891160047043,4.33498159875372,-10.3784947498727));
#2797=CARTESIAN_POINT('Ctrl Pts',(20.5155083908324,5.18958574353464,-10.3346971777667));
#2798=CARTESIAN_POINT('Ctrl Pts',(19.1035699887838,5.81885952982698,-10.2643955600933));
#2799=CARTESIAN_POINT('Ctrl Pts',(17.6410722326,4.86083864705263,-10.184883423391));
#2800=CARTESIAN_POINT('Ctrl Pts',(17.6555927246377,3.1125558171841,-10.1053712866887));
#2801=CARTESIAN_POINT('Ctrl Pts',(19.1338014501754,2.1789591890126,-10.0258591499865));
#2802=CARTESIAN_POINT('Ctrl Pts',(20.5263102570879,2.8275080576864,-9.95599814656064));
#2803=CARTESIAN_POINT('Ctrl Pts',(20.7891868670835,3.67339100446446,-9.91264118870225));
#2804=CARTESIAN_POINT('Ctrl Pts',(20.7912046344864,4.00103749236425,-9.89578827641127));
#2805=CARTESIAN_POINT('Origin',(19.25,4.,-18.6042117235887));
#2806=CARTESIAN_POINT('',(20.7953156357587,3.99944819046543,-10.8957882764113));
#2807=CARTESIAN_POINT('',(20.7953154725174,4.0004913641539,-10.8542117235887));
#2808=CARTESIAN_POINT('',(20.793,4.00000000000012,-18.6042117235887));
#2809=CARTESIAN_POINT('Ctrl Pts',(20.7953154725174,4.0004913641539,-10.8542117235887));
#2810=CARTESIAN_POINT('Ctrl Pts',(20.7954294905032,4.02775994081409,-10.8527994948058));
#2811=CARTESIAN_POINT('Ctrl Pts',(20.7824402004191,4.56464384645537,-10.8249887504697));
#2812=CARTESIAN_POINT('Ctrl Pts',(20.1591852774197,5.5792846247316,-10.7707794905804));
#2813=CARTESIAN_POINT('Ctrl Pts',(18.4200894279103,5.62234590545649,-10.6915839439208));
#2814=CARTESIAN_POINT('Ctrl Pts',(17.4373165915503,4.18691349681329,-10.6123883972611));
#2815=CARTESIAN_POINT('Ctrl Pts',(18.1064978613527,2.58114107343638,-10.5331928506015));
#2816=CARTESIAN_POINT('Ctrl Pts',(19.8177877777497,2.26841840094374,-10.4539973039418));
#2817=CARTESIAN_POINT('Ctrl Pts',(20.7171488038115,3.22162247821884,-10.3943369282709));
#2818=CARTESIAN_POINT('Ctrl Pts',(20.7937701613684,3.86548434718659,-10.3610750681532));
#2819=CARTESIAN_POINT('Ctrl Pts',(20.792592608358,3.99861590831071,-10.3542117235887));
#2820=CARTESIAN_POINT('Ctrl Pts',(20.7953156357587,3.99944819046543,-10.8957882764113));
#2821=CARTESIAN_POINT('Ctrl Pts',(20.7930989818218,4.4809337643865,-10.8708523566106));
#2822=CARTESIAN_POINT('Ctrl Pts',(20.2919364689977,5.4781627832217,-10.8194123912424));
#2823=CARTESIAN_POINT('Ctrl Pts',(18.5927911018086,5.70228323184362,-10.7414683803069));
#2824=CARTESIAN_POINT('Ctrl Pts',(17.4627882612955,4.36819280045431,-10.6619562436046));
#2825=CARTESIAN_POINT('Ctrl Pts',(17.9734708544733,2.69609621601392,-10.5824441069024));
#2826=CARTESIAN_POINT('Ctrl Pts',(19.6560251008015,2.22100158661772,-10.5029319702001));
#2827=CARTESIAN_POINT('Ctrl Pts',(20.6809632862088,3.12718167156748,-10.4407133600364));
#2828=CARTESIAN_POINT('Ctrl Pts',(20.7925992111589,3.81985682696188,-10.4049987954401));
#2829=CARTESIAN_POINT('Ctrl Pts',(20.7913887491843,3.99886974409372,-10.3957882764113));
#2830=CARTESIAN_POINT('Origin',(19.25,4.,-18.6042117235887));
#2831=CARTESIAN_POINT('',(20.7930629904098,4.00141906514509,-11.3957882764113));
#2832=CARTESIAN_POINT('',(20.7912070224534,4.00099935989969,-11.3542117235887));
#2833=CARTESIAN_POINT('',(20.793,4.00000000000012,-18.6042117235887));
#2834=CARTESIAN_POINT('Ctrl Pts',(20.7912070224534,4.00099935989969,-11.3542117235887));
#2835=CARTESIAN_POINT('Ctrl Pts',(20.7923316115229,4.18934583458791,-11.3445239214585));
#2836=CARTESIAN_POINT('Ctrl Pts',(20.6732473766702,4.88954924255564,-11.308437603775));
#2837=CARTESIAN_POINT('Ctrl Pts',(19.6305422564641,5.78211822998346,-11.2459527705382));
#2838=CARTESIAN_POINT('Ctrl Pts',(17.9621800683382,5.28929345697925,-11.1667572238786));
#2839=CARTESIAN_POINT('Ctrl Pts',(17.467447767389,3.621495927885,-11.087561677219));
#2840=CARTESIAN_POINT('Ctrl Pts',(18.5972101059544,2.29864079371067,-11.0083661305593));
#2841=CARTESIAN_POINT('Ctrl Pts',(20.2911253267419,2.52222717890522,-10.9305828126826));
#2842=CARTESIAN_POINT('Ctrl Pts',(20.7932981746648,3.51803378751883,-10.879198010359));
#2843=CARTESIAN_POINT('Ctrl Pts',(20.7953154725174,4.0004913641539,-10.8542117235887));
#2844=CARTESIAN_POINT('Ctrl Pts',(20.7930629904098,4.00141906514509,-11.3957882764113));
#2845=CARTESIAN_POINT('Ctrl Pts',(20.7941522818747,4.11915230653591,-11.3897140089159));
#2846=CARTESIAN_POINT('Ctrl Pts',(20.7280142315223,4.74938341293411,-11.3571356958531));
#2847=CARTESIAN_POINT('Ctrl Pts',(19.8630386381703,5.71868419594317,-11.2980533372228));
#2848=CARTESIAN_POINT('Ctrl Pts',(18.1361896184316,5.44537821042975,-11.2185412005205));
#2849=CARTESIAN_POINT('Ctrl Pts',(17.4318341451274,3.84519476284745,-11.1390290638183));
#2850=CARTESIAN_POINT('Ctrl Pts',(18.3965804181517,2.38712469341481,-11.059516927116));
#2851=CARTESIAN_POINT('Ctrl Pts',(20.1447778326639,2.40969676871095,-10.9800047904137));
#2852=CARTESIAN_POINT('Ctrl Pts',(20.7809081636871,3.4272627479859,-10.9254285735122));
#2853=CARTESIAN_POINT('Ctrl Pts',(20.7954550327484,3.9691693821918,-10.897356402178));
#2854=CARTESIAN_POINT('Ctrl Pts',(20.7953156357587,3.99944819046543,-10.8957882764113));
#2855=CARTESIAN_POINT('Origin',(19.25,4.,-18.6042117235887));
#2856=CARTESIAN_POINT('',(20.7904689180003,3.99985078918382,-11.8957882764113));
#2857=CARTESIAN_POINT('',(20.7917567107588,3.99876567120274,-11.8542117235887));
#2858=CARTESIAN_POINT('',(20.793,4.00000000000012,-18.6042117235887));
#2859=CARTESIAN_POINT('Ctrl Pts',(20.7917567107588,3.99876567120274,-11.8542117235887));
#2860=CARTESIAN_POINT('Ctrl Pts',(20.789119564055,4.34768910354031,-11.8362483481111));
#2861=CARTESIAN_POINT('Ctrl Pts',(20.4992159897778,5.21334908140893,-11.7918864570802));
#2862=CARTESIAN_POINT('Ctrl Pts',(19.0651595136332,5.81289596755965,-11.7211260504961));
#2863=CARTESIAN_POINT('Ctrl Pts',(17.6286041968666,4.83176525785574,-11.6419305038365));
#2864=CARTESIAN_POINT('Ctrl Pts',(17.6696767120006,3.09262130287238,-11.5627349571768));
#2865=CARTESIAN_POINT('Ctrl Pts',(19.1509464135562,2.18039944449147,-11.4835394105172));
#2866=CARTESIAN_POINT('Ctrl Pts',(20.5302439229547,2.83517469151829,-11.4140316659878));
#2867=CARTESIAN_POINT('Ctrl Pts',(20.7892671928197,3.67611617995748,-11.3709224370117));
#2868=CARTESIAN_POINT('Ctrl Pts',(20.7912070224534,4.00099935989969,-11.3542117235887));
#2869=CARTESIAN_POINT('Ctrl Pts',(20.7904689180003,3.99985078918382,-11.8957882764113));
#2870=CARTESIAN_POINT('Ctrl Pts',(20.790239247172,4.2668423867889,-11.8820716156538));
#2871=CARTESIAN_POINT('Ctrl Pts',(20.5970625319858,5.05004028294364,-11.8418509093288));
#2872=CARTESIAN_POINT('Ctrl Pts',(19.349420148938,5.82203385568427,-11.7751261574364));
#2873=CARTESIAN_POINT('Ctrl Pts',(17.7714057515987,5.06932258269856,-11.6956140207342));
#2874=CARTESIAN_POINT('Ctrl Pts',(17.5507616048909,3.33495818638115,-11.6161018840319));
#2875=CARTESIAN_POINT('Ctrl Pts',(18.8900421290288,2.21111149917038,-11.5365897473296));
#2876=CARTESIAN_POINT('Ctrl Pts',(20.4322115451696,2.68988845204336,-11.4631518781227));
#2877=CARTESIAN_POINT('Ctrl Pts',(20.7893993415994,3.60544309024167,-11.4162180544833));
#2878=CARTESIAN_POINT('Ctrl Pts',(20.7930629904098,4.00141906514509,-11.3957882764113));
#2879=CARTESIAN_POINT('Origin',(19.25,4.,-18.6042117235887));
#2880=CARTESIAN_POINT('',(20.7936123429635,3.99863868984411,-12.3957882764113));
#2881=CARTESIAN_POINT('',(20.7955064398851,3.9999430404364,-12.3542117235887));
#2882=CARTESIAN_POINT('',(20.793,4.00000000000012,-18.6042117235887));
#2883=CARTESIAN_POINT('Ctrl Pts',(20.7955064398851,3.9999430404364,-12.3542117235887));
#2884=CARTESIAN_POINT('Ctrl Pts',(20.7952318697967,4.50642039516632,-12.3279727747637));
#2885=CARTESIAN_POINT('Ctrl Pts',(20.2476230852675,5.5229644506583,-12.2753353103854));
#2886=CARTESIAN_POINT('Ctrl Pts',(18.5176223265731,5.66864637897311,-12.196299330454));
#2887=CARTESIAN_POINT('Ctrl Pts',(17.4515671324484,4.29393369236021,-12.1171037837943));
#2888=CARTESIAN_POINT('Ctrl Pts',(18.0244790885801,2.65135019732075,-12.0379082371347));
#2889=CARTESIAN_POINT('Ctrl Pts',(19.7142459198697,2.23783272063103,-11.958712690475));
#2890=CARTESIAN_POINT('Ctrl Pts',(20.693617761398,3.15976870522069,-11.8974805192931));
#2891=CARTESIAN_POINT('Ctrl Pts',(20.7929950471658,3.83492018286053,-11.8626468636643));
#2892=CARTESIAN_POINT('Ctrl Pts',(20.7917567107588,3.99876567120274,-11.8542117235887));
#2893=CARTESIAN_POINT('Ctrl Pts',(20.7936123429635,3.99863868984411,-12.3957882764113));
#2894=CARTESIAN_POINT('Ctrl Pts',(20.7898029358465,4.41224815946887,-12.3744292223916));
#2895=CARTESIAN_POINT('Ctrl Pts',(20.4053132573926,5.34534430666136,-12.3265661228046));
#2896=CARTESIAN_POINT('Ctrl Pts',(18.8276059010173,5.77518307856377,-12.2521989776501));
#2897=CARTESIAN_POINT('Ctrl Pts',(17.5285106747891,4.60511671639405,-12.1726868409478));
#2898=CARTESIAN_POINT('Ctrl Pts',(17.8097667852088,2.87954472454861,-12.0931747042455));
#2899=CARTESIAN_POINT('Ctrl Pts',(19.4131771795658,2.18256638488679,-12.0136625675432));
#2900=CARTESIAN_POINT('Ctrl Pts',(20.616025719836,2.98643226916374,-11.9478670915985));
#2901=CARTESIAN_POINT('Ctrl Pts',(20.7906830290958,3.7509473308319,-11.9085756612212));
#2902=CARTESIAN_POINT('Ctrl Pts',(20.7904689180003,3.99985078918382,-11.8957882764113));
#2903=CARTESIAN_POINT('Origin',(19.25,4.,-18.6042117235887));
#2904=CARTESIAN_POINT('',(20.7949883702592,4.00083910256812,-12.8957882764113));
#2905=CARTESIAN_POINT('',(20.7919155000748,4.00127872456065,-12.8542117235887));
#2906=CARTESIAN_POINT('',(20.793,4.00000000000012,-18.6042117235887));
#2907=CARTESIAN_POINT('Ctrl Pts',(20.7919155000748,4.00127872456065,-12.8542117235887));
#2908=CARTESIAN_POINT('Ctrl Pts',(20.7931588863266,4.15888428906133,-12.8460957169695));
#2909=CARTESIAN_POINT('Ctrl Pts',(20.6985757317261,4.82766873201103,-12.8115811947971));
#2910=CARTESIAN_POINT('Ctrl Pts',(19.735412528811,5.75645451733533,-12.7506681570715));
#2911=CARTESIAN_POINT('Ctrl Pts',(18.0407930611007,5.3632961429976,-12.6714726104118));
#2912=CARTESIAN_POINT('Ctrl Pts',(17.4481610439512,3.72772409019653,-12.5922770637522));
#2913=CARTESIAN_POINT('Ctrl Pts',(18.4976002501977,2.3402854428873,-12.5130815170925));
#2914=CARTESIAN_POINT('Ctrl Pts',(20.2327244747935,2.46539568577556,-12.4338859704329));
#2915=CARTESIAN_POINT('Ctrl Pts',(20.7941074818349,3.48422713728532,-12.3809293725983));
#2916=CARTESIAN_POINT('Ctrl Pts',(20.7955081096261,3.99686300339195,-12.3543712903169));
#2917=CARTESIAN_POINT('Ctrl Pts',(20.7955064398851,3.9999430404364,-12.3542117235887));
#2918=CARTESIAN_POINT('Ctrl Pts',(20.7949883702592,4.00083910256812,-12.8957882764113));
#2919=CARTESIAN_POINT('Ctrl Pts',(20.7953043407439,4.0490882641115,-12.8932908746969));
#2920=CARTESIAN_POINT('Ctrl Pts',(20.7713399722333,4.60907076616842,-12.8642894274152));
#2921=CARTESIAN_POINT('Ctrl Pts',(20.0885273037688,5.62066767047067,-12.808783934566));
#2922=CARTESIAN_POINT('Ctrl Pts',(18.3406119600832,5.58199403606045,-12.7292717978637));
#2923=CARTESIAN_POINT('Ctrl Pts',(17.4275275870969,4.09102769623315,-12.6497596611614));
#2924=CARTESIAN_POINT('Ctrl Pts',(18.1874984410911,2.51649665501195,-12.5702475244592));
#2925=CARTESIAN_POINT('Ctrl Pts',(19.9228606229441,2.30384248391673,-12.4907353877569));
#2926=CARTESIAN_POINT('Ctrl Pts',(20.7402926086662,3.28713210761511,-12.4325823050743));
#2927=CARTESIAN_POINT('Ctrl Pts',(20.7945299569833,3.89900800286035,-12.4009332679591));
#2928=CARTESIAN_POINT('Ctrl Pts',(20.7936123429635,3.99863868984411,-12.3957882764113));
#2929=CARTESIAN_POINT('Origin',(19.25,4.,-18.6042117235887));
#2930=CARTESIAN_POINT('',(20.7910211936346,4.00092266962766,-13.3957882764113));
#2931=CARTESIAN_POINT('',(20.7910886031572,3.99907425158976,-13.3542117235887));
#2932=CARTESIAN_POINT('',(20.793,4.00000000000012,-18.6042117235887));
#2933=CARTESIAN_POINT('Ctrl Pts',(20.7910886031572,3.99907425158976,-13.3542117235887));
#2934=CARTESIAN_POINT('Ctrl Pts',(20.7893344119313,4.31781444811069,-13.3378201436221));
#2935=CARTESIAN_POINT('Ctrl Pts',(20.5378688069432,5.15242096783736,-13.2950300481023));
#2936=CARTESIAN_POINT('Ctrl Pts',(19.1728447555374,5.82066055673382,-13.2258414370293));
#2937=CARTESIAN_POINT('Ctrl Pts',(17.6807075366262,4.9263255145966,-13.1466458903697));
#2938=CARTESIAN_POINT('Ctrl Pts',(17.6187147746032,3.1878015587331,-13.06745034371));
#2939=CARTESIAN_POINT('Ctrl Pts',(19.0433623789584,2.18945900677045,-12.9882547970504));
#2940=CARTESIAN_POINT('Ctrl Pts',(20.4910278117836,2.77433570032079,-12.91717525701));
#2941=CARTESIAN_POINT('Ctrl Pts',(20.789114588084,3.64624880945264,-12.8724942325227));
#2942=CARTESIAN_POINT('Ctrl Pts',(20.7919155000748,4.00127872456065,-12.8542117235887));
#2943=CARTESIAN_POINT('Ctrl Pts',(20.7910211936346,4.00092266962766,-13.3957882764113));
#2944=CARTESIAN_POINT('Ctrl Pts',(20.7920930096967,4.19811469198716,-13.3856484814348));
#2945=CARTESIAN_POINT('Ctrl Pts',(20.6652869661726,4.90941337139626,-13.3490046408909));
#2946=CARTESIAN_POINT('Ctrl Pts',(19.5934652817956,5.79212815877538,-13.2858567547796));
#2947=CARTESIAN_POINT('Ctrl Pts',(17.9285839592419,5.25839238097729,-13.2063446180773));
#2948=CARTESIAN_POINT('Ctrl Pts',(17.4767810889895,3.56943475417856,-13.1268324813751));
#2949=CARTESIAN_POINT('Ctrl Pts',(18.6528180404226,2.27574205977474,-13.0473203446728));
#2950=CARTESIAN_POINT('Ctrl Pts',(20.322919063896,2.55585881991808,-12.9703056096849));
#2951=CARTESIAN_POINT('Ctrl Pts',(20.7919510571787,3.53703689136245,-12.9197949202643));
#2952=CARTESIAN_POINT('Ctrl Pts',(20.7949883702592,4.00083910256812,-12.8957882764113));
#2953=CARTESIAN_POINT('Origin',(19.25,4.,-18.6042117235887));
#2954=CARTESIAN_POINT('',(20.7916118766973,3.99878006792198,-13.8957882764113));
#2955=CARTESIAN_POINT('',(20.7952245343407,3.99940515437901,-13.8542117235887));
#2956=CARTESIAN_POINT('',(20.793,4.00000000000012,-18.6042117235887));
#2957=CARTESIAN_POINT('Ctrl Pts',(20.7952245343407,3.99940515437901,-13.8542117235887));
#2958=CARTESIAN_POINT('Ctrl Pts',(20.7928723308048,4.47577523852549,-13.8295445702748));
#2959=CARTESIAN_POINT('Ctrl Pts',(20.3018903603805,5.46614123285375,-13.7784789014076));
#2960=CARTESIAN_POINT('Ctrl Pts',(18.6177259900279,5.70908963220428,-13.7010147169872));
#2961=CARTESIAN_POINT('Ctrl Pts',(17.4721304653375,4.39992213281245,-13.6218191703276));
#2962=CARTESIAN_POINT('Ctrl Pts',(17.9467620935907,2.72629330146532,-13.5426236236679));
#2963=CARTESIAN_POINT('Ctrl Pts',(19.6090744833068,2.21343253415038,-13.4634280770083));
#2964=CARTESIAN_POINT('Ctrl Pts',(20.6678223665757,3.09788667655003,-13.4006241103152));
#2965=CARTESIAN_POINT('Ctrl Pts',(20.7921595236322,3.80448577250753,-13.3642186591754));
#2966=CARTESIAN_POINT('Ctrl Pts',(20.7910886031572,3.99907425158976,-13.3542117235887));
#2967=CARTESIAN_POINT('Ctrl Pts',(20.7916118766973,3.99878006792198,-13.8957882764113));
#2968=CARTESIAN_POINT('Ctrl Pts',(20.7890654457217,4.34426355122369,-13.8780060881727));
#2969=CARTESIAN_POINT('Ctrl Pts',(20.5032734097645,5.20850340380741,-13.8337198543667));
#2970=CARTESIAN_POINT('Ctrl Pts',(19.0700894964905,5.81585350400341,-13.7629295749932));
#2971=CARTESIAN_POINT('Ctrl Pts',(17.6254876700582,4.83105440684801,-13.683417438291));
#2972=CARTESIAN_POINT('Ctrl Pts',(17.6722109389528,3.08333571242554,-13.6039053015887));
#2973=CARTESIAN_POINT('Ctrl Pts',(19.1673666872466,2.17712768606851,-13.5243931648864));
#2974=CARTESIAN_POINT('Ctrl Pts',(20.5380371856205,2.84650290185943,-13.4550208231606));
#2975=CARTESIAN_POINT('Ctrl Pts',(20.7892914282234,3.68268155371585,-13.4121525270022));
#2976=CARTESIAN_POINT('Ctrl Pts',(20.7910211936346,4.00092266962766,-13.3957882764113));
#2977=CARTESIAN_POINT('Origin',(19.25,4.,-18.6042117235887));
#2978=CARTESIAN_POINT('',(20.7954372460342,3.99961388880753,-14.3957882764113));
#2979=CARTESIAN_POINT('',(20.7927749779965,4.00139235191384,-14.3542117235887));
#2980=CARTESIAN_POINT('',(20.793,4.00000000000012,-18.6042117235887));
#2981=CARTESIAN_POINT('Ctrl Pts',(20.7927749779965,4.00139235191384,-14.3542117235887));
#2982=CARTESIAN_POINT('Ctrl Pts',(20.7939159838729,4.12829527257759,-14.3476675124806));
#2983=CARTESIAN_POINT('Ctrl Pts',(20.7216579511064,4.76582663634154,-14.3147247858193));
#2984=CARTESIAN_POINT('Ctrl Pts',(19.8385789242019,5.72462536354414,-14.2553835436047));
#2985=CARTESIAN_POINT('Ctrl Pts',(18.1236505669648,5.43251343773654,-14.176187996945));
#2986=CARTESIAN_POINT('Ctrl Pts',(17.4351990684208,3.83490798525242,-14.0969924502854));
#2987=CARTESIAN_POINT('Ctrl Pts',(18.4006314399831,2.38775596020666,-14.0177969036258));
#2988=CARTESIAN_POINT('Ctrl Pts',(20.1401194871534,2.40989148383384,-13.9386013569661));
#2989=CARTESIAN_POINT('Ctrl Pts',(20.7792769408441,3.42288928314947,-13.8840729636204));
#2990=CARTESIAN_POINT('Ctrl Pts',(20.7953896330989,3.96596922583473,-13.855943085828));
#2991=CARTESIAN_POINT('Ctrl Pts',(20.7952245343407,3.99940515437901,-13.8542117235887));
#2992=CARTESIAN_POINT('Ctrl Pts',(20.7954372460342,3.99961388880753,-14.3957882764113));
#2993=CARTESIAN_POINT('Ctrl Pts',(20.7937924220814,4.49043199052411,-14.3703636949106));
#2994=CARTESIAN_POINT('Ctrl Pts',(20.2752070178898,5.49589692145512,-14.3184350678424));
#2995=CARTESIAN_POINT('Ctrl Pts',(18.5615447397851,5.68988789331038,-14.2400023952068));
#2996=CARTESIAN_POINT('Ctrl Pts',(17.4563090141188,4.33520797192645,-14.1604902585046));
#2997=CARTESIAN_POINT('Ctrl Pts',(17.9977067618976,2.67280243253783,-14.0809781218023));
#2998=CARTESIAN_POINT('Ctrl Pts',(19.688727260005,2.22878286802463,-14.0014659851001));
#2999=CARTESIAN_POINT('Ctrl Pts',(20.6888813842786,3.14642547906777,-13.9397360366363));
#3000=CARTESIAN_POINT('Ctrl Pts',(20.7928608572709,3.8293263645647,-13.9045101337401));
#3001=CARTESIAN_POINT('Ctrl Pts',(20.7916118766973,3.99878006792198,-13.8957882764113));
#3002=CARTESIAN_POINT('Origin',(19.25,4.,-18.6042117235887));
#3003=CARTESIAN_POINT('',(20.7927755601477,4.00142195861877,-14.8957882764113));
#3004=CARTESIAN_POINT('',(20.7906561191371,3.99949859368752,-14.8542117235887));
#3005=CARTESIAN_POINT('',(20.793,4.00000000000012,-18.6042117235887));
#3006=CARTESIAN_POINT('Ctrl Pts',(20.7906561191371,3.99949859368752,-14.8542117235887));
#3007=CARTESIAN_POINT('Ctrl Pts',(20.7898113806759,4.28787730047331,-14.8393919391332));
#3008=CARTESIAN_POINT('Ctrl Pts',(20.5737990237248,5.09112053204728,-14.7981736391245));
#3009=CARTESIAN_POINT('Ctrl Pts',(19.2808008249034,5.82203433112005,-14.7305568235625));
#3010=CARTESIAN_POINT('Ctrl Pts',(17.7383193482669,5.01763421806169,-14.6513612769029));
#3011=CARTESIAN_POINT('Ctrl Pts',(17.5734789137682,3.28583276327292,-14.5721657302432));
#3012=CARTESIAN_POINT('Ctrl Pts',(18.936503676032,2.20487386252304,-14.4929701835836));
#3013=CARTESIAN_POINT('Ctrl Pts',(20.4489873498541,2.71400738931717,-14.4203188480321));
#3014=CARTESIAN_POINT('Ctrl Pts',(20.7893133112398,3.61638502556181,-14.3740660280338));
#3015=CARTESIAN_POINT('Ctrl Pts',(20.7927749779965,4.00139235191384,-14.3542117235887));
#3016=CARTESIAN_POINT('Ctrl Pts',(20.7927755601477,4.00142195861877,-14.8957882764113));
#3017=CARTESIAN_POINT('Ctrl Pts',(20.7939353666461,4.12868711026431,-14.8892253472159));
#3018=CARTESIAN_POINT('Ctrl Pts',(20.7212595499668,4.76859905838368,-14.856158372453));
#3019=CARTESIAN_POINT('Ctrl Pts',(19.8312746143038,5.72968539337186,-14.7965873521228));
#3020=CARTESIAN_POINT('Ctrl Pts',(18.1097531990097,5.42461537619996,-14.7170752154205));
#3021=CARTESIAN_POINT('Ctrl Pts',(17.4349943338316,3.81172846988851,-14.6375630787182));
#3022=CARTESIAN_POINT('Ctrl Pts',(18.4264361174437,2.37167746787563,-14.558050942016));
#3023=CARTESIAN_POINT('Ctrl Pts',(20.1739210920027,2.42644938021457,-14.4785388053137));
#3024=CARTESIAN_POINT('Ctrl Pts',(20.7856718793452,3.44634649263956,-14.4244512501121));
#3025=CARTESIAN_POINT('Ctrl Pts',(20.7955070811405,3.9787749812299,-14.396867740478));
#3026=CARTESIAN_POINT('Ctrl Pts',(20.7954372460342,3.99961388880753,-14.3957882764113));
#3027=CARTESIAN_POINT('Origin',(19.25,4.,-18.6042117235887));
#3028=CARTESIAN_POINT('',(20.7905104753103,3.99969561191503,-15.3957882764113));
#3029=CARTESIAN_POINT('',(20.7945878419164,3.99896906480704,-15.3542117235887));
#3030=CARTESIAN_POINT('',(20.793,4.00000000000012,-18.6042117235887));
#3031=CARTESIAN_POINT('Ctrl Pts',(20.7945878419164,3.99896906480704,-15.3542117235887));
#3032=CARTESIAN_POINT('Ctrl Pts',(20.79114674017,4.44546956509205,-15.3311163657858));
#3033=CARTESIAN_POINT('Ctrl Pts',(20.3530491937378,5.40821908058741,-15.2816224924297));
#3034=CARTESIAN_POINT('Ctrl Pts',(18.7200490381329,5.74353370275247,-15.2057301035204));
#3035=CARTESIAN_POINT('Ctrl Pts',(17.4989344095649,4.50450678150503,-15.1265345568607));
#3036=CARTESIAN_POINT('Ctrl Pts',(17.8736196756984,2.8057073233643,-15.0473390102011));
#3037=CARTESIAN_POINT('Ctrl Pts',(19.5026426368835,2.19530349016068,-14.9681434635415));
#3038=CARTESIAN_POINT('Ctrl Pts',(20.6396719103714,3.03603283981411,-14.9037677013373));
#3039=CARTESIAN_POINT('Ctrl Pts',(20.7913161152064,3.77418765814755,-14.8657904546864));
#3040=CARTESIAN_POINT('Ctrl Pts',(20.7906561191371,3.99949859368752,-14.8542117235887));
#3041=CARTESIAN_POINT('Ctrl Pts',(20.7905104753103,3.99969561191503,-15.3957882764113));
#3042=CARTESIAN_POINT('Ctrl Pts',(20.7900245315637,4.27618029678442,-15.3815829539537));
#3043=CARTESIAN_POINT('Ctrl Pts',(20.5867308556415,5.06919198924455,-15.3408735859288));
#3044=CARTESIAN_POINT('Ctrl Pts',(19.3158394657405,5.82355611434862,-15.2736601723364));
#3045=CARTESIAN_POINT('Ctrl Pts',(17.7519585766125,5.04190384925189,-15.1941480356341));
#3046=CARTESIAN_POINT('Ctrl Pts',(17.5633007174596,3.3037692426262,-15.1146358989318));
#3047=CARTESIAN_POINT('Ctrl Pts',(18.9230564479853,2.20478423271922,-15.0351237622296));
#3048=CARTESIAN_POINT('Ctrl Pts',(20.4459433051546,2.7085140434571,-14.9621745547227));
#3049=CARTESIAN_POINT('Ctrl Pts',(20.7892515488923,3.61473346579787,-14.9157293927833));
#3050=CARTESIAN_POINT('Ctrl Pts',(20.7927755601477,4.00142195861877,-14.8957882764113));
#3051=CARTESIAN_POINT('Origin',(19.25,4.,-18.6042117235887));
#3052=CARTESIAN_POINT('',(20.7938958401932,3.99869645021353,-15.8957882764113));
#3053=CARTESIAN_POINT('',(20.7936889497891,4.00131737597735,-15.8542117235887));
#3054=CARTESIAN_POINT('',(20.793,4.00000000000012,-18.6042117235887));
#3055=CARTESIAN_POINT('Ctrl Pts',(20.7936889497891,4.00131737597735,-15.8542117235887));
#3056=CARTESIAN_POINT('Ctrl Pts',(20.7945595766407,4.09759417710205,-15.8492393079917));
#3057=CARTESIAN_POINT('Ctrl Pts',(20.7425823562521,4.70406676201662,-15.8178683768414));
#3058=CARTESIAN_POINT('Ctrl Pts',(19.9396793118245,5.68674249346561,-15.7600989301379));
#3059=CARTESIAN_POINT('Ctrl Pts',(18.2104617425925,5.49670237756818,-15.6809033834783));
#3060=CARTESIAN_POINT('Ctrl Pts',(17.4286073394465,3.94267137996582,-15.6017078368186));
#3061=CARTESIAN_POINT('Ctrl Pts',(18.3066440516092,2.44088571652008,-15.522512290159));
#3062=CARTESIAN_POINT('Ctrl Pts',(20.0443900352864,2.35996882145802,-15.4433167434993));
#3063=CARTESIAN_POINT('Ctrl Pts',(20.7625368654332,3.36139503364177,-15.3872165546426));
#3064=CARTESIAN_POINT('Ctrl Pts',(20.7950799971799,3.93510940951951,-15.3575148813391));
#3065=CARTESIAN_POINT('Ctrl Pts',(20.7945878419164,3.99896906480704,-15.3542117235887));
#3066=CARTESIAN_POINT('Ctrl Pts',(20.7938958401932,3.99869645021353,-15.8957882764113));
#3067=CARTESIAN_POINT('Ctrl Pts',(20.7900837082041,4.42156823716232,-15.8739405606916));
#3068=CARTESIAN_POINT('Ctrl Pts',(20.3907518201881,5.36376513633224,-15.8255887994045));
#3069=CARTESIAN_POINT('Ctrl Pts',(18.794976803221,5.7671009121867,-15.75073299255));
#3070=CARTESIAN_POINT('Ctrl Pts',(17.5176558829272,4.57330236216796,-15.6712208558477));
#3071=CARTESIAN_POINT('Ctrl Pts',(17.8306511528383,2.85320420953695,-15.5917087191455));
#3072=CARTESIAN_POINT('Ctrl Pts',(19.4466285631284,2.1858806691882,-15.5121965824432));
#3073=CARTESIAN_POINT('Ctrl Pts',(20.6256428944665,3.00563406108007,-15.4468897681985));
#3074=CARTESIAN_POINT('Ctrl Pts',(20.7909311970224,3.76031994173949,-15.4080869995212));
#3075=CARTESIAN_POINT('Ctrl Pts',(20.7905104753103,3.99969561191503,-15.3957882764113));
#3076=CARTESIAN_POINT('Origin',(19.25,4.,-18.6042117235887));
#3077=CARTESIAN_POINT('',(20.7947744999421,4.00097166583542,-16.3957882764113));
#3078=CARTESIAN_POINT('',(20.7905010862808,3.99998456323257,-16.3542117235887));
#3079=CARTESIAN_POINT('',(20.793,4.00000000000012,-18.6042117235887));
#3080=CARTESIAN_POINT('Ctrl Pts',(20.7905010862808,3.99998456323257,-16.3542117235887));
#3081=CARTESIAN_POINT('Ctrl Pts',(20.7904780066885,4.25784247208564,-16.3409637346443));
#3082=CARTESIAN_POINT('Ctrl Pts',(20.6070948711735,5.0295500701373,-16.3013172301466));
#3083=CARTESIAN_POINT('Ctrl Pts',(19.3886487794662,5.817012435129,-16.2352722100957));
#3084=CARTESIAN_POINT('Ctrl Pts',(17.8012374043831,5.10537087718855,-16.1560766634361));
#3085=CARTESIAN_POINT('Ctrl Pts',(17.5341279150246,3.3863708020127,-16.0768811167764));
#3086=CARTESIAN_POINT('Ctrl Pts',(18.8307453960563,2.22658990776875,-15.9976855701168));
#3087=CARTESIAN_POINT('Ctrl Pts',(20.4040428765809,2.65431745564985,-15.9234624390542));
#3088=CARTESIAN_POINT('Ctrl Pts',(20.7899374254881,3.58646139218302,-15.8756378235449));
#3089=CARTESIAN_POINT('Ctrl Pts',(20.7936889497891,4.00131737597735,-15.8542117235887));
#3090=CARTESIAN_POINT('Ctrl Pts',(20.7947744999422,4.00097166583542,-16.3957882764113));
#3091=CARTESIAN_POINT('Ctrl Pts',(20.795198680097,4.05868266941572,-16.3928022129969));
#3092=CARTESIAN_POINT('Ctrl Pts',(20.7660366448456,4.62819865248623,-16.3633121040151));
#3093=CARTESIAN_POINT('Ctrl Pts',(20.0585304565402,5.63583903591355,-16.3073179494659));
#3094=CARTESIAN_POINT('Ctrl Pts',(18.3116243122106,5.56497380584093,-16.2278058127636));
#3095=CARTESIAN_POINT('Ctrl Pts',(17.4261599654989,4.05744030282266,-16.1482936760614));
#3096=CARTESIAN_POINT('Ctrl Pts',(18.2150064662699,2.49717599241364,-16.0687815393591));
#3097=CARTESIAN_POINT('Ctrl Pts',(19.9539914773845,2.31652508957833,-15.9892694026569));
#3098=CARTESIAN_POINT('Ctrl Pts',(20.7464559944299,3.30631811888221,-15.9316049816742));
#3099=CARTESIAN_POINT('Ctrl Pts',(20.7947083070063,3.90857121476045,-15.900444606259));
#3100=CARTESIAN_POINT('Ctrl Pts',(20.7938958401932,3.99869645021353,-15.8957882764113));
#3101=CARTESIAN_POINT('Origin',(19.25,4.,-18.6042117235887));
#3102=CARTESIAN_POINT('',(20.7908581467911,4.0007918263005,-16.8957882764113));
#3103=CARTESIAN_POINT('',(20.7937449287258,3.99869159751593,-16.8542117235887));
#3104=CARTESIAN_POINT('',(20.793,4.00000000000012,-18.6042117235887));
#3105=CARTESIAN_POINT('Ctrl Pts',(20.7937449287258,3.99869159751593,-16.8542117235887));
#3106=CARTESIAN_POINT('Ctrl Pts',(20.7899918490272,4.41539569254975,-16.8326881612969));
#3107=CARTESIAN_POINT('Ctrl Pts',(20.4011585792086,5.34936261681085,-16.7847660834519));
#3108=CARTESIAN_POINT('Ctrl Pts',(18.8242323568316,5.77185597609792,-16.7104454900536));
#3109=CARTESIAN_POINT('Ctrl Pts',(17.5318848496071,4.60732141688509,-16.631249943394));
#3110=CARTESIAN_POINT('Ctrl Pts',(17.8053085919064,2.88931304623955,-16.5520543967343));
#3111=CARTESIAN_POINT('Ctrl Pts',(19.3953239658016,2.18350946362083,-16.4728588500747));
#3112=CARTESIAN_POINT('Ctrl Pts',(20.6090747498292,2.97427449657789,-16.4069112923595));
#3113=CARTESIAN_POINT('Ctrl Pts',(20.790523996082,3.74402365430732,-16.3673622501975));
#3114=CARTESIAN_POINT('Ctrl Pts',(20.7905010862808,3.99998456323257,-16.3542117235887));
#3115=CARTESIAN_POINT('Ctrl Pts',(20.7908581467911,4.0007918263005,-16.8957882764113));
#3116=CARTESIAN_POINT('Ctrl Pts',(20.7918247668009,4.2075446403456,-16.8851598197348));
#3117=CARTESIAN_POINT('Ctrl Pts',(20.656722031892,4.92866748567703,-16.8480273174909));
#3118=CARTESIAN_POINT('Ctrl Pts',(19.5603873731925,5.7981405207072,-16.7843907696796));
#3119=CARTESIAN_POINT('Ctrl Pts',(17.905630728793,5.23384242918081,-16.7048786329773));
#3120=CARTESIAN_POINT('Ctrl Pts',(17.4850116376603,3.53684038306011,-16.625366496275));
#3121=CARTESIAN_POINT('Ctrl Pts',(18.6846829863493,2.26503537948184,-16.5458543595727));
#3122=CARTESIAN_POINT('Ctrl Pts',(20.3387768792298,2.57389524482219,-16.4693282862848));
#3123=CARTESIAN_POINT('Ctrl Pts',(20.7914336930243,3.54644469708134,-16.4193062585643));
#3124=CARTESIAN_POINT('Ctrl Pts',(20.7947744999422,4.00097166583542,-16.3957882764113));
#3125=CARTESIAN_POINT('Origin',(19.25,4.,-18.6042117235887));
#3126=CARTESIAN_POINT('',(20.7914734040655,3.99810057974382,-17.3957882764113));
#3127=CARTESIAN_POINT('',(20.7945414493966,4.00100927359871,-17.3542117235887));
#3128=CARTESIAN_POINT('',(20.793,4.00000000000012,-18.6042117235887));
#3129=CARTESIAN_POINT('',(19.6485138418573,2.50935057178149,-17.5));
#3130=CARTESIAN_POINT('Ctrl Pts',(19.6485138418573,2.50935057178149,-17.5));
#3131=CARTESIAN_POINT('Ctrl Pts',(20.1449890326749,2.64207945620873,-17.4734959544326));
#3132=CARTESIAN_POINT('Ctrl Pts',(20.696258428838,3.16528170610197,-17.4387587132363));
#3133=CARTESIAN_POINT('Ctrl Pts',(20.7927036873855,3.8381653086442,-17.4040214720401));
#3134=CARTESIAN_POINT('Ctrl Pts',(20.7914734040655,3.99810057974382,-17.3957882764113));
#3135=CARTESIAN_POINT('',(18.8505883581611,2.50674678892741,-17.5));
#3136=CARTESIAN_POINT('Origin',(19.25,4.,-17.5));
#3137=CARTESIAN_POINT('Ctrl Pts',(18.8505872339199,2.50674352842385,-17.5));
#3138=CARTESIAN_POINT('Ctrl Pts',(19.3283243734993,2.38007396601886,-17.4744018033301));
#3139=CARTESIAN_POINT('Ctrl Pts',(20.3631490169206,2.61151586929564,-17.425805711193));
#3140=CARTESIAN_POINT('Ctrl Pts',(20.7910568127908,3.55646767961961,-17.377209619056));
#3141=CARTESIAN_POINT('Ctrl Pts',(20.7945414493966,4.00100927359871,-17.3542117235887));
#3142=CARTESIAN_POINT('Ctrl Pts',(19.6485138418573,2.50935057178149,-17.5));
#3143=CARTESIAN_POINT('Ctrl Pts',(20.1449890326749,2.64207945620873,-17.4734959544326));
#3144=CARTESIAN_POINT('Ctrl Pts',(20.986211230678,3.44047194764526,-17.4204878632977));
#3145=CARTESIAN_POINT('Ctrl Pts',(20.6593937273934,5.16088122357104,-17.3409757265955));
#3146=CARTESIAN_POINT('Ctrl Pts',(19.0363261581658,5.81168973798501,-17.2614635898932));
#3147=CARTESIAN_POINT('Ctrl Pts',(17.6106326040107,4.80126825183108,-17.1819514531909));
#3148=CARTESIAN_POINT('Ctrl Pts',(17.689272140162,3.05428139866752,-17.1024393164886));
#3149=CARTESIAN_POINT('Ctrl Pts',(19.2010079543091,2.17599020415808,-17.0229271797864));
#3150=CARTESIAN_POINT('Ctrl Pts',(20.7575498661811,2.97189956170277,-16.9434150430841));
#3151=CARTESIAN_POINT('Ctrl Pts',(20.9302277283356,4.71175759771734,-16.8639029063818));
#3152=CARTESIAN_POINT('Ctrl Pts',(19.5603873731925,5.7981405207072,-16.7843907696796));
#3153=CARTESIAN_POINT('Ctrl Pts',(17.905630728793,5.23384242918081,-16.7048786329773));
#3154=CARTESIAN_POINT('Ctrl Pts',(17.4850116376603,3.53684038306011,-16.625366496275));
#3155=CARTESIAN_POINT('Ctrl Pts',(18.6846829863493,2.26503537948184,-16.5458543595727));
#3156=CARTESIAN_POINT('Ctrl Pts',(20.4033199695158,2.58594702148382,-16.4663422228705));
#3157=CARTESIAN_POINT('Ctrl Pts',(21.0631947686481,4.20498182307016,-16.3868300861682));
#3158=CARTESIAN_POINT('Ctrl Pts',(20.0585304565402,5.63583903591355,-16.3073179494659));
#3159=CARTESIAN_POINT('Ctrl Pts',(18.3116243122106,5.56497380584093,-16.2278058127636));
#3160=CARTESIAN_POINT('Ctrl Pts',(17.4261599654989,4.05744030282266,-16.1482936760614));
#3161=CARTESIAN_POINT('Ctrl Pts',(18.2150064662699,2.49717599241364,-16.0687815393591));
#3162=CARTESIAN_POINT('Ctrl Pts',(19.9539914773845,2.31652508957833,-15.9892694026569));
#3163=CARTESIAN_POINT('Ctrl Pts',(21.0467024755581,3.68132781042242,-15.9097572659546));
#3164=CARTESIAN_POINT('Ctrl Pts',(20.4900153931031,5.33867604183578,-15.8302451292523));
#3165=CARTESIAN_POINT('Ctrl Pts',(18.794976803221,5.7671009121867,-15.75073299255));
#3166=CARTESIAN_POINT('Ctrl Pts',(17.5176558829272,4.57330236216796,-15.6712208558477));
#3167=CARTESIAN_POINT('Ctrl Pts',(17.8306511528383,2.85320420953695,-15.5917087191455));
#3168=CARTESIAN_POINT('Ctrl Pts',(19.4466285631284,2.1858806691882,-15.5121965824432));
#3169=CARTESIAN_POINT('Ctrl Pts',(20.882098196297,3.18394411037823,-15.432684445741));
#3170=CARTESIAN_POINT('Ctrl Pts',(20.8192788021261,4.93115829919943,-15.3531723090386));
#3171=CARTESIAN_POINT('Ctrl Pts',(19.3158394657405,5.82355611434862,-15.2736601723364));
#3172=CARTESIAN_POINT('Ctrl Pts',(17.7519585766125,5.04190384925189,-15.1941480356341));
#3173=CARTESIAN_POINT('Ctrl Pts',(17.5633007174596,3.3037692426262,-15.1146358989318));
#3174=CARTESIAN_POINT('Ctrl Pts',(18.9230564479853,2.20478423271922,-15.0351237622296));
#3175=CARTESIAN_POINT('Ctrl Pts',(20.5829509431784,2.7538324669805,-14.9556116255273));
#3176=CARTESIAN_POINT('Ctrl Pts',(21.0191777839168,4.44687996840847,-14.876099488825));
#3177=CARTESIAN_POINT('Ctrl Pts',(19.8312746143038,5.72968539337186,-14.7965873521228));
#3178=CARTESIAN_POINT('Ctrl Pts',(18.1097531990097,5.42461537619996,-14.7170752154205));
#3179=CARTESIAN_POINT('Ctrl Pts',(17.4349943338316,3.81172846988851,-14.6375630787182));
#3180=CARTESIAN_POINT('Ctrl Pts',(18.4264361174437,2.37167746787563,-14.558050942016));
#3181=CARTESIAN_POINT('Ctrl Pts',(20.1739210920027,2.42644938021457,-14.4785388053137));
#3182=CARTESIAN_POINT('Ctrl Pts',(21.073233550287,3.92576282344919,-14.3990266686114));
#3183=CARTESIAN_POINT('Ctrl Pts',(20.298792046801,5.49322703559828,-14.3195145319091));
#3184=CARTESIAN_POINT('Ctrl Pts',(18.5615447397851,5.68988789331038,-14.2400023952068));
#3185=CARTESIAN_POINT('Ctrl Pts',(17.4563090141188,4.33520797192645,-14.1604902585046));
#3186=CARTESIAN_POINT('Ctrl Pts',(17.9977067618976,2.67280243253783,-14.0809781218023));
#3187=CARTESIAN_POINT('Ctrl Pts',(19.688727260005,2.22878286802463,-14.0014659851001));
#3188=CARTESIAN_POINT('Ctrl Pts',(20.9769899822616,3.41076546397675,-13.9219538483977));
#3189=CARTESIAN_POINT('Ctrl Pts',(20.679851687576,5.13367362534846,-13.8424417116955));
#3190=CARTESIAN_POINT('Ctrl Pts',(19.0700894964905,5.81585350400341,-13.7629295749932));
#3191=CARTESIAN_POINT('Ctrl Pts',(17.6254876700582,4.83105440684801,-13.683417438291));
#3192=CARTESIAN_POINT('Ctrl Pts',(17.6722109389528,3.08333571242554,-13.6039053015887));
#3193=CARTESIAN_POINT('Ctrl Pts',(19.1673666872466,2.17712768606851,-13.5243931648864));
#3194=CARTESIAN_POINT('Ctrl Pts',(20.7383809752066,2.9443420014429,-13.4448810281841));
#3195=CARTESIAN_POINT('Ctrl Pts',(20.9430406601133,4.68066516032312,-13.3653688914819));
#3196=CARTESIAN_POINT('Ctrl Pts',(19.5934652817956,5.79212815877538,-13.2858567547796));
#3197=CARTESIAN_POINT('Ctrl Pts',(17.9285839592419,5.25839238097729,-13.2063446180773));
#3198=CARTESIAN_POINT('Ctrl Pts',(17.4767810889895,3.56943475417856,-13.1268324813751));
#3199=CARTESIAN_POINT('Ctrl Pts',(18.6528180404226,2.27574205977474,-13.0473203446728));
#3200=CARTESIAN_POINT('Ctrl Pts',(20.3770764035246,2.56494232941932,-12.9678082079705));
#3201=CARTESIAN_POINT('Ctrl Pts',(21.0666628260405,4.17154566085237,-12.8882960712682));
#3202=CARTESIAN_POINT('Ctrl Pts',(20.0885273037688,5.62066767047067,-12.808783934566));
#3203=CARTESIAN_POINT('Ctrl Pts',(18.3406119600832,5.58199403606045,-12.7292717978637));
#3204=CARTESIAN_POINT('Ctrl Pts',(17.4275275870969,4.09102769623315,-12.6497596611614));
#3205=CARTESIAN_POINT('Ctrl Pts',(18.1874984410911,2.51649665501195,-12.5702475244592));
#3206=CARTESIAN_POINT('Ctrl Pts',(19.9228606229441,2.30384248391673,-12.4907353877569));
#3207=CARTESIAN_POINT('Ctrl Pts',(21.0405273191065,3.64828469352617,-12.4112232510546));
#3208=CARTESIAN_POINT('Ctrl Pts',(20.514464832279,5.31560648569552,-12.3317111143523));
#3209=CARTESIAN_POINT('Ctrl Pts',(18.8276059010173,5.77518307856377,-12.2521989776501));
#3210=CARTESIAN_POINT('Ctrl Pts',(17.5285106747891,4.60511671639405,-12.1726868409478));
#3211=CARTESIAN_POINT('Ctrl Pts',(17.8097667852088,2.87954472454861,-12.0931747042455));
#3212=CARTESIAN_POINT('Ctrl Pts',(19.4131771795658,2.18256638488679,-12.0136625675432));
#3213=CARTESIAN_POINT('Ctrl Pts',(20.8667886352593,3.15401758518806,-11.934150430841));
#3214=CARTESIAN_POINT('Ctrl Pts',(20.8361654556341,4.90209250336508,-11.8546382941387));
#3215=CARTESIAN_POINT('Ctrl Pts',(19.349420148938,5.82203385568427,-11.7751261574364));
#3216=CARTESIAN_POINT('Ctrl Pts',(17.7714057515987,5.06932258269856,-11.6956140207342));
#3217=CARTESIAN_POINT('Ctrl Pts',(17.5507616048909,3.33495818638115,-11.6161018840319));
#3218=CARTESIAN_POINT('Ctrl Pts',(18.8900421290288,2.21111149917038,-11.5365897473296));
#3219=CARTESIAN_POINT('Ctrl Pts',(20.5597690255,2.7294895367942,-11.4570776106273));
#3220=CARTESIAN_POINT('Ctrl Pts',(21.0271095929735,4.41421399280575,-11.3775654739251));
#3221=CARTESIAN_POINT('Ctrl Pts',(19.8630386381703,5.71868419594317,-11.2980533372228));
#3222=CARTESIAN_POINT('Ctrl Pts',(18.1361896184316,5.44537821042975,-11.2185412005205));
#3223=CARTESIAN_POINT('Ctrl Pts',(17.4318341451274,3.84519476284745,-11.1390290638183));
#3224=CARTESIAN_POINT('Ctrl Pts',(18.3965804181517,2.38712469341481,-11.059516927116));
#3225=CARTESIAN_POINT('Ctrl Pts',(20.1447778326639,2.40969676871095,-10.9800047904137));
#3226=CARTESIAN_POINT('Ctrl Pts',(21.0715566515769,3.8921895071433,-10.9004926537115));
#3227=CARTESIAN_POINT('Ctrl Pts',(20.3261209252468,5.47365378957208,-10.8209805170092));
#3228=CARTESIAN_POINT('Ctrl Pts',(18.5927911018086,5.70228323184362,-10.7414683803069));
#3229=CARTESIAN_POINT('Ctrl Pts',(17.4627882612955,4.36819280045431,-10.6619562436046));
#3230=CARTESIAN_POINT('Ctrl Pts',(17.9734708544733,2.69609621601392,-10.5824441069024));
#3231=CARTESIAN_POINT('Ctrl Pts',(19.6560251008015,2.22100158661772,-10.5029319702001));
#3232=CARTESIAN_POINT('Ctrl Pts',(20.9658426119138,3.3790524431353,-10.4234198334978));
#3233=CARTESIAN_POINT('Ctrl Pts',(20.7004925483811,5.10714186279885,-10.3439076967955));
#3234=CARTESIAN_POINT('Ctrl Pts',(19.1035699887838,5.81885952982698,-10.2643955600933));
#3235=CARTESIAN_POINT('Ctrl Pts',(17.6410722326,4.86083864705263,-10.184883423391));
#3236=CARTESIAN_POINT('Ctrl Pts',(17.6555927246377,3.1125558171841,-10.1053712866887));
#3237=CARTESIAN_POINT('Ctrl Pts',(19.1338014501754,2.1789591890126,-10.0258591499865));
#3238=CARTESIAN_POINT('Ctrl Pts',(20.7186820729096,2.91710355819348,-9.94634701328419));
#3239=CARTESIAN_POINT('Ctrl Pts',(20.9552919624394,4.64936204174841,-9.86683487658192));
#3240=CARTESIAN_POINT('Ctrl Pts',(19.6264199188349,5.78549707033151,-9.78732273987965));
#3241=CARTESIAN_POINT('Ctrl Pts',(17.9519891171723,5.28252074766006,-9.70781060317737));
#3242=CARTESIAN_POINT('Ctrl Pts',(17.4691504950083,3.60217241088936,-9.62829846647511));
#3243=CARTESIAN_POINT('Ctrl Pts',(18.6211567054215,2.28703535205394,-9.54878632977282));
#3244=CARTESIAN_POINT('Ctrl Pts',(20.3504498410444,2.54442390786796,-9.46927419307056));
#3245=CARTESIAN_POINT('Ctrl Pts',(21.0695146629153,4.13805162539253,-9.38976205636829));
#3246=CARTESIAN_POINT('Ctrl Pts',(20.1182393805187,5.60494620549068,-9.31024991966601));
#3247=CARTESIAN_POINT('Ctrl Pts',(18.369908430385,5.59847730032808,-9.23073778296374));
#3248=CARTESIAN_POINT('Ctrl Pts',(17.4295133858814,4.12458452816223,-9.15122564626147));
#3249=CARTESIAN_POINT('Ctrl Pts',(18.160351530098,2.53632005200095,-9.0717135095592));
#3250=CARTESIAN_POINT('Ctrl Pts',(19.8915004112773,2.29173691057152,-8.99220137285693));
#3251=CARTESIAN_POINT('Ctrl Pts',(21.0337464576326,3.61535818630627,-8.91268923615466));
#3252=CARTESIAN_POINT('Ctrl Pts',(20.5384814327302,5.29209576847932,-8.83317709945237));
#3253=CARTESIAN_POINT('Ctrl Pts',(18.860385515708,5.7826525761562,-8.75366496275013));
#3254=CARTESIAN_POINT('Ctrl Pts',(17.5399358648136,4.63674543620307,-8.67415282604783));
#3255=CARTESIAN_POINT('Ctrl Pts',(17.7893977958452,2.90622748641787,-8.59464068934557));
#3256=CARTESIAN_POINT('Ctrl Pts',(19.3796191442116,2.1799420796793,-8.51512855264329));
#3257=CARTESIAN_POINT('Ctrl Pts',(20.8510291879827,3.12423709566571,-8.43561641594104));
#3258=CARTESIAN_POINT('Ctrl Pts',(20.8523234112267,4.87299252932664,-8.35610427923874));
#3259=CARTESIAN_POINT('Ctrl Pts',(19.3833346076435,5.81936749993202,-8.27659214253649));
#3260=CARTESIAN_POINT('Ctrl Pts',(17.7906403130753,5.09740840084013,-8.1970800058342));
#3261=CARTESIAN_POINT('Ctrl Pts',(17.5402354774815,3.36422774797789,-8.11756786913195));
#3262=CARTESIAN_POINT('Ctrl Pts',(18.4159469539061,2.60382340366262,-8.06455977799709));
#3263=CARTESIAN_POINT('Ctrl Pts',(18.9178068247858,2.49318325787736,-8.03805573242967));
#3264=CARTESIAN_POINT('Ctrl Pts',(19.6245375824152,2.59903427576914,-17.5535973499898));
#3265=CARTESIAN_POINT('Ctrl Pts',(20.0911427493308,2.72377763539341,-17.5270933044223));
#3266=CARTESIAN_POINT('Ctrl Pts',(20.8817535016341,3.4741354954052,-17.4740852132875));
#3267=CARTESIAN_POINT('Ctrl Pts',(20.5745987062054,5.09103775397405,-17.3945730765852));
#3268=CARTESIAN_POINT('Ctrl Pts',(19.0491816701448,5.70269090626566,-17.315060939883));
#3269=CARTESIAN_POINT('Ctrl Pts',(17.7092638029269,4.75306060263364,-17.2355488031807));
#3270=CARTESIAN_POINT('Ctrl Pts',(17.7831720556869,3.11117978502981,-17.1560366664784));
#3271=CARTESIAN_POINT('Ctrl Pts',(19.2039555206787,2.28573026208463,-17.0765245297761));
#3272=CARTESIAN_POINT('Ctrl Pts',(20.6668493611624,3.03375438392481,-16.9970123930739));
#3273=CARTESIAN_POINT('Ctrl Pts',(20.8291382009342,4.66893528383437,-16.9175002563716));
#3274=CARTESIAN_POINT('Ctrl Pts',(19.5417131706791,5.68995686656658,-16.8379881196693));
#3275=CARTESIAN_POINT('Ctrl Pts',(17.9865136067431,5.15960930830656,-16.758475982967));
#3276=CARTESIAN_POINT('Ctrl Pts',(17.5912007193003,3.56470600270102,-16.6789638462648));
#3277=CARTESIAN_POINT('Ctrl Pts',(18.7186948222322,2.3694181072447,-16.5994517095625));
#3278=CARTESIAN_POINT('Ctrl Pts',(20.3339314165864,2.67102236270585,-16.5199395728603));
#3279=CARTESIAN_POINT('Ctrl Pts',(20.9541053879896,4.19264925929287,-16.4404274361579));
#3280=CARTESIAN_POINT('Ctrl Pts',(20.0098858827345,5.5374201178963,-16.3609152994557));
#3281=CARTESIAN_POINT('Ctrl Pts',(18.3680809181837,5.47081843644651,-16.2814031627534));
#3282=CARTESIAN_POINT('Ctrl Pts',(17.5358898098732,4.05398445397062,-16.2018910260512));
#3283=CARTESIAN_POINT('Ctrl Pts',(18.2772760059423,2.58759217001415,-16.1223788893489));
#3284=CARTESIAN_POINT('Ctrl Pts',(19.9116364057813,2.41780998103489,-16.0428667526466));
#3285=CARTESIAN_POINT('Ctrl Pts',(20.938605340228,3.70050046213928,-15.9633546159443));
#3286=CARTESIAN_POINT('Ctrl Pts',(20.415410880902,5.25813569237558,-15.8838424792421));
#3287=CARTESIAN_POINT('Ctrl Pts',(18.8223529017959,5.66078473071253,-15.8043303425398));
#3288=CARTESIAN_POINT('Ctrl Pts',(17.621880950243,4.53881009432096,-15.7248182058375));
#3289=CARTESIAN_POINT('Ctrl Pts',(17.9160451156671,2.92220024056826,-15.6453060691352));
#3290=CARTESIAN_POINT('Ctrl Pts',(19.4347985664052,2.29502567537335,-15.565793932433));
#3291=CARTESIAN_POINT('Ctrl Pts',(20.7839043428365,3.23304144571192,-15.4862817957307));
#3292=CARTESIAN_POINT('Ctrl Pts',(20.7248644261503,4.87513592150942,-15.4067696590284));
#3293=CARTESIAN_POINT('Ctrl Pts',(19.3118782881193,5.71384335179815,-15.3272575223262));
#3294=CARTESIAN_POINT('Ctrl Pts',(17.8420870139453,4.97921855609642,-15.2477453856239));
#3295=CARTESIAN_POINT('Ctrl Pts',(17.6647796006283,3.34565739685575,-15.1682332489216));
#3296=CARTESIAN_POINT('Ctrl Pts',(18.94272673946,2.31279192146143,-15.0887211122193));
#3297=CARTESIAN_POINT('Ctrl Pts',(20.5027550395977,2.82880711764931,-15.0092089755171));
#3298=CARTESIAN_POINT('Ctrl Pts',(20.9127366491532,4.41999380051005,-14.9296968388148));
#3299=CARTESIAN_POINT('Ctrl Pts',(19.7963027024257,5.62562028599357,-14.8501847021125));
#3300=CARTESIAN_POINT('Ctrl Pts',(18.1783552154443,5.33890455695786,-14.7706725654103));
#3301=CARTESIAN_POINT('Ctrl Pts',(17.5441926656587,3.82305567255346,-14.691160428708));
#3302=CARTESIAN_POINT('Ctrl Pts',(18.4759851650333,2.46964416158845,-14.6116482920057));
#3303=CARTESIAN_POINT('Ctrl Pts',(20.118334134966,2.52112076660694,-14.5321361553034));
#3304=CARTESIAN_POINT('Ctrl Pts',(20.9635401945396,3.93022924247476,-14.4526240186012));
#3305=CARTESIAN_POINT('Ctrl Pts',(20.2356923308722,5.40338825197026,-14.3731118818989));
#3306=CARTESIAN_POINT('Ctrl Pts',(18.6029650875859,5.58821716998203,-14.2935997451966));
#3307=CARTESIAN_POINT('Ctrl Pts',(17.5642249656349,4.3150404583854,-14.2140876084944));
#3308=CARTESIAN_POINT('Ctrl Pts',(18.0730499606039,2.75265218897296,-14.1345754717921));
#3309=CARTESIAN_POINT('Ctrl Pts',(19.6623315931414,2.33534669849668,-14.0550633350898));
#3310=CARTESIAN_POINT('Ctrl Pts',(20.8730870420888,3.44621627803649,-13.9755511983875));
#3311=CARTESIAN_POINT('Ctrl Pts',(20.5938258299416,5.06546707865164,-13.8960390616853));
#3312=CARTESIAN_POINT('Ctrl Pts',(19.0809136648265,5.70660416270618,-13.816526924983));
#3313=CARTESIAN_POINT('Ctrl Pts',(17.7232251260722,4.78105469798925,-13.7370147882807));
#3314=CARTESIAN_POINT('Ctrl Pts',(17.767137327698,3.13848606975748,-13.6575026515785));
#3315=CARTESIAN_POINT('Ctrl Pts',(19.1723382529415,2.286799308326,-13.5779905148762));
#3316=CARTESIAN_POINT('Ctrl Pts',(20.6488337508396,3.00785480174494,-13.4984783781739));
#3317=CARTESIAN_POINT('Ctrl Pts',(20.8411802531482,4.63971349751258,-13.4189662414716));
#3318=CARTESIAN_POINT('Ctrl Pts',(19.572800973958,5.68430623347425,-13.3394541047694));
#3319=CARTESIAN_POINT('Ctrl Pts',(18.0080858748502,5.182682232327,-13.2599419680671));
#3320=CARTESIAN_POINT('Ctrl Pts',(17.5834653548604,3.5953393601326,-13.1804298313648));
#3321=CARTESIAN_POINT('Ctrl Pts',(18.6887470047221,2.37948062887232,-13.1009176946626));
#3322=CARTESIAN_POINT('Ctrl Pts',(20.3092667732846,2.65128140076448,-13.0214055579603));
#3323=CARTESIAN_POINT('Ctrl Pts',(20.9573647925446,4.16122475643513,-12.941893421258));
#3324=CARTESIAN_POINT('Ctrl Pts',(20.0380779941772,5.52316152525009,-12.8623812845557));
#3325=CARTESIAN_POINT('Ctrl Pts',(18.3953245479244,5.48681465843184,-12.7828691478535));
#3326=CARTESIAN_POINT('Ctrl Pts',(17.537175149636,4.08555108932002,-12.7033570111512));
#3327=CARTESIAN_POINT('Ctrl Pts',(18.251422978606,2.60575042074518,-12.6238448744489));
#3328=CARTESIAN_POINT('Ctrl Pts',(19.8823785137435,2.40589041397272,-12.5443327377466));
#3329=CARTESIAN_POINT('Ctrl Pts',(20.9328017070151,3.66944535735269,-12.4648206010444));
#3330=CARTESIAN_POINT('Ctrl Pts',(20.4383893395614,5.23645409721718,-12.3853084643421));
#3331=CARTESIAN_POINT('Ctrl Pts',(18.8530188966031,5.66838064015807,-12.3057963276398));
#3332=CARTESIAN_POINT('Ctrl Pts',(17.6320826724282,4.56871036393872,-12.2262841909376));
#3333=CARTESIAN_POINT('Ctrl Pts',(17.8964172389395,2.94695600003213,-12.1467720542353));
#3334=CARTESIAN_POINT('Ctrl Pts',(19.4033597579825,2.29191079227694,-12.067259917533));
#3335=CARTESIAN_POINT('Ctrl Pts',(20.7695158690204,3.20491542543976,-11.9877477808307));
#3336=CARTESIAN_POINT('Ctrl Pts',(20.7407351079577,4.84781884551518,-11.9082356441285));
#3337=CARTESIAN_POINT('Ctrl Pts',(19.3434386169702,5.71241267858165,-11.8287235074262));
#3338=CARTESIAN_POINT('Ctrl Pts',(17.8603641655498,5.00498766386478,-11.7492113707239));
#3339=CARTESIAN_POINT('Ctrl Pts',(17.6529948935143,3.37496988331199,-11.6696992340217));
#3340=CARTESIAN_POINT('Ctrl Pts',(18.9116987000086,2.31873851310018,-11.5901870973194));
#3341=CARTESIAN_POINT('Ctrl Pts',(20.4809678430412,2.80592875995316,-11.5106749606171));
#3342=CARTESIAN_POINT('Ctrl Pts',(20.9201912474036,4.38929314661945,-11.4311628239149));
#3343=CARTESIAN_POINT('Ctrl Pts',(19.8261556697688,5.61528096661282,-11.3516506872126));
#3344=CARTESIAN_POINT('Ctrl Pts',(18.203201109308,5.35841821224339,-11.2721385505103));
#3345=CARTESIAN_POINT('Ctrl Pts',(17.5412226071239,3.85450849336094,-11.192626413808));
#3346=CARTESIAN_POINT('Ctrl Pts',(18.447925709477,2.48416201743382,-11.1131142771058));
#3347=CARTESIAN_POINT('Ctrl Pts',(20.0909442559957,2.5053760622763,-11.0336021404035));
#3348=CARTESIAN_POINT('Ctrl Pts',(20.9619641850692,3.89867583729249,-10.9540900037012));
#3349=CARTESIAN_POINT('Ctrl Pts',(20.2613769896923,5.38499261428674,-10.8745778669989));
#3350=CARTESIAN_POINT('Ctrl Pts',(18.6323315377875,5.59986675310774,-10.7950657302967));
#3351=CARTESIAN_POINT('Ctrl Pts',(17.570314394203,4.34604078167563,-10.7155535935944));
#3352=CARTESIAN_POINT('Ctrl Pts',(18.0502721867328,2.77454452101287,-10.6360414568921));
#3353=CARTESIAN_POINT('Ctrl Pts',(19.6315969326068,2.3280335715231,-10.5565293201899));
#3354=CARTESIAN_POINT('Ctrl Pts',(20.8626103441631,3.41641124516312,-10.4770171834876));
#3355=CARTESIAN_POINT('Ctrl Pts',(20.6132248502337,5.04053157790159,-10.3975050467853));
#3356=CARTESIAN_POINT('Ctrl Pts',(19.112379830677,5.709429333444,-10.317992910083));
#3357=CARTESIAN_POINT('Ctrl Pts',(17.7378720561517,4.80904699373568,-10.2384807733808));
#3358=CARTESIAN_POINT('Ctrl Pts',(17.7515189346589,3.16594817080566,-10.1589686366785));
#3359=CARTESIAN_POINT('Ctrl Pts',(19.1407924409134,2.28852062039303,-10.0794564999762));
#3360=CARTESIAN_POINT('Ctrl Pts',(20.630320016892,2.98225513716153,-9.99994436327397));
#3361=CARTESIAN_POINT('Ctrl Pts',(20.8526944658874,4.61029370547126,-9.92043222657168));
#3362=CARTESIAN_POINT('Ctrl Pts',(19.6037729222059,5.67807409904455,-9.84092008986942));
#3363=CARTESIAN_POINT('Ctrl Pts',(18.0300828805915,5.20535893555738,-9.76140795316714));
#3364=CARTESIAN_POINT('Ctrl Pts',(17.5762938493267,3.62610738249604,-9.68189581646487));
#3365=CARTESIAN_POINT('Ctrl Pts',(18.6589905480528,2.39009446945575,-9.6023836797626));
#3366=CARTESIAN_POINT('Ctrl Pts',(20.2842421761641,2.63199745326843,-9.52287154306033));
#3367=CARTESIAN_POINT('Ctrl Pts',(20.9600450509857,4.12974586223164,-9.44335940635805));
#3368=CARTESIAN_POINT('Ctrl Pts',(20.0660024681241,5.50838592935562,-9.36384726965579));
#3369=CARTESIAN_POINT('Ctrl Pts',(18.4228584200454,5.50230622058271,-9.28433513295352));
#3370=CARTESIAN_POINT('Ctrl Pts',(17.5390414744604,4.11708900189453,-9.20482299625124));
#3371=CARTESIAN_POINT('Ctrl Pts',(18.2259093393155,2.62438115926338,-9.12531085954896));
#3372=CARTESIAN_POINT('Ctrl Pts',(19.8529050635692,2.39451316254945,-9.04579872284671));
#3373=CARTESIAN_POINT('Ctrl Pts',(20.9264288105273,3.63849984651662,-8.96628658614441));
#3374=CARTESIAN_POINT('Ctrl Pts',(20.4609610008841,5.21435788307826,-8.88677444944216));
#3375=CARTESIAN_POINT('Ctrl Pts',(18.8838263525789,5.67540074153544,-8.80726231273988));
#3376=CARTESIAN_POINT('Ctrl Pts',(17.6428204752369,4.59843616768231,-8.72775017603762));
#3377=CARTESIAN_POINT('Ctrl Pts',(17.8772737331658,2.97203341535126,-8.64823803933534));
#3378=CARTESIAN_POINT('Ctrl Pts',(19.3718207143859,2.28944437624645,-8.56872590263307));
#3379=CARTESIAN_POINT('Ctrl Pts',(20.7547045760032,3.17692665471888,-8.48921376593079));
#3380=CARTESIAN_POINT('Ctrl Pts',(20.7559209333639,4.82046964762055,-8.40970162922853));
#3381=CARTESIAN_POINT('Ctrl Pts',(19.3753126399986,5.70990674194303,-8.33018949252625));
#3382=CARTESIAN_POINT('Ctrl Pts',(17.8784414953627,5.03138372172283,-8.25067735582398));
#3383=CARTESIAN_POINT('Ctrl Pts',(17.6431020619536,3.40247846566814,-8.17116521912171));
#3384=CARTESIAN_POINT('Ctrl Pts',(18.4661270734432,2.68782322696786,-8.11815712798686));
#3385=CARTESIAN_POINT('Ctrl Pts',(18.9377929555477,2.58383965508651,-8.09165308241944));
#3386=CARTESIAN_POINT('Ctrl Pts',(19.6005613229732,2.6887179797568,-17.6071946999795));
#3387=CARTESIAN_POINT('Ctrl Pts',(20.0372964659866,2.80547581457808,-17.5806906544121));
#3388=CARTESIAN_POINT('Ctrl Pts',(20.7772957725903,3.50779904316515,-17.5276825632773));
#3389=CARTESIAN_POINT('Ctrl Pts',(20.4898036850175,5.02119428437704,-17.448170426575));
#3390=CARTESIAN_POINT('Ctrl Pts',(19.0620371821238,5.59369207454632,-17.3686582898727));
#3391=CARTESIAN_POINT('Ctrl Pts',(17.8078950018431,4.7048529534362,-17.2891461531704));
#3392=CARTESIAN_POINT('Ctrl Pts',(17.8770719712119,3.16807817139211,-17.2096340164682));
#3393=CARTESIAN_POINT('Ctrl Pts',(19.2069030870482,2.39547032001117,-17.1301218797659));
#3394=CARTESIAN_POINT('Ctrl Pts',(20.5761488561438,3.09560920614683,-17.0506097430636));
#3395=CARTESIAN_POINT('Ctrl Pts',(20.7280486735326,4.6261129699514,-16.9710976063614));
#3396=CARTESIAN_POINT('Ctrl Pts',(19.5230389681659,5.58177321242594,-16.8915854696591));
#3397=CARTESIAN_POINT('Ctrl Pts',(18.0673964846932,5.08537618743234,-16.8120733329568));
#3398=CARTESIAN_POINT('Ctrl Pts',(17.6973898009403,3.59257162234192,-16.7325611962545));
#3399=CARTESIAN_POINT('Ctrl Pts',(18.752706658115,2.47380083500757,-16.6530490595523));
#3400=CARTESIAN_POINT('Ctrl Pts',(20.264542863657,2.75609770392787,-16.57353692285));
#3401=CARTESIAN_POINT('Ctrl Pts',(20.845016007331,4.18031669551559,-16.4940247861477));
#3402=CARTESIAN_POINT('Ctrl Pts',(19.9612413089288,5.43900119987903,-16.4145126494455));
#3403=CARTESIAN_POINT('Ctrl Pts',(18.4245375241568,5.37666306705211,-16.3350005127432));
#3404=CARTESIAN_POINT('Ctrl Pts',(17.6456196542475,4.05052860511857,-16.2554883760409));
#3405=CARTESIAN_POINT('Ctrl Pts',(18.3395455456148,2.67800834761467,-16.1759762393387));
#3406=CARTESIAN_POINT('Ctrl Pts',(19.869281334178,2.51909487249145,-16.0964641026364));
#3407=CARTESIAN_POINT('Ctrl Pts',(20.830508204898,3.71967311385614,-16.0169519659341));
#3408=CARTESIAN_POINT('Ctrl Pts',(20.3408063687008,5.17759534291538,-15.9374398292318));
#3409=CARTESIAN_POINT('Ctrl Pts',(18.8497290003707,5.55446854923834,-15.8579276925296));
#3410=CARTESIAN_POINT('Ctrl Pts',(17.7261060175588,4.50431782647396,-15.7784155558273));
#3411=CARTESIAN_POINT('Ctrl Pts',(18.0014390784959,2.99119627159957,-15.698903419125));
#3412=CARTESIAN_POINT('Ctrl Pts',(19.4229685696822,2.40417068155851,-15.6193912824227));
#3413=CARTESIAN_POINT('Ctrl Pts',(20.685710489376,3.28213878104561,-15.5398791457205));
#3414=CARTESIAN_POINT('Ctrl Pts',(20.6304500501744,4.81911354381941,-15.4603670090182));
#3415=CARTESIAN_POINT('Ctrl Pts',(19.3079171104981,5.6041305892477,-15.3808548723159));
#3416=CARTESIAN_POINT('Ctrl Pts',(17.932215451278,4.91653326294095,-15.3013427356136));
#3417=CARTESIAN_POINT('Ctrl Pts',(17.7662584837968,3.38754555108531,-15.2218305989114));
#3418=CARTESIAN_POINT('Ctrl Pts',(18.9623970309346,2.42079961020364,-15.1423184622091));
#3419=CARTESIAN_POINT('Ctrl Pts',(20.422559136017,2.90378176831812,-15.0628063255069));
#3420=CARTESIAN_POINT('Ctrl Pts',(20.8062955143896,4.39310763261164,-14.9832941888046));
#3421=CARTESIAN_POINT('Ctrl Pts',(19.7613307905476,5.52155517861529,-14.9037820521023));
#3422=CARTESIAN_POINT('Ctrl Pts',(18.2469572318789,5.25319373771576,-14.8242699154));
#3423=CARTESIAN_POINT('Ctrl Pts',(17.6533909974859,3.83438287521841,-14.7447577786978));
#3424=CARTESIAN_POINT('Ctrl Pts',(18.5255342126228,2.56761085530127,-14.6652456419955));
#3425=CARTESIAN_POINT('Ctrl Pts',(20.0627471779293,2.6157921529993,-14.5857335052932));
#3426=CARTESIAN_POINT('Ctrl Pts',(20.8538468387921,3.93469566150034,-14.5062213685909));
#3427=CARTESIAN_POINT('Ctrl Pts',(20.1725926149435,5.31354946834225,-14.4267092318887));
#3428=CARTESIAN_POINT('Ctrl Pts',(18.6443854353867,5.48654644665367,-14.3471970951864));
#3429=CARTESIAN_POINT('Ctrl Pts',(17.6721409171509,4.29487294484436,-14.2676849584841));
#3430=CARTESIAN_POINT('Ctrl Pts',(18.1483931593102,2.83250194540809,-14.1881728217819));
#3431=CARTESIAN_POINT('Ctrl Pts',(19.6359359262778,2.44191052896874,-14.1086606850796));
#3432=CARTESIAN_POINT('Ctrl Pts',(20.7691841019161,3.48166709209621,-14.0291485483773));
#3433=CARTESIAN_POINT('Ctrl Pts',(20.507799972307,4.99726053195483,-13.949636411675));
#3434=CARTESIAN_POINT('Ctrl Pts',(19.0917378331626,5.59735482140893,-13.8701242749728));
#3435=CARTESIAN_POINT('Ctrl Pts',(17.8209625820861,4.73105498913049,-13.7906121382705));
#3436=CARTESIAN_POINT('Ctrl Pts',(17.8620637164433,3.1936364270894,-13.7111000015682));
#3437=CARTESIAN_POINT('Ctrl Pts',(19.1773098186364,2.39647093058349,-13.631587864866));
#3438=CARTESIAN_POINT('Ctrl Pts',(20.5592865264725,3.07136760204698,-13.5520757281637));
#3439=CARTESIAN_POINT('Ctrl Pts',(20.739319846183,4.59876183470204,-13.4725635914614));
#3440=CARTESIAN_POINT('Ctrl Pts',(19.5521366661205,5.57648430817312,-13.3930514547591));
#3441=CARTESIAN_POINT('Ctrl Pts',(18.0875877904586,5.10697208367671,-13.3135393180569));
#3442=CARTESIAN_POINT('Ctrl Pts',(17.6901496207313,3.62124396608665,-13.2340271813546));
#3443=CARTESIAN_POINT('Ctrl Pts',(18.7246759690216,2.48321919796992,-13.1545150446523));
#3444=CARTESIAN_POINT('Ctrl Pts',(20.2414571430444,2.73762047210963,-13.0750029079501));
#3445=CARTESIAN_POINT('Ctrl Pts',(20.8480667590488,4.1509038520179,-12.9954907712478));
#3446=CARTESIAN_POINT('Ctrl Pts',(19.9876286845855,5.4256553800295,-12.9159786345455));
#3447=CARTESIAN_POINT('Ctrl Pts',(18.4500371357656,5.39163528080325,-12.8364664978432));
#3448=CARTESIAN_POINT('Ctrl Pts',(17.6468227121751,4.08007448240686,-12.756954361141));
#3449=CARTESIAN_POINT('Ctrl Pts',(18.3153475161208,2.69500418647843,-12.6774422244387));
#3450=CARTESIAN_POINT('Ctrl Pts',(19.8418964045428,2.50793834402871,-12.5979300877364));
#3451=CARTESIAN_POINT('Ctrl Pts',(20.8250760949236,3.69060602117921,-12.5184179510342));
#3452=CARTESIAN_POINT('Ctrl Pts',(20.3623138468439,5.15730170873885,-12.4389058143319));
#3453=CARTESIAN_POINT('Ctrl Pts',(18.8784318921889,5.56157820175236,-12.3593936776296));
#3454=CARTESIAN_POINT('Ctrl Pts',(17.7356546700672,4.53230401148338,-12.2798815409273));
#3455=CARTESIAN_POINT('Ctrl Pts',(17.9830676926702,3.01436727551565,-12.2003694042251));
#3456=CARTESIAN_POINT('Ctrl Pts',(19.3935423363992,2.4012551996671,-12.1208572675228));
#3457=CARTESIAN_POINT('Ctrl Pts',(20.6722431027816,3.25581326569147,-12.0413451308205));
#3458=CARTESIAN_POINT('Ctrl Pts',(20.6453047602813,4.79354518766528,-11.9618329941183));
#3459=CARTESIAN_POINT('Ctrl Pts',(19.3374570850023,5.60279150147902,-11.882320857416));
#3460=CARTESIAN_POINT('Ctrl Pts',(17.9493225795009,4.940652745031,-11.8028087207137));
#3461=CARTESIAN_POINT('Ctrl Pts',(17.7552281821377,3.41498158024283,-11.7232965840114));
#3462=CARTESIAN_POINT('Ctrl Pts',(18.9333552709884,2.42636552702998,-11.6437844473092));
#3463=CARTESIAN_POINT('Ctrl Pts',(20.4021666605824,2.88236798311212,-11.5642723106069));
#3464=CARTESIAN_POINT('Ctrl Pts',(20.8132729018337,4.36437230043314,-11.4847601739046));
#3465=CARTESIAN_POINT('Ctrl Pts',(19.7892727013673,5.51187773728248,-11.4052480372024));
#3466=CARTESIAN_POINT('Ctrl Pts',(18.2702126001844,5.27145821405702,-11.3257359005001));
#3467=CARTESIAN_POINT('Ctrl Pts',(17.6506110691205,3.86382222387444,-11.2462237637978));
#3468=CARTESIAN_POINT('Ctrl Pts',(18.4992710008022,2.58119934145282,-11.1667116270955));
#3469=CARTESIAN_POINT('Ctrl Pts',(20.0371106793276,2.60105535584165,-11.0871994903933));
#3470=CARTESIAN_POINT('Ctrl Pts',(20.8523717185615,3.90516216744168,-11.007687353691));
#3471=CARTESIAN_POINT('Ctrl Pts',(20.196633054138,5.2963314390014,-10.9281752169887));
#3472=CARTESIAN_POINT('Ctrl Pts',(18.6718719737664,5.49745027437184,-10.8486630802864));
#3473=CARTESIAN_POINT('Ctrl Pts',(17.6778405271106,4.32388876289694,-10.7691509435842));
#3474=CARTESIAN_POINT('Ctrl Pts',(18.1270735189923,2.85299282601182,-10.6896388068819));
#3475=CARTESIAN_POINT('Ctrl Pts',(19.6071687644121,2.43506555642847,-10.6101266701796));
#3476=CARTESIAN_POINT('Ctrl Pts',(20.7593780764124,3.45377004719095,-10.5306145334774));
#3477=CARTESIAN_POINT('Ctrl Pts',(20.5259571520864,4.97392129300431,-10.4511023967751));
#3478=CARTESIAN_POINT('Ctrl Pts',(19.1211896725702,5.59999913706102,-10.3715902600728));
#3479=CARTESIAN_POINT('Ctrl Pts',(17.8346718797034,4.75725534041873,-10.2920781233705));
#3480=CARTESIAN_POINT('Ctrl Pts',(17.8474451446802,3.21934052442723,-10.2125659866683));
#3481=CARTESIAN_POINT('Ctrl Pts',(19.1477834316514,2.39808205177345,-10.133053849966));
#3482=CARTESIAN_POINT('Ctrl Pts',(20.5419579608744,3.04740671612958,-10.0535417132637));
#3483=CARTESIAN_POINT('Ctrl Pts',(20.7500969693353,4.57122536919411,-9.97402957656145));
#3484=CARTESIAN_POINT('Ctrl Pts',(19.581125925577,5.57065112775759,-9.89451743985919));
#3485=CARTESIAN_POINT('Ctrl Pts',(18.1081766440107,5.1281971234547,-9.81500530315691));
#3486=CARTESIAN_POINT('Ctrl Pts',(17.6834372036452,3.65004235410272,-9.73549316645465));
#3487=CARTESIAN_POINT('Ctrl Pts',(18.696824390684,2.49315358685756,-9.65598102975236));
#3488=CARTESIAN_POINT('Ctrl Pts',(20.2180345112839,2.7195709986689,-9.5764688930501));
#3489=CARTESIAN_POINT('Ctrl Pts',(20.8505754390562,4.12144009907073,-9.49695675634783));
#3490=CARTESIAN_POINT('Ctrl Pts',(20.0137655557296,5.41182565322058,-9.41744461964555));
#3491=CARTESIAN_POINT('Ctrl Pts',(18.4758084097057,5.40613514083732,-9.33793248294328));
#3492=CARTESIAN_POINT('Ctrl Pts',(17.6485695630394,4.10959347562684,-9.25842034624102));
#3493=CARTESIAN_POINT('Ctrl Pts',(18.2914671485329,2.71244226652579,-9.17890820953873));
#3494=CARTESIAN_POINT('Ctrl Pts',(19.8143097158612,2.49728941452738,-9.09939607283648));
#3495=CARTESIAN_POINT('Ctrl Pts',(20.8191111634219,3.66164150672697,-9.01988393613419));
#3496=CARTESIAN_POINT('Ctrl Pts',(20.3834405690381,5.13661999767721,-8.94037179943194));
#3497=CARTESIAN_POINT('Ctrl Pts',(18.9072671894498,5.56814890691468,-8.86085966272965));
#3498=CARTESIAN_POINT('Ctrl Pts',(17.7457050856602,4.56012689916157,-8.78134752602739));
#3499=CARTESIAN_POINT('Ctrl Pts',(17.9651496704864,3.03783934428463,-8.70183538932511));
#3500=CARTESIAN_POINT('Ctrl Pts',(19.3640222845603,2.3989466728136,-8.62232325262285));
#3501=CARTESIAN_POINT('Ctrl Pts',(20.6583799640237,3.22961621377204,-8.54281111592056));
#3502=CARTESIAN_POINT('Ctrl Pts',(20.6595184555012,4.76794676591447,-8.4632989792183));
#3503=CARTESIAN_POINT('Ctrl Pts',(19.3672906723536,5.60044598395403,-8.38378684251602));
#3504=CARTESIAN_POINT('Ctrl Pts',(17.9662426776501,4.96535904260554,-8.30427470581376));
#3505=CARTESIAN_POINT('Ctrl Pts',(17.7459686464258,3.44072918335839,-8.22476256911148));
#3506=CARTESIAN_POINT('Ctrl Pts',(18.5163071929803,2.7718230502731,-8.17175447797663));
#3507=CARTESIAN_POINT('Ctrl Pts',(18.9577790863097,2.67449605229566,-8.14525043240921));
#3508=CARTESIAN_POINT('Ctrl Pts',(19.5765850635311,2.77840168374445,-17.6607920499693));
#3509=CARTESIAN_POINT('Ctrl Pts',(19.9834501826425,2.88717399376276,-17.6342880044019));
#3510=CARTESIAN_POINT('Ctrl Pts',(20.6728380435465,3.5414625909251,-17.581279913267));
#3511=CARTESIAN_POINT('Ctrl Pts',(20.4050086638295,4.95135081478003,-17.5017677765648));
#3512=CARTESIAN_POINT('Ctrl Pts',(19.0748926941028,5.48469324282699,-17.4222556398625));
#3513=CARTESIAN_POINT('Ctrl Pts',(17.9065262007592,4.65664530423876,-17.3427435031602));
#3514=CARTESIAN_POINT('Ctrl Pts',(17.9709718867368,3.22497655775442,-17.263231366458));
#3515=CARTESIAN_POINT('Ctrl Pts',(19.2098506534179,2.50521037793772,-17.1837192297557));
#3516=CARTESIAN_POINT('Ctrl Pts',(20.4854483511251,3.15746402836886,-17.1042070930534));
#3517=CARTESIAN_POINT('Ctrl Pts',(20.6269591461312,4.58329065606843,-17.0246949563512));
#3518=CARTESIAN_POINT('Ctrl Pts',(19.5043647656526,5.47358955828532,-16.9451828196488));
#3519=CARTESIAN_POINT('Ctrl Pts',(18.1482793626434,5.0111430665581,-16.8656706829466));
#3520=CARTESIAN_POINT('Ctrl Pts',(17.8035788825803,3.62043724198283,-16.7861585462443));
#3521=CARTESIAN_POINT('Ctrl Pts',(18.7867184939978,2.57818356277043,-16.7066464095421));
#3522=CARTESIAN_POINT('Ctrl Pts',(20.1951543107276,2.8411730451499,-16.6271342728398));
#3523=CARTESIAN_POINT('Ctrl Pts',(20.7359266266724,4.1679841317383,-16.5476221361375));
#3524=CARTESIAN_POINT('Ctrl Pts',(19.9125967351231,5.34058228186177,-16.4681099994352));
#3525=CARTESIAN_POINT('Ctrl Pts',(18.4809941301298,5.2825076976577,-16.388597862733));
#3526=CARTESIAN_POINT('Ctrl Pts',(17.7553494986218,4.04707275626654,-16.3090857260307));
#3527=CARTESIAN_POINT('Ctrl Pts',(18.4018150852873,2.76842452521518,-16.2295735893284));
#3528=CARTESIAN_POINT('Ctrl Pts',(19.8269262625747,2.62037976394803,-16.1500614526261));
#3529=CARTESIAN_POINT('Ctrl Pts',(20.7224110695679,3.738845765573,-16.0705493159239));
#3530=CARTESIAN_POINT('Ctrl Pts',(20.2662018564996,5.09705499345519,-15.9910371792216));
#3531=CARTESIAN_POINT('Ctrl Pts',(18.8771050989456,5.44815236776415,-15.9115250425193));
#3532=CARTESIAN_POINT('Ctrl Pts',(17.8303310848746,4.46982555862696,-15.8320129058171));
#3533=CARTESIAN_POINT('Ctrl Pts',(18.0868330413247,3.06019230263089,-15.7525007691148));
#3534=CARTESIAN_POINT('Ctrl Pts',(19.4111385729591,2.51331568774367,-15.6729886324125));
#3535=CARTESIAN_POINT('Ctrl Pts',(20.5875166359154,3.33123611637931,-15.5934764957102));
#3536=CARTESIAN_POINT('Ctrl Pts',(20.5360356741986,4.76309116612941,-15.513964359008));
#3537=CARTESIAN_POINT('Ctrl Pts',(19.3039559328768,5.49441782669723,-15.4344522223057));
#3538=CARTESIAN_POINT('Ctrl Pts',(18.0223438886108,4.85384796978549,-15.3549400856034));
#3539=CARTESIAN_POINT('Ctrl Pts',(17.8677373669655,3.42943370531486,-15.2754279489012));
#3540=CARTESIAN_POINT('Ctrl Pts',(18.9820673224092,2.52880729894586,-15.1959158121989));
#3541=CARTESIAN_POINT('Ctrl Pts',(20.3423632324362,2.97875641898694,-15.1164036754966));
#3542=CARTESIAN_POINT('Ctrl Pts',(20.699854379626,4.36622146471323,-15.0368915387943));
#3543=CARTESIAN_POINT('Ctrl Pts',(19.7263588786695,5.41749007123701,-14.9573794020921));
#3544=CARTESIAN_POINT('Ctrl Pts',(18.3155592483135,5.16748291847366,-14.8778672653898));
#3545=CARTESIAN_POINT('Ctrl Pts',(17.7625893293131,3.84571007788336,-14.7983551286875));
#3546=CARTESIAN_POINT('Ctrl Pts',(18.5750832602123,2.66557754901408,-14.7188429919853));
#3547=CARTESIAN_POINT('Ctrl Pts',(20.0071602208926,2.71046353939166,-14.639330855283));
#3548=CARTESIAN_POINT('Ctrl Pts',(20.7441534830447,3.93916208052591,-14.5598187185807));
#3549=CARTESIAN_POINT('Ctrl Pts',(20.1094928990148,5.22371068471422,-14.4803065818785));
#3550=CARTESIAN_POINT('Ctrl Pts',(18.6858057831874,5.38487572332532,-14.4007944451762));
#3551=CARTESIAN_POINT('Ctrl Pts',(17.780056868667,4.27470543130331,-14.3212823084739));
#3552=CARTESIAN_POINT('Ctrl Pts',(18.2237363580165,2.91235170184321,-14.2417701717716));
#3553=CARTESIAN_POINT('Ctrl Pts',(19.6095402594143,2.54847435944079,-14.1622580350694));
#3554=CARTESIAN_POINT('Ctrl Pts',(20.6652811617432,3.51711790615593,-14.0827458983671));
#3555=CARTESIAN_POINT('Ctrl Pts',(20.4217741146726,4.92905398525802,-14.0032337616648));
#3556=CARTESIAN_POINT('Ctrl Pts',(19.1025620014985,5.48810548011168,-13.9237216249625));
#3557=CARTESIAN_POINT('Ctrl Pts',(17.9187000381002,4.68105528027174,-13.8442094882603));
#3558=CARTESIAN_POINT('Ctrl Pts',(17.9569901051885,3.24878678442133,-13.764697351558));
#3559=CARTESIAN_POINT('Ctrl Pts',(19.1822813843314,2.50614255284098,-13.6851852148557));
#3560=CARTESIAN_POINT('Ctrl Pts',(20.4697393021055,3.13488040234903,-13.6056730781535));
#3561=CARTESIAN_POINT('Ctrl Pts',(20.6374594392179,4.5578101718915,-13.5261609414512));
#3562=CARTESIAN_POINT('Ctrl Pts',(19.5314723582829,5.46866238287199,-13.4466488047489));
#3563=CARTESIAN_POINT('Ctrl Pts',(18.167089706067,5.03126193502643,-13.3671366680466));
#3564=CARTESIAN_POINT('Ctrl Pts',(17.7968338866022,3.64714857204069,-13.2876245313444));
#3565=CARTESIAN_POINT('Ctrl Pts',(18.760604933321,2.5869577670675,-13.2081123946421));
#3566=CARTESIAN_POINT('Ctrl Pts',(20.1736475128043,2.82395954345478,-13.1286002579398));
#3567=CARTESIAN_POINT('Ctrl Pts',(20.7387687255529,4.14058294760066,-13.0490881212376));
#3568=CARTESIAN_POINT('Ctrl Pts',(19.9371793749939,5.32814923480892,-12.9695759845353));
#3569=CARTESIAN_POINT('Ctrl Pts',(18.5047497236067,5.29645590317463,-12.890063847833));
#3570=CARTESIAN_POINT('Ctrl Pts',(17.7564702747142,4.07459787549372,-12.8105517111307));
#3571=CARTESIAN_POINT('Ctrl Pts',(18.3792720536356,2.78425795221167,-12.7310395744285));
#3572=CARTESIAN_POINT('Ctrl Pts',(19.8014142953421,2.60998627408471,-12.6515274377262));
#3573=CARTESIAN_POINT('Ctrl Pts',(20.7173504828322,3.71176668500573,-12.5720153010239));
#3574=CARTESIAN_POINT('Ctrl Pts',(20.2862383541263,5.07814932026052,-12.4925031643216));
#3575=CARTESIAN_POINT('Ctrl Pts',(18.9038448877747,5.45477576334665,-12.4129910276194));
#3576=CARTESIAN_POINT('Ctrl Pts',(17.8392266677063,4.49589765902805,-12.3334788909171));
#3577=CARTESIAN_POINT('Ctrl Pts',(18.0697181464009,3.08177855099917,-12.2539667542148));
#3578=CARTESIAN_POINT('Ctrl Pts',(19.383724914816,2.51059960705725,-12.1744546175126));
#3579=CARTESIAN_POINT('Ctrl Pts',(20.5749703365427,3.30671110594317,-12.0949424808103));
#3580=CARTESIAN_POINT('Ctrl Pts',(20.5498744126049,4.73927152981539,-12.015430344108));
#3581=CARTESIAN_POINT('Ctrl Pts',(19.3314755530344,5.49317032437639,-11.9359182074058));
#3582=CARTESIAN_POINT('Ctrl Pts',(18.0382809934521,4.87631782619723,-11.8564060707035));
#3583=CARTESIAN_POINT('Ctrl Pts',(17.8574614707612,3.45499327717366,-11.7768939340012));
#3584=CARTESIAN_POINT('Ctrl Pts',(18.9550118419682,2.53399254095978,-11.6973817972989));
#3585=CARTESIAN_POINT('Ctrl Pts',(20.3233654781236,2.95880720627107,-11.6178696605966));
#3586=CARTESIAN_POINT('Ctrl Pts',(20.7063545562638,4.33945145424684,-11.5383575238944));
#3587=CARTESIAN_POINT('Ctrl Pts',(19.7523897329659,5.40847450795214,-11.4588453871921));
#3588=CARTESIAN_POINT('Ctrl Pts',(18.3372240910608,5.18449821587065,-11.3793332504898));
#3589=CARTESIAN_POINT('Ctrl Pts',(17.759999531117,3.87313595438795,-11.2998211137876));
#3590=CARTESIAN_POINT('Ctrl Pts',(18.5506162921275,2.67823666547182,-11.2203089770853));
#3591=CARTESIAN_POINT('Ctrl Pts',(19.9832771026594,2.696734649407,-11.140796840383));
#3592=CARTESIAN_POINT('Ctrl Pts',(20.7427792520538,3.91164849759086,-11.0612847036808));
#3593=CARTESIAN_POINT('Ctrl Pts',(20.1318891185836,5.20767026371607,-10.9817725669785));
#3594=CARTESIAN_POINT('Ctrl Pts',(18.7114124097453,5.39503379563595,-10.9022604302762));
#3595=CARTESIAN_POINT('Ctrl Pts',(17.7853666600182,4.30173674411825,-10.8227482935739));
#3596=CARTESIAN_POINT('Ctrl Pts',(18.2038748512518,2.93144113101077,-10.7432361568717));
#3597=CARTESIAN_POINT('Ctrl Pts',(19.5827405962174,2.54209754133383,-10.6637240201694));
#3598=CARTESIAN_POINT('Ctrl Pts',(20.6561458086617,3.49112884921878,-10.5842118834671));
#3599=CARTESIAN_POINT('Ctrl Pts',(20.438689453939,4.90731100810704,-10.5046997467649));
#3600=CARTESIAN_POINT('Ctrl Pts',(19.1299995144634,5.49056894067804,-10.4251876100626));
#3601=CARTESIAN_POINT('Ctrl Pts',(17.9314717032551,4.70546368710178,-10.3456754733603));
#3602=CARTESIAN_POINT('Ctrl Pts',(17.9433713547014,3.27273287804879,-10.266163336658));
#3603=CARTESIAN_POINT('Ctrl Pts',(19.1547744223894,2.50764348315388,-10.1866511999558));
#3604=CARTESIAN_POINT('Ctrl Pts',(20.4535959048568,3.11255829509763,-10.1071390632535));
#3605=CARTESIAN_POINT('Ctrl Pts',(20.6474994727833,4.53215703291696,-10.0276269265512));
#3606=CARTESIAN_POINT('Ctrl Pts',(19.5584789289479,5.46322815647063,-9.94811478984895));
#3607=CARTESIAN_POINT('Ctrl Pts',(18.1862704074299,5.05103531135201,-9.86860265314668));
#3608=CARTESIAN_POINT('Ctrl Pts',(17.7905805579637,3.67397732570939,-9.78909051644441));
#3609=CARTESIAN_POINT('Ctrl Pts',(18.7346582333153,2.59621270425937,-9.70957837974214));
#3610=CARTESIAN_POINT('Ctrl Pts',(20.1518268464036,2.80714454406937,-9.63006624303986));
#3611=CARTESIAN_POINT('Ctrl Pts',(20.7411058271266,4.11313433590982,-9.55055410633761));
#3612=CARTESIAN_POINT('Ctrl Pts',(19.961528643335,5.31526537708554,-9.47104196963531));
#3613=CARTESIAN_POINT('Ctrl Pts',(18.528758399366,5.30996406109193,-9.39152983293307));
#3614=CARTESIAN_POINT('Ctrl Pts',(17.7580976516184,4.10209794935914,-9.31201769623076));
#3615=CARTESIAN_POINT('Ctrl Pts',(18.3570249577504,2.8005033737882,-9.23250555952853));
#3616=CARTESIAN_POINT('Ctrl Pts',(19.7757143681531,2.60006566650531,-9.15299342282622));
#3617=CARTESIAN_POINT('Ctrl Pts',(20.7117935163166,3.68478316693731,-9.07348128612398));
#3618=CARTESIAN_POINT('Ctrl Pts',(20.305920137192,5.05888211227616,-8.99396914942168));
#3619=CARTESIAN_POINT('Ctrl Pts',(18.9307080263207,5.46089707229391,-8.91445701271943));
#3620=CARTESIAN_POINT('Ctrl Pts',(17.8485896960835,4.52181763064082,-8.83494487601715));
#3621=CARTESIAN_POINT('Ctrl Pts',(18.053025607807,3.10364527321801,-8.75543273931488));
#3622=CARTESIAN_POINT('Ctrl Pts',(19.3562238547346,2.50844896938074,-8.67592060261261));
#3623=CARTESIAN_POINT('Ctrl Pts',(20.5620553520442,3.2823057728252,-8.59640846591033));
#3624=CARTESIAN_POINT('Ctrl Pts',(20.5631159776384,4.71542388420838,-8.51689632920807));
#3625=CARTESIAN_POINT('Ctrl Pts',(19.3592687047086,5.49098522596503,-8.43738419250579));
#3626=CARTESIAN_POINT('Ctrl Pts',(18.0540438599375,4.89933436348823,-8.35787205580353));
#3627=CARTESIAN_POINT('Ctrl Pts',(17.8488352308979,3.47897990104864,-8.27835991910124));
#3628=CARTESIAN_POINT('Ctrl Pts',(18.5664873125174,2.85582287357834,-8.2253518279664));
#3629=CARTESIAN_POINT('Ctrl Pts',(18.9777652170717,2.76515244950481,-8.19884778239898));
#3630=CARTESIAN_POINT('Ctrl Pts',(18.9777652170717,2.76515244950481,-8.19884778239898));
#3631=CARTESIAN_POINT('Ctrl Pts',(18.9578705796251,2.75389482621843,-8.19109786540257));
#3632=CARTESIAN_POINT('Ctrl Pts',(18.9388213167786,2.74185217358521,-8.18269780497055));
#3633=CARTESIAN_POINT('Ctrl Pts',(18.9205589049353,2.72906215636733,-8.17375916452746));
#3634=CARTESIAN_POINT('Ctrl Pts',(18.9003962861217,2.71494133574431,-8.16389045706911));
#3635=CARTESIAN_POINT('Ctrl Pts',(18.8811935100554,2.69990947928274,-8.15336526001888));
#3636=CARTESIAN_POINT('Ctrl Pts',(18.8629176195859,2.68406383739895,-8.14233371055809));
#3637=CARTESIAN_POINT('Ctrl Pts',(18.853575052847,2.67596360463242,-8.13669442380257));
#3638=CARTESIAN_POINT('Ctrl Pts',(18.8444753266873,2.66765142650593,-8.13092281622007));
#3639=CARTESIAN_POINT('Ctrl Pts',(18.8356169029165,2.65914447711434,-8.12503894413034));
#3640=CARTESIAN_POINT('Ctrl Pts',(18.81730338243,2.64155757949096,-8.11287488257221));
#3641=CARTESIAN_POINT('Ctrl Pts',(18.8000479908368,2.62317977438378,-8.10025965794261));
#3642=CARTESIAN_POINT('Ctrl Pts',(18.7837914999487,2.60413646122165,-8.08732856946892));
#3643=CARTESIAN_POINT('Ctrl Pts',(18.7675350090606,2.58509314805951,-8.07439748099522));
#3644=CARTESIAN_POINT('Ctrl Pts',(18.752278624846,2.56538471681946,-8.06115052867744));
#3645=CARTESIAN_POINT('Ctrl Pts',(18.7379466164887,2.54518621205001,-8.04772301174298));
#3646=CARTESIAN_POINT('Ctrl Pts',(20.5127447353321,4.00064890755465,-17.0565803263806));
#3647=CARTESIAN_POINT('Ctrl Pts',(20.5135368876343,4.17008437959618,-17.0459518697041));
#3648=CARTESIAN_POINT('Ctrl Pts',(20.4818460995829,4.33923677511089,-17.0353234130276));
#3649=CARTESIAN_POINT('Ctrl Pts',(20.4162749502171,4.49403603515465,-17.0246949563511));
#3650=CARTESIAN_POINT('Ctrl Pts',(20.252761019305,4.88005695680739,-16.9981909107837));
#3651=CARTESIAN_POINT('Ctrl Pts',(19.8785628924788,5.17682325754635,-16.9716868652163));
#3652=CARTESIAN_POINT('Ctrl Pts',(19.4654495952308,5.24813199262796,-16.9451828196489));
#3653=CARTESIAN_POINT('Ctrl Pts',(19.0523362979828,5.31944072770957,-16.9186787740814));
#3654=CARTESIAN_POINT('Ctrl Pts',(18.6003078303131,5.16529189713383,-16.892174728514));
#3655=CARTESIAN_POINT('Ctrl Pts',(18.3168435164677,4.85643317775009,-16.8656706829466));
#3656=CARTESIAN_POINT('Ctrl Pts',(18.0333792026224,4.54757445836634,-16.8391666373792));
#3657=CARTESIAN_POINT('Ctrl Pts',(17.9184790426013,4.08400585017459,-16.8126625918117));
#3658=CARTESIAN_POINT('Ctrl Pts',(18.0248855644938,3.67851259954331,-16.7861585462443));
#3659=CARTESIAN_POINT('Ctrl Pts',(18.1312920863862,3.27301934891203,-16.7596545006769));
#3660=CARTESIAN_POINT('Ctrl Pts',(18.459005290192,2.92560145584124,-16.7331504551095));
#3661=CARTESIAN_POINT('Ctrl Pts',(18.8576011948832,2.79572408970242,-16.7066464095421));
#3662=CARTESIAN_POINT('Ctrl Pts',(19.2561970995744,2.66584672356359,-16.6801423639746));
#3663=CARTESIAN_POINT('Ctrl Pts',(19.725675705151,2.75350988435675,-16.6536383184072));
#3664=CARTESIAN_POINT('Ctrl Pts',(20.0505437272634,3.01847664585139,-16.6271342728398));
#3665=CARTESIAN_POINT('Ctrl Pts',(20.338810676047,3.25359107591578,-16.6036162906867));
#3666=CARTESIAN_POINT('Ctrl Pts',(20.5132163997597,3.62830804890426,-16.5800983085337));
#3667=CARTESIAN_POINT('Ctrl Pts',(20.515954215928,4.00079628739389,-16.5565803263806));
#3668=CARTESIAN_POINT('Ctrl Pts',(19.6485138418573,2.50935057178149,-17.5));
#3669=CARTESIAN_POINT('Ctrl Pts',(19.7066554440339,2.53059527391253,-17.5));
#3670=CARTESIAN_POINT('Ctrl Pts',(19.7631920209778,2.55554488225527,-17.5));
#3671=CARTESIAN_POINT('Ctrl Pts',(19.8179198333023,2.58388712083965,-17.5));
#3672=CARTESIAN_POINT('Ctrl Pts',(19.8716843609499,2.61173049709102,-17.5));
#3673=CARTESIAN_POINT('Ctrl Pts',(19.9237038699199,2.64284926603029,-17.5));
#3674=CARTESIAN_POINT('Ctrl Pts',(19.9737529227101,2.67699228587806,-17.5));
#3675=CARTESIAN_POINT('Ctrl Pts',(20.012074338371,2.70313481570754,-17.5));
#3676=CARTESIAN_POINT('Ctrl Pts',(20.0492399874761,2.73105135558106,-17.5));
#3677=CARTESIAN_POINT('Ctrl Pts',(20.0851320867617,2.7606414779433,-17.5));
#3678=CARTESIAN_POINT('Ctrl Pts',(20.1047321135383,2.77680010901159,-17.5));
#3679=CARTESIAN_POINT('Ctrl Pts',(20.1239520892615,2.79345796977798,-17.5));
#3680=CARTESIAN_POINT('Ctrl Pts',(20.142770691032,2.81059960560445,-17.5));
#3681=CARTESIAN_POINT('Ctrl Pts',(20.1496478476735,2.81686392407546,-17.5));
#3682=CARTESIAN_POINT('Ctrl Pts',(20.1564697465737,2.82319143501637,-17.5));
#3683=CARTESIAN_POINT('Ctrl Pts',(20.1632290129056,2.82957508697126,-17.5));
#3684=CARTESIAN_POINT('Ctrl Pts',(20.2062846121073,2.87023807412331,-17.5));
#3685=CARTESIAN_POINT('Ctrl Pts',(20.2468792603148,2.91324608770928,-17.5));
#3686=CARTESIAN_POINT('Ctrl Pts',(20.2848067492542,2.95835775173459,-17.5));
#3687=CARTESIAN_POINT('Ctrl Pts',(20.3219765482255,3.00256820515442,-17.5));
#3688=CARTESIAN_POINT('Ctrl Pts',(20.3565851344089,3.04880004077037,-17.5));
#3689=CARTESIAN_POINT('Ctrl Pts',(20.3883953354048,3.09684910598925,-17.5));
#3690=CARTESIAN_POINT('Ctrl Pts',(20.4122529861517,3.13288590490341,-17.5));
#3691=CARTESIAN_POINT('Ctrl Pts',(20.4345357211279,3.16994543335566,-17.5));
#3692=CARTESIAN_POINT('Ctrl Pts',(20.4551248016266,3.20794573049557,-17.5));
#3693=CARTESIAN_POINT('Ctrl Pts',(20.4620256579806,3.22068231637619,-17.5));
#3694=CARTESIAN_POINT('Ctrl Pts',(20.4687361065515,3.2335246021494,-17.5));
#3695=CARTESIAN_POINT('Ctrl Pts',(20.4752512283293,3.24646952634946,-17.5));
#3696=CARTESIAN_POINT('Ctrl Pts',(20.4817582152499,3.25939828736595,-17.5));
#3697=CARTESIAN_POINT('Ctrl Pts',(20.488072617306,3.27243464434828,-17.5));
#3698=CARTESIAN_POINT('Ctrl Pts',(20.4941761006597,3.28554608038877,-17.5));
#3699=CARTESIAN_POINT('Ctrl Pts',(20.5177076927178,3.33609638851889,-17.5));
#3700=CARTESIAN_POINT('Ctrl Pts',(20.5381445037613,3.38782867966072,-17.5));
#3701=CARTESIAN_POINT('Ctrl Pts',(20.5552767022749,3.44055125351383,-17.5));
#3702=CARTESIAN_POINT('Ctrl Pts',(20.5690749662691,3.48301398775677,-17.5));
#3703=CARTESIAN_POINT('Ctrl Pts',(20.5807288826582,3.52611960222816,-17.5));
#3704=CARTESIAN_POINT('Ctrl Pts',(20.5901044077092,3.56977155925919,-17.5));
#3705=CARTESIAN_POINT('Ctrl Pts',(20.6017614519887,3.62404615115956,-17.5));
#3706=CARTESIAN_POINT('Ctrl Pts',(20.6098970970992,3.679166450945,-17.5));
#3707=CARTESIAN_POINT('Ctrl Pts',(20.6145702896282,3.73481038722164,-17.5));
#3708=CARTESIAN_POINT('Ctrl Pts',(20.6159250651485,3.75094176684174,-17.5));
#3709=CARTESIAN_POINT('Ctrl Pts',(20.6169885533746,3.7671170598828,-17.5));
#3710=CARTESIAN_POINT('Ctrl Pts',(20.6177615050786,3.78332812726837,-17.5));
#3711=CARTESIAN_POINT('Ctrl Pts',(20.6182282919611,3.7931180191435,-17.5));
#3712=CARTESIAN_POINT('Ctrl Pts',(20.618588913385,3.80291832623255,-17.5));
#3713=CARTESIAN_POINT('Ctrl Pts',(20.6188436074966,3.81271657372876,-17.5));
#3714=CARTESIAN_POINT('Ctrl Pts',(20.6202901105555,3.86836448363185,-17.5));
#3715=CARTESIAN_POINT('Ctrl Pts',(20.6183292993528,3.92404525538785,-17.5));
#3716=CARTESIAN_POINT('Ctrl Pts',(20.613072648086,3.97944109431273,-17.5));
#3717=CARTESIAN_POINT('Ctrl Pts',(20.6078196351163,4.03479859199789,-17.5));
#3718=CARTESIAN_POINT('Ctrl Pts',(20.5992748690432,4.0898726953287,-17.5));
#3719=CARTESIAN_POINT('Ctrl Pts',(20.5875003353539,4.14433085359021,-17.5));
#3720=CARTESIAN_POINT('Ctrl Pts',(20.5806261460432,4.17612452791142,-17.5));
#3721=CARTESIAN_POINT('Ctrl Pts',(20.5726502248289,4.20770788371817,-17.5));
#3722=CARTESIAN_POINT('Ctrl Pts',(20.5635780938996,4.23900997976664,-17.5));
#3723=CARTESIAN_POINT('Ctrl Pts',(20.5587032523152,4.25582992655604,-17.5));
#3724=CARTESIAN_POINT('Ctrl Pts',(20.5535118129086,4.27256859215125,-17.5));
#3725=CARTESIAN_POINT('Ctrl Pts',(20.5480040915103,4.28921440600007,-17.5));
#3726=CARTESIAN_POINT('Ctrl Pts',(20.5434340784306,4.3030262133719,-17.5));
#3727=CARTESIAN_POINT('Ctrl Pts',(20.5386448321864,4.31677764064708,-17.5));
#3728=CARTESIAN_POINT('Ctrl Pts',(20.5336460769447,4.33043666925315,-17.5));
#3729=CARTESIAN_POINT('Ctrl Pts',(20.5152041082185,4.38082909020712,-17.5));
#3730=CARTESIAN_POINT('Ctrl Pts',(20.4938931419816,4.43003323542655,-17.5));
#3731=CARTESIAN_POINT('Ctrl Pts',(20.469761588039,4.477735209582,-17.5));
#3732=CARTESIAN_POINT('Ctrl Pts',(20.4526234417661,4.51161298689088,-17.5));
#3733=CARTESIAN_POINT('Ctrl Pts',(20.4340617685984,4.54473261162632,-17.5));
#3734=CARTESIAN_POINT('Ctrl Pts',(20.4140829124476,4.57697000641245,-17.5));
#3735=CARTESIAN_POINT('Ctrl Pts',(20.4063836823708,4.58939329619746,-17.5));
#3736=CARTESIAN_POINT('Ctrl Pts',(20.3984727724725,4.60168680393017,-17.5));
#3737=CARTESIAN_POINT('Ctrl Pts',(20.3903624596151,4.61382562857186,-17.5));
#3738=CARTESIAN_POINT('Ctrl Pts',(20.3619141304186,4.65640466165451,-17.5));
#3739=CARTESIAN_POINT('Ctrl Pts',(20.3309845454014,4.69713415467644,-17.5));
#3740=CARTESIAN_POINT('Ctrl Pts',(20.2976009683221,4.73571371905139,-17.5));
#3741=CARTESIAN_POINT('Ctrl Pts',(20.2761869979127,4.76046066716813,-17.5));
#3742=CARTESIAN_POINT('Ctrl Pts',(20.2537626448021,4.78432229229789,-17.5));
#3743=CARTESIAN_POINT('Ctrl Pts',(20.2303289476767,4.80720971680808,-17.5));
#3744=CARTESIAN_POINT('Ctrl Pts',(20.2236140186554,4.81376811133908,-17.5));
#3745=CARTESIAN_POINT('Ctrl Pts',(20.2168161827672,4.82024645927064,-17.5));
#3746=CARTESIAN_POINT('Ctrl Pts',(20.209937207323,4.82664404244228,-17.5));
#3747=CARTESIAN_POINT('Ctrl Pts',(20.7914734040655,3.99810057974382,-17.3957882764113));
#3748=CARTESIAN_POINT('Ctrl Pts',(20.7887431978446,4.3530239254158,-17.3775174264727));
#3749=CARTESIAN_POINT('Ctrl Pts',(20.491330921255,5.22827010328552,-17.3327425309666));
#3750=CARTESIAN_POINT('Ctrl Pts',(19.0363261581658,5.81168973798501,-17.2614635898932));
#3751=CARTESIAN_POINT('Ctrl Pts',(17.6106326040107,4.80126825183108,-17.1819514531909));
#3752=CARTESIAN_POINT('Ctrl Pts',(17.689272140162,3.05428139866752,-17.1024393164886));
#3753=CARTESIAN_POINT('Ctrl Pts',(19.2010079543091,2.17599020415808,-17.0229271797864));
#3754=CARTESIAN_POINT('Ctrl Pts',(20.5494855509508,2.86550966355745,-16.9540434997606));
#3755=CARTESIAN_POINT('Ctrl Pts',(20.7894143189283,3.69196781000777,-16.9116638653022));
#3756=CARTESIAN_POINT('Ctrl Pts',(20.7908581467911,4.0007918263005,-16.8957882764113));
#3757=CARTESIAN_POINT('Ctrl Pts',(19.6876220077029,2.52035951043029,-7.99790461589615));
#3758=CARTESIAN_POINT('Ctrl Pts',(20.0813153138308,2.63679918362212,-7.97673114971496));
#3759=CARTESIAN_POINT('Ctrl Pts',(20.7684820654055,3.1991372076536,-7.93438421735258));
#3760=CARTESIAN_POINT('Ctrl Pts',(20.8830408390894,4.52947767940609,-7.870863818809));
#3761=CARTESIAN_POINT('Ctrl Pts',(20.3021258677383,5.20101322857786,-7.82851688644662));
#3762=CARTESIAN_POINT('Ctrl Pts',(19.9341345057951,5.38304337530696,-7.80734342026543));
#3763=CARTESIAN_POINT('Ctrl Pts',(19.6612928374404,2.60938087062583,-8.05150196588592));
#3764=CARTESIAN_POINT('Ctrl Pts',(20.0312999077168,2.71881504608944,-8.03032849970473));
#3765=CARTESIAN_POINT('Ctrl Pts',(20.6771238335594,3.24732046271268,-7.98798156734235));
#3766=CARTESIAN_POINT('Ctrl Pts',(20.784790272296,4.49762208776327,-7.92446116879878));
#3767=CARTESIAN_POINT('Ctrl Pts',(20.2388255751988,5.1287552497144,-7.88211423643639));
#3768=CARTESIAN_POINT('Ctrl Pts',(19.8929741126511,5.29983370150635,-7.8609407702552));
#3769=CARTESIAN_POINT('Ctrl Pts',(19.6349636671778,2.69840223082137,-8.10509931587569));
#3770=CARTESIAN_POINT('Ctrl Pts',(19.9812845016028,2.80083090855676,-8.0839258496945));
#3771=CARTESIAN_POINT('Ctrl Pts',(20.5857656017134,3.29550371777176,-8.04157891733212));
#3772=CARTESIAN_POINT('Ctrl Pts',(20.6865397055027,4.46576649612045,-7.97805851878854));
#3773=CARTESIAN_POINT('Ctrl Pts',(20.1755252826594,5.05649727085095,-7.93571158642616));
#3774=CARTESIAN_POINT('Ctrl Pts',(19.851813719507,5.21662402770575,-7.91453812024497));
#3775=CARTESIAN_POINT('Ctrl Pts',(19.6086344969153,2.78742359101691,-8.15869666586546));
#3776=CARTESIAN_POINT('Ctrl Pts',(19.9312690954887,2.88284677102409,-8.13752319968427));
#3777=CARTESIAN_POINT('Ctrl Pts',(20.4944073698673,3.34368697283084,-8.09517626732189));
#3778=CARTESIAN_POINT('Ctrl Pts',(20.5882891387094,4.43391090447764,-8.03165586877831));
#3779=CARTESIAN_POINT('Ctrl Pts',(20.1122249901199,4.98423929198749,-7.98930893641593));
#3780=CARTESIAN_POINT('Ctrl Pts',(19.8106533263629,5.13341435390515,-7.96813547023474));
#3781=CARTESIAN_POINT('',(19.8170071663778,2.56512995268888,-7.99084039492329));
#3782=CARTESIAN_POINT('Ctrl Pts',(19.8169716908375,2.56520510245,-7.99084039492329));
#3783=CARTESIAN_POINT('Ctrl Pts',(19.8167086153717,2.56565968014561,-7.99114448959325));
#3784=CARTESIAN_POINT('Ctrl Pts',(19.816445122499,2.56611402337105,-7.99144857284493));
#3785=CARTESIAN_POINT('Ctrl Pts',(19.8161812115581,2.56656812959303,-7.99175264348733));
#3786=CARTESIAN_POINT('Ctrl Pts',(19.804184673052,2.58721033093817,-8.0055747122451));
#3787=CARTESIAN_POINT('Ctrl Pts',(19.7912747831445,2.60747365250182,-8.01944209460918));
#3788=CARTESIAN_POINT('Ctrl Pts',(19.7773573843073,2.62706500700863,-8.03321687334876));
#3789=CARTESIAN_POINT('Ctrl Pts',(19.7634399854701,2.64665636151544,-8.04699165208834));
#3790=CARTESIAN_POINT('Ctrl Pts',(19.7485165695626,2.66557537853793,-8.06067382720343));
#3791=CARTESIAN_POINT('Ctrl Pts',(19.7325233350453,2.68357858563721,-8.07412548146323));
#3792=CARTESIAN_POINT('Ctrl Pts',(19.7177177760944,2.70024485434757,-8.08657820076242));
#3793=CARTESIAN_POINT('Ctrl Pts',(19.701948283823,2.71617091995356,-8.09886915353739));
#3794=CARTESIAN_POINT('Ctrl Pts',(19.6851447924995,2.7311192639234,-8.11084757398777));
#3795=CARTESIAN_POINT('Ctrl Pts',(19.6698627388387,2.74471414074327,-8.12174143292279));
#3796=CARTESIAN_POINT('Ctrl Pts',(19.6537267730709,2.75750059938379,-8.13237679258203));
#3797=CARTESIAN_POINT('Ctrl Pts',(19.6366700110403,2.76933898005643,-8.14264024346952));
#3798=CARTESIAN_POINT('Ctrl Pts',(19.6275907220057,2.77564053246333,-8.14810346309656));
#3799=CARTESIAN_POINT('Ctrl Pts',(19.6182501765964,2.78167410877867,-8.15346130545811));
#3800=CARTESIAN_POINT('Ctrl Pts',(19.6086344969153,2.78742359101692,-8.15869666586546));
#3801=CARTESIAN_POINT('',(19.9341345057951,5.38304337530696,-7.80734342026543));
#3802=CARTESIAN_POINT('Ctrl Pts',(19.8169716908375,2.56520510244999,-7.99084039492329));
#3803=CARTESIAN_POINT('Ctrl Pts',(20.1558478115773,2.70034136715566,-7.97202166906639));
#3804=CARTESIAN_POINT('Ctrl Pts',(20.7727288297533,3.2484537488859,-7.93202947702829));
#3805=CARTESIAN_POINT('Ctrl Pts',(20.8830408390894,4.52947767940609,-7.870863818809));
#3806=CARTESIAN_POINT('Ctrl Pts',(20.3021258677383,5.20101322857786,-7.82851688644662));
#3807=CARTESIAN_POINT('Ctrl Pts',(19.9341345057951,5.38304337530696,-7.80734342026543));
#3808=CARTESIAN_POINT('Ctrl Pts',(19.8345972788405,5.12123658295452,-7.96982616011426));
#3809=CARTESIAN_POINT('Ctrl Pts',(19.8458635641661,5.14275109402194,-7.95580728268472));
#3810=CARTESIAN_POINT('Ctrl Pts',(19.8563789287576,5.16471534109083,-7.94170463823645));
#3811=CARTESIAN_POINT('Ctrl Pts',(19.8661725305711,5.18699143981122,-7.92759197484281));
#3812=CARTESIAN_POINT('Ctrl Pts',(19.8751212050892,5.20734570382765,-7.91469685885797));
#3813=CARTESIAN_POINT('Ctrl Pts',(19.8834675150292,5.22795978864932,-7.90179337809265));
#3814=CARTESIAN_POINT('Ctrl Pts',(19.8912655798923,5.24870758793513,-7.88893779251577));
#3815=CARTESIAN_POINT('Ctrl Pts',(19.9009758797561,5.27454314536083,-7.87292977090164));
#3816=CARTESIAN_POINT('Ctrl Pts',(19.909898925076,5.30077416137835,-7.85688109394113));
#3817=CARTESIAN_POINT('Ctrl Pts',(19.9180693600739,5.32723965521912,-7.8408663066594));
#3818=CARTESIAN_POINT('Ctrl Pts',(19.9237830606133,5.34574734868648,-7.8296669398258));
#3819=CARTESIAN_POINT('Ctrl Pts',(19.9291295998182,5.36436914309045,-7.81848414640867));
#3820=CARTESIAN_POINT('Ctrl Pts',(19.9341345057951,5.38304337530696,-7.80734342026543));
#3821=CARTESIAN_POINT('Ctrl Pts',(18.5369676725867,5.36836906573615,-7.7325616048783));
#3822=CARTESIAN_POINT('Ctrl Pts',(18.209245828972,5.19759915084403,-7.71350294860036));
#3823=CARTESIAN_POINT('Ctrl Pts',(17.6829725525216,4.61166328211975,-7.67538563604447));
#3824=CARTESIAN_POINT('Ctrl Pts',(17.6679615250653,3.42828218877642,-7.61820966721064));
#3825=CARTESIAN_POINT('Ctrl Pts',(18.1792028265963,2.82918558941004,-7.58009235465475));
#3826=CARTESIAN_POINT('Ctrl Pts',(18.5024875334401,2.65015774538742,-7.56103369837681));
#3827=CARTESIAN_POINT('Ctrl Pts',(18.5798666795395,5.28604225977212,-7.78615895486807));
#3828=CARTESIAN_POINT('Ctrl Pts',(18.2718619526772,5.12554657717583,-7.76710029859013));
#3829=CARTESIAN_POINT('Ctrl Pts',(17.7772514775859,4.57486306089046,-7.72898298603424));
#3830=CARTESIAN_POINT('Ctrl Pts',(17.7631435763224,3.4626791234115,-7.67180701720041));
#3831=CARTESIAN_POINT('Ctrl Pts',(18.2436264629741,2.89962668108195,-7.63368970464452));
#3832=CARTESIAN_POINT('Ctrl Pts',(18.5474610097713,2.73136990090904,-7.61463104836658));
#3833=CARTESIAN_POINT('Ctrl Pts',(18.6227656864924,5.20371545380808,-7.83975630485784));
#3834=CARTESIAN_POINT('Ctrl Pts',(18.3344780763824,5.05349400350764,-7.8206976485799));
#3835=CARTESIAN_POINT('Ctrl Pts',(17.8715304026503,4.53806283966118,-7.78258033602401));
#3836=CARTESIAN_POINT('Ctrl Pts',(17.8583256275795,3.49707605804657,-7.72540436719018));
#3837=CARTESIAN_POINT('Ctrl Pts',(18.3080500993519,2.97006777275387,-7.68728705463429));
#3838=CARTESIAN_POINT('Ctrl Pts',(18.5924344861024,2.81258205643067,-7.66822839835635));
#3839=CARTESIAN_POINT('Ctrl Pts',(18.6656646934452,5.12138864784405,-7.89335365484761));
#3840=CARTESIAN_POINT('Ctrl Pts',(18.3970942000876,4.98144142983945,-7.87429499856967));
#3841=CARTESIAN_POINT('Ctrl Pts',(17.9658093277146,4.5012626184319,-7.83617768601378));
#3842=CARTESIAN_POINT('Ctrl Pts',(17.9535076788367,3.53147299268165,-7.77900171717995));
#3843=CARTESIAN_POINT('Ctrl Pts',(18.3724737357297,3.04050886442579,-7.74088440462406));
#3844=CARTESIAN_POINT('Ctrl Pts',(18.6374079624336,2.89379421195229,-7.72182574834612));
#3845=CARTESIAN_POINT('',(18.5369676725867,5.36836906573613,-7.7325616048783));
#3846=CARTESIAN_POINT('',(18.6089503583176,5.08992567814897,-7.88927139638459));
#3847=CARTESIAN_POINT('Ctrl Pts',(18.5369676725867,5.36836906573613,-7.7325616048783));
#3848=CARTESIAN_POINT('Ctrl Pts',(18.5372544368277,5.36675162801543,-7.73344082212599));
#3849=CARTESIAN_POINT('Ctrl Pts',(18.5375430604705,5.36513458885493,-7.73432020628857));
#3850=CARTESIAN_POINT('Ctrl Pts',(18.5378335489558,5.36351797468959,-7.73519974820849));
#3851=CARTESIAN_POINT('Ctrl Pts',(18.5432361888654,5.33345143281311,-7.75155787776973));
#3852=CARTESIAN_POINT('Ctrl Pts',(18.5493000425637,5.30340628249834,-7.76803619366613));
#3853=CARTESIAN_POINT('Ctrl Pts',(18.5560823017761,5.27359920173306,-7.784562326505));
#3854=CARTESIAN_POINT('Ctrl Pts',(18.5600251873178,5.25627077117453,-7.79416984048983));
#3855=CARTESIAN_POINT('Ctrl Pts',(18.5642099222002,5.23902253687714,-7.80379351521955));
#3856=CARTESIAN_POINT('Ctrl Pts',(18.5686400968199,5.22189443264836,-7.81341913152288));
#3857=CARTESIAN_POINT('Ctrl Pts',(18.5751207188062,5.19683881331513,-7.82749983623616));
#3858=CARTESIAN_POINT('Ctrl Pts',(18.5821811271235,5.17182053627646,-7.84170694465646));
#3859=CARTESIAN_POINT('Ctrl Pts',(18.589876293772,5.14706025863765,-7.85596722831389));
#3860=CARTESIAN_POINT('Ctrl Pts',(18.5958557051652,5.12782066410079,-7.86704796333439));
#3861=CARTESIAN_POINT('Ctrl Pts',(18.602217306022,5.10873653982669,-7.87816080465387));
#3862=CARTESIAN_POINT('Ctrl Pts',(18.6089670498854,5.08990255883923,-7.88927139638458));
#3863=CARTESIAN_POINT('',(18.5024875334401,2.65015774538742,-7.56103369837681));
#3864=CARTESIAN_POINT('Ctrl Pts',(18.5369676725867,5.36836906573615,-7.7325616048783));
#3865=CARTESIAN_POINT('Ctrl Pts',(18.209245828972,5.19759915084403,-7.71350294860036));
#3866=CARTESIAN_POINT('Ctrl Pts',(17.6829725525216,4.61166328211975,-7.67538563604447));
#3867=CARTESIAN_POINT('Ctrl Pts',(17.6679615250653,3.42828218877642,-7.61820966721064));
#3868=CARTESIAN_POINT('Ctrl Pts',(18.1792028265963,2.82918558941004,-7.58009235465475));
#3869=CARTESIAN_POINT('Ctrl Pts',(18.5024875334401,2.65015774538742,-7.56103369837681));
#3870=CARTESIAN_POINT('',(18.5360058492204,2.95653226965553,-7.72933342385968));
#3871=CARTESIAN_POINT('Ctrl Pts',(18.5360283049499,2.95656197625667,-7.7293334238597));
#3872=CARTESIAN_POINT('Ctrl Pts',(18.5294165240556,2.91997642389748,-7.70880754743903));
#3873=CARTESIAN_POINT('Ctrl Pts',(18.5237809213968,2.88304831283,-7.68829111454291));
#3874=CARTESIAN_POINT('Ctrl Pts',(18.5190765664067,2.84601962597226,-7.66787030224006));
#3875=CARTESIAN_POINT('Ctrl Pts',(18.5173240402582,2.83222522863182,-7.66026288153939));
#3876=CARTESIAN_POINT('Ctrl Pts',(18.5157002376722,2.81841695727856,-7.65266873112448));
#3877=CARTESIAN_POINT('Ctrl Pts',(18.5142010058085,2.80460755086152,-7.64509230637766));
#3878=CARTESIAN_POINT('Ctrl Pts',(18.5093767531084,2.76017141806006,-7.62071276347461));
#3879=CARTESIAN_POINT('Ctrl Pts',(18.5058198090389,2.71543178404018,-7.59635816399112));
#3880=CARTESIAN_POINT('Ctrl Pts',(18.5034772909134,2.67068081079496,-7.57213377752915));
#3881=CARTESIAN_POINT('Ctrl Pts',(18.5031191889313,2.66383970589858,-7.5684305827868));
#3882=CARTESIAN_POINT('Ctrl Pts',(18.5027893682278,2.65699833668299,-7.56473043104441));
#3883=CARTESIAN_POINT('Ctrl Pts',(18.5024875334401,2.65015774538742,-7.56103369837681));
#3884=CARTESIAN_POINT('Ctrl Pts',(18.6089670498854,5.08990255883925,-7.88927139638458));
#3885=CARTESIAN_POINT('Ctrl Pts',(18.3668404457083,4.94694555311925,-7.87157349292765));
#3886=CARTESIAN_POINT('Ctrl Pts',(18.1736071424472,4.72124085659232,-7.85387558947072));
#3887=CARTESIAN_POINT('Ctrl Pts',(18.0715802709948,4.45967571699209,-7.83617768601378));
#3888=CARTESIAN_POINT('Ctrl Pts',(17.9617087780886,4.17799940984849,-7.81711902973584));
#3889=CARTESIAN_POINT('Ctrl Pts',(17.9576082284627,3.85473620126506,-7.79806037345789));
#3890=CARTESIAN_POINT('Ctrl Pts',(18.0602994678729,3.57036356490938,-7.77900171717995));
#3891=CARTESIAN_POINT('Ctrl Pts',(18.1495065019553,3.32333139732488,-7.76244561940653));
#3892=CARTESIAN_POINT('Ctrl Pts',(18.31930133082,3.10564704273183,-7.74588952163312));
#3893=CARTESIAN_POINT('Ctrl Pts',(18.5360283049499,2.95656197625669,-7.7293334238597));
#3894=CARTESIAN_POINT('Origin',(19.25,4.,-18.6042117235887));
#3895=CARTESIAN_POINT('Ctrl Pts',(20.7945414493966,4.00100927359871,-17.3542117235887));
#3896=CARTESIAN_POINT('Ctrl Pts',(20.7950567106843,4.06674211753225,-17.3508111035027));
#3897=CARTESIAN_POINT('Ctrl Pts',(20.7614403317206,4.64224112274193,-17.3210119678635));
#3898=CARTESIAN_POINT('Ctrl Pts',(20.0383532347526,5.64310755376386,-17.2648143166711));
#3899=CARTESIAN_POINT('Ctrl Pts',(18.3009247584867,5.55555012147786,-17.1856187700115));
#3900=CARTESIAN_POINT('Ctrl Pts',(17.4284074945712,4.05068143148779,-17.1064232233518));
#3901=CARTESIAN_POINT('Ctrl Pts',(18.2159687748015,2.49946464342697,-17.0272276766922));
#3902=CARTESIAN_POINT('Ctrl Pts',(19.9458717410155,2.31581516999128,-16.9480321300325));
#3903=CARTESIAN_POINT('Ctrl Pts',(20.7438107608229,3.29975796148588,-16.8903601456647));
#3904=CARTESIAN_POINT('Ctrl Pts',(20.794594977982,3.90431070649175,-16.8590866768501));
#3905=CARTESIAN_POINT('Ctrl Pts',(20.7937449287258,3.99869159751593,-16.8542117235887));
#3906=CARTESIAN_POINT('Origin',(19.25,4.,-18.6042117235887));
#3907=CARTESIAN_POINT('',(19.8520025754676,2.57928120335853,-7.94731744782688));
#3908=CARTESIAN_POINT('Ctrl Pts',(19.8520025754676,2.57928120335853,-7.94731744782688));
#3909=CARTESIAN_POINT('Ctrl Pts',(19.8408104369423,2.5745387474741,-7.96237989676551));
#3910=CARTESIAN_POINT('Ctrl Pts',(19.8291363840868,2.56974890223049,-7.97690734974959));
#3911=CARTESIAN_POINT('Ctrl Pts',(19.8170764557902,2.56498317316887,-7.99084039492329));
#3912=CARTESIAN_POINT('',(19.950964157518,5.37459021161768,-7.76673816726353));
#3913=CARTESIAN_POINT('Ctrl Pts',(19.8520025754676,2.57928120335853,-7.94731744782688));
#3914=CARTESIAN_POINT('Ctrl Pts',(20.2102172717131,2.73106786953056,-7.92725308331984));
#3915=CARTESIAN_POINT('Ctrl Pts',(20.8047028633787,3.3171430623143,-7.88712435430577));
#3916=CARTESIAN_POINT('Ctrl Pts',(20.8491000386077,4.57120369157467,-7.82693126078465));
#3917=CARTESIAN_POINT('Ctrl Pts',(20.2975481657543,5.19785174418989,-7.78680253177057));
#3918=CARTESIAN_POINT('Ctrl Pts',(19.950964157518,5.37459021161768,-7.76673816726353));
#3919=CARTESIAN_POINT('Ctrl Pts',(19.9341345057951,5.38304337530696,-7.80734342026542));
#3920=CARTESIAN_POINT('Ctrl Pts',(19.9368259873686,5.38171201039895,-7.80135228691189));
#3921=CARTESIAN_POINT('Ctrl Pts',(19.9394407405583,5.38040882040966,-7.79532138542062));
#3922=CARTESIAN_POINT('Ctrl Pts',(19.945091845173,5.37757340229237,-7.78180231509227));
#3923=CARTESIAN_POINT('Ctrl Pts',(19.948088519568,5.37605662620139,-7.77429508779584));
#3924=CARTESIAN_POINT('Ctrl Pts',(19.950964157518,5.37459021161768,-7.76673816726354));
#3925=CARTESIAN_POINT('Origin',(19.25,4.,-18.6042117235887));
#3926=CARTESIAN_POINT('',(18.5245339138182,5.36181788716408,-7.69026023704403));
#3927=CARTESIAN_POINT('Ctrl Pts',(18.5245339138182,5.36181788716409,-7.69026023704402));
#3928=CARTESIAN_POINT('Ctrl Pts',(18.5282591863999,5.36380241016478,-7.70446477584742));
#3929=CARTESIAN_POINT('Ctrl Pts',(18.5324084866547,5.36599335655241,-7.71858317125897));
#3930=CARTESIAN_POINT('Ctrl Pts',(18.5369676725867,5.36836906573613,-7.7325616048783));
#3931=CARTESIAN_POINT('',(18.5002558569228,2.65139601071278,-7.51958877028792));
#3932=CARTESIAN_POINT('Ctrl Pts',(18.5245339138182,5.3618178871641,-7.69026023704403));
#3933=CARTESIAN_POINT('Ctrl Pts',(18.2000095481742,5.18893763376646,-7.6712967407378));
#3934=CARTESIAN_POINT('Ctrl Pts',(17.680973061824,4.60247528581959,-7.63336974812532));
#3935=CARTESIAN_POINT('Ctrl Pts',(17.6704325820523,3.42572761262318,-7.57647925920662));
#3936=CARTESIAN_POINT('Ctrl Pts',(18.1788803938351,2.83006178145992,-7.53855226659415));
#3937=CARTESIAN_POINT('Ctrl Pts',(18.5002558569228,2.65139601071278,-7.51958877028792));
#3938=CARTESIAN_POINT('Ctrl Pts',(18.5024875334401,2.65015774538742,-7.56103369837681));
#3939=CARTESIAN_POINT('Ctrl Pts',(18.5013550567534,2.65078488566142,-7.54716364848751));
#3940=CARTESIAN_POINT('Ctrl Pts',(18.5006149784089,2.65119636038323,-7.53333385111434));
#3941=CARTESIAN_POINT('Ctrl Pts',(18.5002558569228,2.65139601071278,-7.51958877028792));
#3942=CARTESIAN_POINT('Ctrl Pts',(18.2918838472776,4.82521129893648,-17.5));
#3943=CARTESIAN_POINT('Ctrl Pts',(18.0181335899942,4.50737204533787,-17.4736014844468));
#3944=CARTESIAN_POINT('Ctrl Pts',(17.8164055079543,3.58335435434639,-17.4208044533403));
#3945=CARTESIAN_POINT('Ctrl Pts',(18.8209919196773,2.56856879156304,-17.3416089066807));
#3946=CARTESIAN_POINT('Ctrl Pts',(20.2163758861073,2.86197216103408,-17.2624133600211));
#3947=CARTESIAN_POINT('Ctrl Pts',(20.73113757023,4.19066187216465,-17.1832178133614));
#3948=CARTESIAN_POINT('Ctrl Pts',(19.8960613514871,5.34653888641244,-17.1040222667018));
#3949=CARTESIAN_POINT('Ctrl Pts',(18.4722257661092,5.27478491808734,-17.0248267200421));
#3950=CARTESIAN_POINT('Ctrl Pts',(17.7571913654474,4.04153381083364,-16.9456311733825));
#3951=CARTESIAN_POINT('Ctrl Pts',(18.402603704301,2.77030009177796,-16.8664356267228));
#3952=CARTESIAN_POINT('Ctrl Pts',(19.8202720781038,2.61979797955539,-16.7872400800632));
#3953=CARTESIAN_POINT('Ctrl Pts',(20.7182351493664,3.72708095364835,-16.7080445334036));
#3954=CARTESIAN_POINT('Ctrl Pts',(20.2781497926698,5.0831018350241,-16.6288489867439));
#3955=CARTESIAN_POINT('Ctrl Pts',(18.9010802431714,5.45204917807896,-16.5496534400843));
#3956=CARTESIAN_POINT('Ctrl Pts',(17.8419918291174,4.49770442751211,-16.4704578934247));
#3957=CARTESIAN_POINT('Ctrl Pts',(18.0660646237626,3.08978376342833,-16.391262346765));
#3958=CARTESIAN_POINT('Ctrl Pts',(19.3690940730759,2.51137246710858,-16.3120668001054));
#3959=CARTESIAN_POINT('Ctrl Pts',(20.5635894558981,3.2895925046933,-16.2328712534457));
#3960=CARTESIAN_POINT('Ctrl Pts',(20.5609703801643,4.7152290877707,-16.1536757067861));
#3961=CARTESIAN_POINT('Ctrl Pts',(19.3636237081238,5.48905523280663,-16.0744801601264));
#3962=CARTESIAN_POINT('Ctrl Pts',(18.0627282552446,4.90585967220021,-15.9952846134668));
#3963=CARTESIAN_POINT('Ctrl Pts',(17.8438300379446,3.49712629886264,-15.9160890668072));
#3964=CARTESIAN_POINT('Ctrl Pts',(18.9064177273579,2.54667721216693,-15.8368935201475));
#3965=CARTESIAN_POINT('Ctrl Pts',(20.2821225028936,2.92068583897285,-15.7576979734879));
#3966=CARTESIAN_POINT('Ctrl Pts',(20.717222317176,4.27830664239951,-15.6785024268282));
#3967=CARTESIAN_POINT('Ctrl Pts',(19.8151973362295,5.38229804470983,-15.5993068801686));
#3968=CARTESIAN_POINT('Ctrl Pts',(18.3980906503618,5.22655875336032,-15.5201113335089));
#3969=CARTESIAN_POINT('Ctrl Pts',(17.757355139812,3.953018768611,-15.4409157868493));
#3970=CARTESIAN_POINT('Ctrl Pts',(18.476912769449,2.72229422458823,-15.3617202401896));
#3971=CARTESIAN_POINT('Ctrl Pts',(19.901008554517,2.65598222601015,-15.28252469353));
#3972=CARTESIAN_POINT('Ctrl Pts',(20.7318202339348,3.81451493580065,-15.2033291468703));
#3973=CARTESIAN_POINT('Ctrl Pts',(20.2122035877702,5.14208588574059,-15.1241336002108));
#3974=CARTESIAN_POINT('Ctrl Pts',(18.8157012370181,5.42883886398608,-15.0449380535511));
#3975=CARTESIAN_POINT('Ctrl Pts',(17.8149886979227,4.41344706753927,-14.9657425068914));
#3976=CARTESIAN_POINT('Ctrl Pts',(18.1220460660535,3.02126825041748,-14.8865469602318));
#3977=CARTESIAN_POINT('Ctrl Pts',(19.4570425238751,2.52103775975902,-14.8073514135721));
#3978=CARTESIAN_POINT('Ctrl Pts',(20.6033547658662,3.36863101718923,-14.7281558669125));
#3979=CARTESIAN_POINT('Ctrl Pts',(20.51631321194,4.79161023491043,-14.6489603202529));
#3980=CARTESIAN_POINT('Ctrl Pts',(19.2752415055673,5.49317071399956,-14.5697647735932));
#3981=CARTESIAN_POINT('Ctrl Pts',(18.0111664393283,4.83395882614323,-14.4905692269336));
#3982=CARTESIAN_POINT('Ctrl Pts',(17.8760784746985,3.41473462680402,-14.4113736802739));
#3983=CARTESIAN_POINT('Ctrl Pts',(18.9930874260158,2.52888075123809,-14.3321781336143));
#3984=CARTESIAN_POINT('Ctrl Pts',(20.3442287026732,2.98370306455492,-14.2529825869546));
#3985=CARTESIAN_POINT('Ctrl Pts',(20.6981657295047,4.36470801285007,-14.173787040295));
#3986=CARTESIAN_POINT('Ctrl Pts',(19.7323448150701,5.41334333908073,-14.0945914936353));
#3987=CARTESIAN_POINT('Ctrl Pts',(18.32694824493,5.17395543876725,-14.0153959469757));
#3988=CARTESIAN_POINT('Ctrl Pts',(17.7627571108348,3.86470586348133,-13.9362004003161));
#3989=CARTESIAN_POINT('Ctrl Pts',(18.5539361347107,2.67875399331259,-13.8570048536564));
#3990=CARTESIAN_POINT('Ctrl Pts',(19.9794595537949,2.69689421990142,-13.7778093069968));
#3991=CARTESIAN_POINT('Ctrl Pts',(20.7402040602594,3.90259479718508,-13.6986137603372));
#3992=CARTESIAN_POINT('Ctrl Pts',(20.1428798025176,5.1970637297174,-13.6194182136775));
#3993=CARTESIAN_POINT('Ctrl Pts',(18.7318467364811,5.40061169145971,-13.5402226670179));
#3994=CARTESIAN_POINT('Ctrl Pts',(17.7930226658582,4.3277391684649,-13.4610271203582));
#3995=CARTESIAN_POINT('Ctrl Pts',(18.1819868226477,2.95618786759747,-13.3818315736986));
#3996=CARTESIAN_POINT('Ctrl Pts',(19.5442642152569,2.53589464642459,-13.3026360270389));
#3997=CARTESIAN_POINT('Ctrl Pts',(20.6383695837646,3.44988563586633,-13.2234404803793));
#3998=CARTESIAN_POINT('Ctrl Pts',(20.4672110765609,4.86521275409372,-13.1442449337197));
#3999=CARTESIAN_POINT('Ctrl Pts',(19.1867707021238,5.49204489565127,-13.06504938706));
#4000=CARTESIAN_POINT('Ctrl Pts',(17.9639531303071,4.75913066312859,-12.9858538404004));
#4001=CARTESIAN_POINT('Ctrl Pts',(17.9131495997963,3.33439732405574,-12.9066582937407));
#4002=CARTESIAN_POINT('Ctrl Pts',(19.0806589294835,2.51624816206172,-12.8274627470811));
#4003=CARTESIAN_POINT('Ctrl Pts',(20.4024939817335,3.05028765575209,-12.7482672004214));
#4004=CARTESIAN_POINT('Ctrl Pts',(20.6740258444624,4.44982919986613,-12.6690716537618));
#4005=CARTESIAN_POINT('Ctrl Pts',(19.6477991851468,5.43942756783572,-12.5898761071021));
#4006=CARTESIAN_POINT('Ctrl Pts',(18.2590459013363,5.11723134985124,-12.5106805604425));
#4007=CARTESIAN_POINT('Ctrl Pts',(17.7733795463878,3.77686786263999,-12.4314850137829));
#4008=CARTESIAN_POINT('Ctrl Pts',(18.6334027973914,2.63985155057096,-12.3522894671232));
#4009=CARTESIAN_POINT('Ctrl Pts',(20.0553500313521,2.74238032706623,-12.2730939204636));
#4010=CARTESIAN_POINT('Ctrl Pts',(20.7433570278654,3.99101656670003,-12.1938983738039));
#4011=CARTESIAN_POINT('Ctrl Pts',(20.070421863881,5.24783968522201,-12.1147028271443));
#4012=CARTESIAN_POINT('Ctrl Pts',(18.6498110382059,5.36746814401264,-12.0355072804847));
#4013=CARTESIAN_POINT('Ctrl Pts',(17.7761708612968,4.240880851581,-11.956311733825));
#4014=CARTESIAN_POINT('Ctrl Pts',(18.2456764792673,2.89477143519902,-11.8771161871654));
#4015=CARTESIAN_POINT('Ctrl Pts',(19.6304529913644,2.55589078110041,-11.7979206405057));
#4016=CARTESIAN_POINT('Ctrl Pts',(20.6685109985267,3.5330712454693,-11.7187250938461));
#4017=CARTESIAN_POINT('Ctrl Pts',(20.4138363322545,4.93577823573391,-11.6395295471864));
#4018=CARTESIAN_POINT('Ctrl Pts',(19.0985218438038,5.48568175695346,-11.5603340005268));
#4019=CARTESIAN_POINT('Ctrl Pts',(17.9212540550472,4.68163782797056,-11.4811384538672));
#4020=CARTESIAN_POINT('Ctrl Pts',(17.9549132873135,3.25639639499813,-11.4019429072075));
#4021=CARTESIAN_POINT('Ctrl Pts',(19.1688248476615,2.50882378325305,-11.3227473605479));
#4022=CARTESIAN_POINT('Ctrl Pts',(20.4567138193994,3.12020589180227,-11.2435518138882));
#4023=CARTESIAN_POINT('Ctrl Pts',(20.6448873970072,4.5333714132004,-11.1643562672286));
#4024=CARTESIAN_POINT('Ctrl Pts',(19.561857215359,5.46045917162287,-11.085160720569));
#4025=CARTESIAN_POINT('Ctrl Pts',(18.1946219678637,5.05658559711618,-11.0059651739093));
#4026=CARTESIAN_POINT('Ctrl Pts',(17.7891851599893,3.68981309190576,-10.9267696272497));
#4027=CARTESIAN_POINT('Ctrl Pts',(18.7150338165777,2.60572345019257,-10.84757408059));
#4028=CARTESIAN_POINT('Ctrl Pts',(20.1284135992639,2.79228088390579,-10.7683785339304));
#4029=CARTESIAN_POINT('Ctrl Pts',(20.7412680693233,4.07946986952862,-10.6891829872707));
#4030=CARTESIAN_POINT('Ctrl Pts',(19.9950841110158,5.29423552039734,-10.6099874406111));
#4031=CARTESIAN_POINT('Ctrl Pts',(18.5698821008377,5.32952456088771,-10.5307918939514));
#4032=CARTESIAN_POINT('Ctrl Pts',(17.7644924368214,4.15317700370733,-10.4515963472918));
#4033=CARTESIAN_POINT('Ctrl Pts',(18.3128914748415,2.83723453490623,-10.3724008006322));
#4034=CARTESIAN_POINT('Ctrl Pts',(19.715306315596,2.58095597407216,-10.2932052539725));
#4035=CARTESIAN_POINT('Ctrl Pts',(20.6936732088324,3.6178958510287,-10.2140097073129));
#4036=CARTESIAN_POINT('Ctrl Pts',(20.3563763331546,5.00305898340216,-10.1348141606532));
#4037=CARTESIAN_POINT('Ctrl Pts',(19.0108046982722,5.47410363376432,-10.0556186139936));
#4038=CARTESIAN_POINT('Ctrl Pts',(17.8832190946091,4.60175233273202,-9.97642306733395));
#4039=CARTESIAN_POINT('Ctrl Pts',(18.0012229392199,3.18100563634885,-9.8972275206743));
#4040=CARTESIAN_POINT('Ctrl Pts',(19.257275705165,2.50663367411497,-9.81803197401467));
#4041=CARTESIAN_POINT('Ctrl Pts',(20.5066978926503,3.19321235116238,-9.73883642735502));
#4042=CARTESIAN_POINT('Ctrl Pts',(20.6108526727794,4.61504140061576,-9.65964088069537));
#4043=CARTESIAN_POINT('Ctrl Pts',(19.4748205664688,5.47636433664118,-9.58044533403573));
#4044=CARTESIAN_POINT('Ctrl Pts',(18.1339026013739,4.9922310366929,-9.50124978737609));
#4045=CARTESIAN_POINT('Ctrl Pts',(17.8101184359624,3.6038471668585,-9.42205424071645));
#4046=CARTESIAN_POINT('Ctrl Pts',(18.7985427223233,2.57648941188785,-9.3428586940568));
#4047=CARTESIAN_POINT('Ctrl Pts',(20.1983936610829,2.84642087677437,-9.26366314739716));
#4048=CARTESIAN_POINT('Ctrl Pts',(20.7339447704739,4.16764393996929,-9.18446760073752));
#4049=CARTESIAN_POINT('Ctrl Pts',(19.9171305037072,5.3360889182463,-9.10527205407788));
#4050=CARTESIAN_POINT('Ctrl Pts',(18.4923414282223,5.28691308986925,-9.02607650741824));
#4051=CARTESIAN_POINT('Ctrl Pts',(17.7580265738492,4.06493748424117,-8.94688096075859));
#4052=CARTESIAN_POINT('Ctrl Pts',(18.3833993647608,2.78377526801198,-8.86768541409895));
#4053=CARTESIAN_POINT('Ctrl Pts',(19.798519612445,2.61100968503474,-8.78848986743931));
#4054=CARTESIAN_POINT('Ctrl Pts',(20.7137808522041,3.70404736364367,-8.70929432077966));
#4055=CARTESIAN_POINT('Ctrl Pts',(20.2950077993665,5.06684646322721,-8.63009877412002));
#4056=CARTESIAN_POINT('Ctrl Pts',(18.9239752884698,5.45729792210071,-8.55090322746038));
#4057=CARTESIAN_POINT('Ctrl Pts',(17.8498890274253,4.5198571986443,-8.47170768080073));
#4058=CARTESIAN_POINT('Ctrl Pts',(18.0520947533822,3.10829182376196,-8.3925121341411));
#4059=CARTESIAN_POINT('Ctrl Pts',(19.3453558850786,2.51006813219798,-8.31331658748145));
#4060=CARTESIAN_POINT('Ctrl Pts',(20.5529425220622,3.26830059336379,-8.23412104082181));
#4061=CARTESIAN_POINT('Ctrl Pts',(20.5706829318499,4.69612021604467,-8.15492549416216));
#4062=CARTESIAN_POINT('Ctrl Pts',(19.7837065511398,5.22068774130051,-8.10212846305573));
#4063=CARTESIAN_POINT('Ctrl Pts',(19.3659982252064,5.25916824203479,-8.07572994750252));
#4064=CARTESIAN_POINT('Ctrl Pts',(18.2215437000433,4.88579422941066,-17.5535973499898));
#4065=CARTESIAN_POINT('Ctrl Pts',(17.9276960533693,4.54462079046153,-17.5271988344366));
#4066=CARTESIAN_POINT('Ctrl Pts',(17.7111580936839,3.55276629257902,-17.4744018033301));
#4067=CARTESIAN_POINT('Ctrl Pts',(18.7894962691251,2.46348019487141,-17.3952062566705));
#4068=CARTESIAN_POINT('Ctrl Pts',(20.2873224220981,2.77842378798755,-17.3160107100108));
#4069=CARTESIAN_POINT('Ctrl Pts',(20.8398753620606,4.20465932343599,-17.2368151633512));
#4070=CARTESIAN_POINT('Ctrl Pts',(19.9434919792422,5.44539510886292,-17.1576196166916));
#4071=CARTESIAN_POINT('Ctrl Pts',(18.415125430235,5.36837331921751,-17.0784240700319));
#4072=CARTESIAN_POINT('Ctrl Pts',(17.647596741822,4.04458301771836,-16.9992285233723));
#4073=CARTESIAN_POINT('Ctrl Pts',(18.3403920611345,2.6800216089943,-16.9200329767126));
#4074=CARTESIAN_POINT('Ctrl Pts',(19.8621386324077,2.51847037636734,-16.840837430053));
#4075=CARTESIAN_POINT('Ctrl Pts',(20.8260257092974,3.70704458765153,-16.7616418833933));
#4076=CARTESIAN_POINT('Ctrl Pts',(20.353631463227,5.16261781263164,-16.6824463367337));
#4077=CARTESIAN_POINT('Ctrl Pts',(18.8754642810582,5.55865144408529,-16.603250790074));
#4078=CARTESIAN_POINT('Ctrl Pts',(17.7386228359473,4.53424342396976,-16.5240552434144));
#4079=CARTESIAN_POINT('Ctrl Pts',(17.9791459464772,3.02296019103208,-16.4448596967548));
#4080=CARTESIAN_POINT('Ctrl Pts',(19.3778373706512,2.40208479927932,-16.3656641500952));
#4081=CARTESIAN_POINT('Ctrl Pts',(20.6600266941919,3.23743790143961,-16.2864686034355));
#4082=CARTESIAN_POINT('Ctrl Pts',(20.6572153388768,4.76773766848617,-16.2072730567759));
#4083=CARTESIAN_POINT('Ctrl Pts',(19.3719653985712,5.59837430024741,-16.1280775101162));
#4084=CARTESIAN_POINT('Ctrl Pts',(17.9755646382908,4.97236340719632,-16.0488819634566));
#4085=CARTESIAN_POINT('Ctrl Pts',(17.7405959969713,3.46020779991266,-15.9696864167969));
#4086=CARTESIAN_POINT('Ctrl Pts',(18.881193616924,2.43998144403421,-15.8904908701373));
#4087=CARTESIAN_POINT('Ctrl Pts',(20.3578958301786,2.84144793364899,-15.8112953234776));
#4088=CARTESIAN_POINT('Ctrl Pts',(20.824938519979,4.29873853904068,-15.732099776818));
#4089=CARTESIAN_POINT('Ctrl Pts',(19.8566913280945,5.48377952762842,-15.6529042301583));
#4090=CARTESIAN_POINT('Ctrl Pts',(18.3355476811054,5.31660662809628,-15.5737086834987));
#4091=CARTESIAN_POINT('Ctrl Pts',(17.6477725396902,3.9495696390626,-15.494513136839));
#4092=CARTESIAN_POINT('Ctrl Pts',(18.4201565301691,2.62849138856552,-15.4153175901794));
#4093=CARTESIAN_POINT('Ctrl Pts',(19.9488023814401,2.55731109115943,-15.3361220435198));
#4094=CARTESIAN_POINT('Ctrl Pts',(20.8406081435567,3.80089754015559,-15.2569264968601));
#4095=CARTESIAN_POINT('Ctrl Pts',(20.2828438142613,5.22593218050236,-15.1777309502005));
#4096=CARTESIAN_POINT('Ctrl Pts',(18.7838171707231,5.53373714357487,-15.0985354035408));
#4097=CARTESIAN_POINT('Ctrl Pts',(17.7096372684701,4.44380030552786,-15.0193398568812));
#4098=CARTESIAN_POINT('Ctrl Pts',(18.0392372692685,2.94941460806642,-14.9401443102216));
#4099=CARTESIAN_POINT('Ctrl Pts',(19.4722425615446,2.41245966989291,-14.8609487635619));
#4100=CARTESIAN_POINT('Ctrl Pts',(20.7027113764617,3.32227903044538,-14.7817532169023));
#4101=CARTESIAN_POINT('Ctrl Pts',(20.6092796623223,4.84972634151978,-14.7025576702426));
#4102=CARTESIAN_POINT('Ctrl Pts',(19.2770946120126,5.60279191970638,-14.623362123583));
#4103=CARTESIAN_POINT('Ctrl Pts',(17.9202174089745,4.89518395678273,-14.5441665769234));
#4104=CARTESIAN_POINT('Ctrl Pts',(17.7752119543884,3.37176733896031,-14.4649710302637));
#4105=CARTESIAN_POINT('Ctrl Pts',(18.9742261760212,2.42087845499975,-14.3857754836041));
#4106=CARTESIAN_POINT('Ctrl Pts',(20.4245615598485,2.90909157212801,-14.3065799369444));
#4107=CARTESIAN_POINT('Ctrl Pts',(20.8044828919317,4.39148307060116,-14.2273843902848));
#4108=CARTESIAN_POINT('Ctrl Pts',(19.7677561847807,5.51710401390186,-14.1481888436251));
#4109=CARTESIAN_POINT('Ctrl Pts',(18.259182352275,5.26014143842367,-14.0689932969655));
#4110=CARTESIAN_POINT('Ctrl Pts',(17.6535710966968,3.85477323740503,-13.9897977503059));
#4111=CARTESIAN_POINT('Ctrl Pts',(18.5028345698015,2.58175464894394,-13.9106022036462));
#4112=CARTESIAN_POINT('Ctrl Pts',(20.0330128649144,2.60122664121223,-13.8314066569866));
#4113=CARTESIAN_POINT('Ctrl Pts',(20.8496074689274,3.89544378914924,-13.7522111103269));
#4114=CARTESIAN_POINT('Ctrl Pts',(20.2084306197053,5.28494622575703,-13.6730155636673));
#4115=CARTESIAN_POINT('Ctrl Pts',(18.6938064876634,5.50343767170789,-13.5938200170076));
#4116=CARTESIAN_POINT('Ctrl Pts',(17.686058599018,4.35180015658076,-13.514624470348));
#4117=CARTESIAN_POINT('Ctrl Pts',(18.1035785796287,2.87955634555342,-13.4354289236884));
#4118=CARTESIAN_POINT('Ctrl Pts',(19.5658676379402,2.42840727566652,-13.3562333770287));
#4119=CARTESIAN_POINT('Ctrl Pts',(20.7402968090391,3.409498961183,-13.2770378303691));
#4120=CARTESIAN_POINT('Ctrl Pts',(20.5565726911179,4.92873239348086,-13.1978422837094));
#4121=CARTESIAN_POINT('Ctrl Pts',(19.1821287199284,5.60158344934545,-13.1186467370498));
#4122=CARTESIAN_POINT('Ctrl Pts',(17.8695379324135,4.81486228028459,-13.0394511903901));
#4123=CARTESIAN_POINT('Ctrl Pts',(17.8150046580653,3.28553206894819,-12.9602556437305));
#4124=CARTESIAN_POINT('Ctrl Pts',(19.0682267459751,2.40731844363129,-12.8810600970709));
#4125=CARTESIAN_POINT('Ctrl Pts',(20.4871043874045,2.9805644745545,-12.8018645504112));
#4126=CARTESIAN_POINT('Ctrl Pts',(20.7785707759722,4.48285343399364,-12.7226690037516));
#4127=CARTESIAN_POINT('Ctrl Pts',(19.6770036330349,5.54510321766893,-12.6434734570919));
#4128=CARTESIAN_POINT('Ctrl Pts',(18.1862949545911,5.19925294756669,-12.5642779104323));
#4129=CARTESIAN_POINT('Ctrl Pts',(17.6649733789089,3.76048660515883,-12.4850823637726));
#4130=CARTESIAN_POINT('Ctrl Pts',(18.5881352816602,2.53999618134308,-12.405886817113));
#4131=CARTESIAN_POINT('Ctrl Pts',(20.1144748458326,2.65005211330267,-12.3266912704534));
#4132=CARTESIAN_POINT('Ctrl Pts',(20.8529919118144,3.99035704747661,-12.2474957237937));
#4133=CARTESIAN_POINT('Ctrl Pts',(20.1306531777312,5.33944990067853,-12.1683001771341));
#4134=CARTESIAN_POINT('Ctrl Pts',(18.6057481343283,5.46786088899946,-12.0891046304744));
#4135=CARTESIAN_POINT('Ctrl Pts',(17.6679696183474,4.25856513184073,-12.0099090838148));
#4136=CARTESIAN_POINT('Ctrl Pts',(18.1719440157049,2.81363102257293,-11.9307135371551));
#4137=CARTESIAN_POINT('Ctrl Pts',(19.6583839675328,2.44987142761061,-11.8515179904955));
#4138=CARTESIAN_POINT('Ctrl Pts',(20.7726510573352,3.49879164664583,-11.7723224438359));
#4139=CARTESIAN_POINT('Ctrl Pts',(20.4992794371795,5.00447844362949,-11.6931268971762));
#4140=CARTESIAN_POINT('Ctrl Pts',(19.0874010670803,5.59475316048886,-11.6139313505166));
#4141=CARTESIAN_POINT('Ctrl Pts',(17.8237041023203,4.73168030459896,-11.5347358038569));
#4142=CARTESIAN_POINT('Ctrl Pts',(17.8598344288759,3.20180469762288,-11.4555402571973));
#4143=CARTESIAN_POINT('Ctrl Pts',(19.1628653696264,2.39934900366586,-11.3763447105376));
#4144=CARTESIAN_POINT('Ctrl Pts',(20.5453047772755,3.05561576154444,-11.297149163878));
#4145=CARTESIAN_POINT('Ctrl Pts',(20.7472931278801,4.57252890326929,-11.2179536172184));
#4146=CARTESIAN_POINT('Ctrl Pts',(19.5847522290607,5.56767885774307,-11.1387580705587));
#4147=CARTESIAN_POINT('Ctrl Pts',(18.1171413346885,5.1341548837372,-11.0595625238991));
#4148=CARTESIAN_POINT('Ctrl Pts',(17.6819393624559,3.66704070389884,-10.9803669772394));
#4149=CARTESIAN_POINT('Ctrl Pts',(18.6757592463699,2.5033625646986,-10.9011714305798));
#4150=CARTESIAN_POINT('Ctrl Pts',(20.1929023793865,2.70361612212057,-10.8219758839201));
#4151=CARTESIAN_POINT('Ctrl Pts',(20.8507495922722,4.08530415413748,-10.7427803372605));
#4152=CARTESIAN_POINT('Ctrl Pts',(20.0497844998171,5.38925188850876,-10.6635847906009));
#4153=CARTESIAN_POINT('Ctrl Pts',(18.5199512098619,5.42713167574397,-10.5843892439412));
#4154=CARTESIAN_POINT('Ctrl Pts',(17.655433821731,4.16442250140931,-10.5051936972816));
#4155=CARTESIAN_POINT('Ctrl Pts',(18.2440936036786,2.75187004774961,-10.4259981506219));
#4156=CARTESIAN_POINT('Ctrl Pts',(19.7494668029805,2.47677678302936,-10.3468026039623));
#4157=CARTESIAN_POINT('Ctrl Pts',(20.7996605526204,3.58984365503858,-10.2676070573026));
#4158=CARTESIAN_POINT('Ctrl Pts',(20.4376010092541,5.07669861089063,-10.188411510643));
#4159=CARTESIAN_POINT('Ctrl Pts',(18.9932441627427,5.582325028783,-10.1092159639834));
#4160=CARTESIAN_POINT('Ctrl Pts',(17.7828768032815,4.64593001156841,-10.0300204173237));
#4161=CARTESIAN_POINT('Ctrl Pts',(17.909543906288,3.12087912250231,-9.95082487066407));
#4162=CARTESIAN_POINT('Ctrl Pts',(19.2578098514385,2.39699810755138,-9.87162932400442));
#4163=CARTESIAN_POINT('Ctrl Pts',(20.5989584338664,3.13398199391938,-9.79243377734479));
#4164=CARTESIAN_POINT('Ctrl Pts',(20.7107597426013,4.66019469706271,-9.71323823068514));
#4165=CARTESIAN_POINT('Ctrl Pts',(19.4913257800608,5.58475170127925,-9.6340426840255));
#4166=CARTESIAN_POINT('Ctrl Pts',(18.0519642527467,5.06507572990998,-9.55484713736586));
#4167=CARTESIAN_POINT('Ctrl Pts',(17.7044094559744,3.57476358598862,-9.47565159070622));
#4168=CARTESIAN_POINT('Ctrl Pts',(18.7653989627785,2.47198230794974,-9.39645604404657));
#4169=CARTESIAN_POINT('Ctrl Pts',(20.2680200310873,2.76173080538427,-9.31726049738694));
#4170=CARTESIAN_POINT('Ctrl Pts',(20.8428886530564,4.17995152855013,-9.23806495072728));
#4171=CARTESIAN_POINT('Ctrl Pts',(19.9661079243696,5.4341779557398,-9.15886940406766));
#4172=CARTESIAN_POINT('Ctrl Pts',(18.4367178847294,5.38139188136222,-9.079673857408));
#4173=CARTESIAN_POINT('Ctrl Pts',(17.6484932670922,4.06970487302756,-9.00047831074836));
#4174=CARTESIAN_POINT('Ctrl Pts',(18.3197778340071,2.6944860659931,-8.92128276408872));
#4175=CARTESIAN_POINT('Ctrl Pts',(19.8387892083502,2.50903688874692,-8.84208721742908));
#4176=CARTESIAN_POINT('Ctrl Pts',(20.8212443996771,3.68231998543747,-8.76289167076942));
#4177=CARTESIAN_POINT('Ctrl Pts',(20.371727101363,5.14516905186797,-8.6836961241098));
#4178=CARTESIAN_POINT('Ctrl Pts',(18.9000401672991,5.56428552492266,-8.60450057745015));
#4179=CARTESIAN_POINT('Ctrl Pts',(17.7470998074802,4.55802254194795,-8.52530503079051));
#4180=CARTESIAN_POINT('Ctrl Pts',(17.9641504773355,3.04282702157868,-8.44610948413086));
#4181=CARTESIAN_POINT('Ctrl Pts',(19.3523564423461,2.40068470655335,-8.36691393747124));
#4182=CARTESIAN_POINT('Ctrl Pts',(20.6485981151541,3.21458284333133,-8.28771839081156));
#4183=CARTESIAN_POINT('Ctrl Pts',(20.6676409380501,4.74722591794751,-8.20852284415194));
#4184=CARTESIAN_POINT('Ctrl Pts',(19.8228886453779,5.31030459538044,-8.15572581304551));
#4185=CARTESIAN_POINT('Ctrl Pts',(19.3745142409491,5.35161014407952,-8.12932729749229));
#4186=CARTESIAN_POINT('Ctrl Pts',(18.1512035528091,4.94637715988484,-17.6071946999795));
#4187=CARTESIAN_POINT('Ctrl Pts',(17.8372585167444,4.58186953558519,-17.5807961844263));
#4188=CARTESIAN_POINT('Ctrl Pts',(17.6059106794135,3.52217823081165,-17.5279991533199));
#4189=CARTESIAN_POINT('Ctrl Pts',(18.7580006185729,2.35839159817978,-17.4488036066603));
#4190=CARTESIAN_POINT('Ctrl Pts',(20.3582689580888,2.69487541494102,-17.3696080600006));
#4191=CARTESIAN_POINT('Ctrl Pts',(20.9486131538911,4.21865677470734,-17.290412513341));
#4192=CARTESIAN_POINT('Ctrl Pts',(19.9909226069974,5.54425133131338,-17.2112169666813));
#4193=CARTESIAN_POINT('Ctrl Pts',(18.3580250943609,5.4619617203477,-17.1320214200217));
#4194=CARTESIAN_POINT('Ctrl Pts',(17.5380021181966,4.04763222460307,-17.052825873362));
#4195=CARTESIAN_POINT('Ctrl Pts',(18.278180417968,2.58974312621064,-16.9736303267024));
#4196=CARTESIAN_POINT('Ctrl Pts',(19.9040051867116,2.41714277317931,-16.8944347800427));
#4197=CARTESIAN_POINT('Ctrl Pts',(20.9338162692285,3.68700822165471,-16.8152392333831));
#4198=CARTESIAN_POINT('Ctrl Pts',(20.4291131337841,5.24213379023918,-16.7360436867235));
#4199=CARTESIAN_POINT('Ctrl Pts',(18.8498483189449,5.66525371009161,-16.6568481400638));
#4200=CARTESIAN_POINT('Ctrl Pts',(17.6352538427772,4.57078242042742,-16.5776525934042));
#4201=CARTESIAN_POINT('Ctrl Pts',(17.8922272691918,2.95613661863581,-16.4984570467446));
#4202=CARTESIAN_POINT('Ctrl Pts',(19.3865806682264,2.29279713145007,-16.4192615000849));
#4203=CARTESIAN_POINT('Ctrl Pts',(20.7564639324858,3.18528329818591,-16.3400659534253));
#4204=CARTESIAN_POINT('Ctrl Pts',(20.7534602975892,4.82024624920164,-16.2608704067656));
#4205=CARTESIAN_POINT('Ctrl Pts',(19.3803070890187,5.70769336768821,-16.181674860106));
#4206=CARTESIAN_POINT('Ctrl Pts',(17.8884010213369,5.03886714219243,-16.1024793134463));
#4207=CARTESIAN_POINT('Ctrl Pts',(17.637361955998,3.42328930096268,-16.0232837667867));
#4208=CARTESIAN_POINT('Ctrl Pts',(18.8559695064902,2.33328567590148,-15.9440882201271));
#4209=CARTESIAN_POINT('Ctrl Pts',(20.4336691574637,2.76221002832513,-15.8648926734674));
#4210=CARTESIAN_POINT('Ctrl Pts',(20.9326547227821,4.31917043568185,-15.7856971268078));
#4211=CARTESIAN_POINT('Ctrl Pts',(19.8981853199595,5.58526101054702,-15.7065015801481));
#4212=CARTESIAN_POINT('Ctrl Pts',(18.2730047118489,5.40665450283223,-15.6273060334885));
#4213=CARTESIAN_POINT('Ctrl Pts',(17.5381899395684,3.94612050951421,-15.5481104868288));
#4214=CARTESIAN_POINT('Ctrl Pts',(18.3634002908891,2.5346885525428,-15.4689149401692));
#4215=CARTESIAN_POINT('Ctrl Pts',(19.9965962083633,2.45863995630873,-15.3897193935096));
#4216=CARTESIAN_POINT('Ctrl Pts',(20.9493960531786,3.78728014451053,-15.3105238468499));
#4217=CARTESIAN_POINT('Ctrl Pts',(20.3534840407524,5.30977847526412,-15.2313283001903));
#4218=CARTESIAN_POINT('Ctrl Pts',(18.751933104428,5.63863542316367,-15.1521327535306));
#4219=CARTESIAN_POINT('Ctrl Pts',(17.6042858390175,4.47415354351644,-15.072937206871));
#4220=CARTESIAN_POINT('Ctrl Pts',(17.9564284724835,2.87756096571537,-14.9937416602113));
#4221=CARTESIAN_POINT('Ctrl Pts',(19.487442599214,2.30388158002679,-14.9145461135517));
#4222=CARTESIAN_POINT('Ctrl Pts',(20.8020679870571,3.27592704370153,-14.8353505668921));
#4223=CARTESIAN_POINT('Ctrl Pts',(20.7022461127045,4.90784244812912,-14.7561550202324));
#4224=CARTESIAN_POINT('Ctrl Pts',(19.278947718458,5.71241312541322,-14.6769594735727));
#4225=CARTESIAN_POINT('Ctrl Pts',(17.8292683786207,4.9564090874222,-14.5977639269131));
#4226=CARTESIAN_POINT('Ctrl Pts',(17.6743454340783,3.32880005111662,-14.5185683802535));
#4227=CARTESIAN_POINT('Ctrl Pts',(18.9553649260266,2.31287615876139,-14.4393728335938));
#4228=CARTESIAN_POINT('Ctrl Pts',(20.5048944170237,2.83448007970112,-14.3601772869342));
#4229=CARTESIAN_POINT('Ctrl Pts',(20.9108000543588,4.41825812835224,-14.2809817402745));
#4230=CARTESIAN_POINT('Ctrl Pts',(19.8031675544913,5.62086468872301,-14.2017861936149));
#4231=CARTESIAN_POINT('Ctrl Pts',(18.1914164596199,5.34632743808011,-14.1225906469553));
#4232=CARTESIAN_POINT('Ctrl Pts',(17.5443850825587,3.84484061132873,-14.0433951002956));
#4233=CARTESIAN_POINT('Ctrl Pts',(18.4517330048923,2.4847553045753,-13.964199553636));
#4234=CARTESIAN_POINT('Ctrl Pts',(20.0865661760339,2.50555906252303,-13.8850040069763));
#4235=CARTESIAN_POINT('Ctrl Pts',(20.9590108775955,3.8882927811134,-13.8058084603167));
#4236=CARTESIAN_POINT('Ctrl Pts',(20.2739814368929,5.37282872179664,-13.726612913657));
#4237=CARTESIAN_POINT('Ctrl Pts',(18.6557662388456,5.60626365195609,-13.6474173669974));
#4238=CARTESIAN_POINT('Ctrl Pts',(17.5790945321777,4.3758611446966,-13.5682218203378));
#4239=CARTESIAN_POINT('Ctrl Pts',(18.0251703366097,2.80292482350937,-13.4890262736781));
#4240=CARTESIAN_POINT('Ctrl Pts',(19.5874710606235,2.32091990490845,-13.4098307270185));
#4241=CARTESIAN_POINT('Ctrl Pts',(20.8422240343134,3.36911228649966,-13.3306351803588));
#4242=CARTESIAN_POINT('Ctrl Pts',(20.645934305675,4.99225203286799,-13.2514396336992));
#4243=CARTESIAN_POINT('Ctrl Pts',(19.1774867377329,5.71112200303964,-13.1722440870396));
#4244=CARTESIAN_POINT('Ctrl Pts',(17.7751227345199,4.8705938974406,-13.0930485403799));
#4245=CARTESIAN_POINT('Ctrl Pts',(17.7168597163342,3.23666681384065,-13.0138529937203));
#4246=CARTESIAN_POINT('Ctrl Pts',(19.0557945624668,2.29838872520087,-12.9346574470606));
#4247=CARTESIAN_POINT('Ctrl Pts',(20.5717147930755,2.91084129335692,-12.855461900401));
#4248=CARTESIAN_POINT('Ctrl Pts',(20.8831157074821,4.51587766812115,-12.7762663537413));
#4249=CARTESIAN_POINT('Ctrl Pts',(19.706208080923,5.65077886750213,-12.6970708070817));
#4250=CARTESIAN_POINT('Ctrl Pts',(18.1135440078458,5.28127454528214,-12.6178752604221));
#4251=CARTESIAN_POINT('Ctrl Pts',(17.5565672114301,3.74410534767768,-12.5386797137624));
#4252=CARTESIAN_POINT('Ctrl Pts',(18.542867765929,2.44014081211519,-12.4594841671028));
#4253=CARTESIAN_POINT('Ctrl Pts',(20.173599660313,2.55772389953911,-12.3802886204431));
#4254=CARTESIAN_POINT('Ctrl Pts',(20.9626267957634,3.9896975282532,-12.3010930737835));
#4255=CARTESIAN_POINT('Ctrl Pts',(20.1908844915815,5.43106011613505,-12.2218975271238));
#4256=CARTESIAN_POINT('Ctrl Pts',(18.5616852304507,5.56825363398628,-12.1427019804642));
#4257=CARTESIAN_POINT('Ctrl Pts',(17.5597683753979,4.27624941210047,-12.0635064338045));
#4258=CARTESIAN_POINT('Ctrl Pts',(18.0982115521425,2.73249060994684,-11.9843108871449));
#4259=CARTESIAN_POINT('Ctrl Pts',(19.6863149437013,2.34385207412082,-11.9051153404853));
#4260=CARTESIAN_POINT('Ctrl Pts',(20.8767911161436,3.46451204782237,-11.8259197938256));
#4261=CARTESIAN_POINT('Ctrl Pts',(20.5847225421045,5.07317865152507,-11.746724247166));
#4262=CARTESIAN_POINT('Ctrl Pts',(19.0762802903568,5.70382456402426,-11.6675287005063));
#4263=CARTESIAN_POINT('Ctrl Pts',(17.7261541495935,4.78172278122735,-11.5883331538467));
#4264=CARTESIAN_POINT('Ctrl Pts',(17.7647555704382,3.14721300024763,-11.5091376071871));
#4265=CARTESIAN_POINT('Ctrl Pts',(19.1569058915913,2.28987422407867,-11.4299420605274));
#4266=CARTESIAN_POINT('Ctrl Pts',(20.6338957351515,2.99102563128661,-11.3507465138678));
#4267=CARTESIAN_POINT('Ctrl Pts',(20.8496988587531,4.61168639333817,-11.2715509672081));
#4268=CARTESIAN_POINT('Ctrl Pts',(19.6076472427624,5.67489854386326,-11.1923554205485));
#4269=CARTESIAN_POINT('Ctrl Pts',(18.0396607015134,5.21172417035822,-11.1131598738888));
#4270=CARTESIAN_POINT('Ctrl Pts',(17.5746935649225,3.64426831589192,-11.0339643272292));
#4271=CARTESIAN_POINT('Ctrl Pts',(18.6364846761622,2.40100167920463,-10.9547687805696));
#4272=CARTESIAN_POINT('Ctrl Pts',(20.2573911595091,2.61495136033535,-10.8755732339099));
#4273=CARTESIAN_POINT('Ctrl Pts',(20.9602311152211,4.09113843874633,-10.7963776872503));
#4274=CARTESIAN_POINT('Ctrl Pts',(20.1044848886184,5.48426825662018,-10.7171821405906));
#4275=CARTESIAN_POINT('Ctrl Pts',(18.4700203188861,5.52473879060023,-10.637986593931));
#4276=CARTESIAN_POINT('Ctrl Pts',(17.5463752066407,4.1756679991113,-10.5587910472714));
#4277=CARTESIAN_POINT('Ctrl Pts',(18.1752957325156,2.666505560593,-10.4795955006117));
#4278=CARTESIAN_POINT('Ctrl Pts',(19.7836272903652,2.37259759198655,-10.4003999539521));
#4279=CARTESIAN_POINT('Ctrl Pts',(20.9056478964084,3.56179145904846,-10.3212044072924));
#4280=CARTESIAN_POINT('Ctrl Pts',(20.5188256853536,5.1503382383791,-10.2420088606328));
#4281=CARTESIAN_POINT('Ctrl Pts',(18.9756836272132,5.69054642380168,-10.1628133139731));
#4282=CARTESIAN_POINT('Ctrl Pts',(17.6825345119539,4.69010769040481,-10.0836177673135));
#4283=CARTESIAN_POINT('Ctrl Pts',(17.8178648733561,3.06075260865577,-10.0044222206539));
#4284=CARTESIAN_POINT('Ctrl Pts',(19.2583439977119,2.28736254098779,-9.92522667399419));
#4285=CARTESIAN_POINT('Ctrl Pts',(20.6912189750825,3.0747516366764,-9.84603112733457));
#4286=CARTESIAN_POINT('Ctrl Pts',(20.8106668124231,4.70534799350965,-9.76683558067491));
#4287=CARTESIAN_POINT('Ctrl Pts',(19.5078309936529,5.69313906591733,-9.68764003401528));
#4288=CARTESIAN_POINT('Ctrl Pts',(17.9700259041195,5.13792042312706,-9.60844448735562));
#4289=CARTESIAN_POINT('Ctrl Pts',(17.5987004759864,3.54568000511873,-9.529248940696));
#4290=CARTESIAN_POINT('Ctrl Pts',(18.7322552032338,2.36747520401163,-9.45005339403634));
#4291=CARTESIAN_POINT('Ctrl Pts',(20.3376464010916,2.67704073399416,-9.3708578473767));
#4292=CARTESIAN_POINT('Ctrl Pts',(20.951832535639,4.19225911713099,-9.29166230071707));
#4293=CARTESIAN_POINT('Ctrl Pts',(20.0150853450319,5.53226699323328,-9.21246675405741));
#4294=CARTESIAN_POINT('Ctrl Pts',(18.3810943412366,5.4758706728552,-9.13327120739778));
#4295=CARTESIAN_POINT('Ctrl Pts',(17.5389599603351,4.07447226181394,-9.05407566073814));
#4296=CARTESIAN_POINT('Ctrl Pts',(18.2561563032534,2.60519686397421,-8.97488011407849));
#4297=CARTESIAN_POINT('Ctrl Pts',(19.8790588042552,2.40706409245911,-8.89568456741885));
#4298=CARTESIAN_POINT('Ctrl Pts',(20.9287079471501,3.66059260723126,-8.8164890207592));
#4299=CARTESIAN_POINT('Ctrl Pts',(20.4484464033594,5.22349164050875,-8.73729347409957));
#4300=CARTESIAN_POINT('Ctrl Pts',(18.8761050461283,5.6712731277446,-8.65809792743992));
#4301=CARTESIAN_POINT('Ctrl Pts',(17.644310587535,4.59618788525162,-8.57890238078028));
#4302=CARTESIAN_POINT('Ctrl Pts',(17.8762062012888,2.97736221939539,-8.49970683412063));
#4303=CARTESIAN_POINT('Ctrl Pts',(19.3593569996137,2.29130128090874,-8.42051128746099));
#4304=CARTESIAN_POINT('Ctrl Pts',(20.744253708246,3.16086509329885,-8.34131574080135));
#4305=CARTESIAN_POINT('Ctrl Pts',(20.7645989442502,4.79833161985036,-8.2621201941417));
#4306=CARTESIAN_POINT('Ctrl Pts',(19.8620707396161,5.39992144946036,-8.20932316303528));
#4307=CARTESIAN_POINT('Ctrl Pts',(19.3830302566918,5.44405204612425,-8.18292464748206));
#4308=CARTESIAN_POINT('Ctrl Pts',(18.0808634055748,5.00696009035902,-17.6607920499693));
#4309=CARTESIAN_POINT('Ctrl Pts',(17.7468209801195,4.61911828070884,-17.6343935344161));
#4310=CARTESIAN_POINT('Ctrl Pts',(17.5006632651432,3.49159016904428,-17.5815965033097));
#4311=CARTESIAN_POINT('Ctrl Pts',(18.7265049680206,2.25330300148815,-17.50240095665));
#4312=CARTESIAN_POINT('Ctrl Pts',(20.4292154940796,2.61132704189449,-17.4232054099904));
#4313=CARTESIAN_POINT('Ctrl Pts',(21.0573509457216,4.23265422597869,-17.3440098633308));
#4314=CARTESIAN_POINT('Ctrl Pts',(20.0383532347526,5.64310755376386,-17.2648143166711));
#4315=CARTESIAN_POINT('Ctrl Pts',(18.3009247584867,5.55555012147786,-17.1856187700115));
#4316=CARTESIAN_POINT('Ctrl Pts',(17.4284074945712,4.05068143148779,-17.1064232233518));
#4317=CARTESIAN_POINT('Ctrl Pts',(18.2159687748015,2.49946464342697,-17.0272276766922));
#4318=CARTESIAN_POINT('Ctrl Pts',(19.9458717410155,2.31581516999128,-16.9480321300325));
#4319=CARTESIAN_POINT('Ctrl Pts',(21.0416068291596,3.66697185565788,-16.8688365833729));
#4320=CARTESIAN_POINT('Ctrl Pts',(20.5045948043413,5.32164976784673,-16.7896410367132));
#4321=CARTESIAN_POINT('Ctrl Pts',(18.8242323568316,5.77185597609792,-16.7104454900536));
#4322=CARTESIAN_POINT('Ctrl Pts',(17.5318848496071,4.60732141688509,-16.631249943394));
#4323=CARTESIAN_POINT('Ctrl Pts',(17.8053085919064,2.88931304623955,-16.5520543967343));
#4324=CARTESIAN_POINT('Ctrl Pts',(19.3953239658016,2.18350946362083,-16.4728588500747));
#4325=CARTESIAN_POINT('Ctrl Pts',(20.8529011707796,3.1331286949322,-16.393663303415));
#4326=CARTESIAN_POINT('Ctrl Pts',(20.8497052563017,4.87275482991711,-16.3144677567554));
#4327=CARTESIAN_POINT('Ctrl Pts',(19.3886487794662,5.817012435129,-16.2352722100957));
#4328=CARTESIAN_POINT('Ctrl Pts',(17.8012374043831,5.10537087718855,-16.1560766634361));
#4329=CARTESIAN_POINT('Ctrl Pts',(17.5341279150246,3.3863708020127,-16.0768811167764));
#4330=CARTESIAN_POINT('Ctrl Pts',(18.8307453960563,2.22658990776875,-15.9976855701168));
#4331=CARTESIAN_POINT('Ctrl Pts',(20.5094424847487,2.68297212300127,-15.9184900234572));
#4332=CARTESIAN_POINT('Ctrl Pts',(21.0403709255852,4.33960233232301,-15.8392944767975));
#4333=CARTESIAN_POINT('Ctrl Pts',(19.9396793118245,5.68674249346561,-15.7600989301379));
#4334=CARTESIAN_POINT('Ctrl Pts',(18.2104617425925,5.49670237756818,-15.6809033834783));
#4335=CARTESIAN_POINT('Ctrl Pts',(17.4286073394465,3.94267137996582,-15.6017078368186));
#4336=CARTESIAN_POINT('Ctrl Pts',(18.3066440516092,2.44088571652008,-15.522512290159));
#4337=CARTESIAN_POINT('Ctrl Pts',(20.0443900352864,2.35996882145802,-15.4433167434993));
#4338=CARTESIAN_POINT('Ctrl Pts',(21.0581839628006,3.77366274886547,-15.3641211968397));
#4339=CARTESIAN_POINT('Ctrl Pts',(20.4241242672435,5.39362477002589,-15.28492565018));
#4340=CARTESIAN_POINT('Ctrl Pts',(18.7200490381329,5.74353370275247,-15.2057301035204));
#4341=CARTESIAN_POINT('Ctrl Pts',(17.4989344095649,4.50450678150503,-15.1265345568607));
#4342=CARTESIAN_POINT('Ctrl Pts',(17.8736196756984,2.8057073233643,-15.0473390102011));
#4343=CARTESIAN_POINT('Ctrl Pts',(19.5026426368835,2.19530349016068,-14.9681434635415));
#4344=CARTESIAN_POINT('Ctrl Pts',(20.9014245976526,3.22957505695768,-14.8889479168818));
#4345=CARTESIAN_POINT('Ctrl Pts',(20.7952125630868,4.96595855473847,-14.8097523702222));
#4346=CARTESIAN_POINT('Ctrl Pts',(19.2808008249034,5.82203433112005,-14.7305568235625));
#4347=CARTESIAN_POINT('Ctrl Pts',(17.7383193482669,5.01763421806169,-14.6513612769029));
#4348=CARTESIAN_POINT('Ctrl Pts',(17.5734789137682,3.28583276327292,-14.5721657302432));
#4349=CARTESIAN_POINT('Ctrl Pts',(18.936503676032,2.20487386252304,-14.4929701835836));
#4350=CARTESIAN_POINT('Ctrl Pts',(20.5852272741991,2.75986858727421,-14.413774636924));
#4351=CARTESIAN_POINT('Ctrl Pts',(21.0171172167859,4.44503318610333,-14.3345790902643));
#4352=CARTESIAN_POINT('Ctrl Pts',(19.8385789242019,5.72462536354414,-14.2553835436047));
#4353=CARTESIAN_POINT('Ctrl Pts',(18.1236505669648,5.43251343773654,-14.176187996945));
#4354=CARTESIAN_POINT('Ctrl Pts',(17.4351990684208,3.83490798525242,-14.0969924502854));
#4355=CARTESIAN_POINT('Ctrl Pts',(18.4006314399831,2.38775596020666,-14.0177969036258));
#4356=CARTESIAN_POINT('Ctrl Pts',(20.1401194871534,2.40989148383384,-13.9386013569661));
#4357=CARTESIAN_POINT('Ctrl Pts',(21.0684142862635,3.88114177307756,-13.8594058103065));
#4358=CARTESIAN_POINT('Ctrl Pts',(20.3395322540805,5.46071121783626,-13.7802102636468));
#4359=CARTESIAN_POINT('Ctrl Pts',(18.6177259900279,5.70908963220428,-13.7010147169872));
#4360=CARTESIAN_POINT('Ctrl Pts',(17.4721304653375,4.39992213281245,-13.6218191703276));
#4361=CARTESIAN_POINT('Ctrl Pts',(17.9467620935907,2.72629330146532,-13.5426236236679));
#4362=CARTESIAN_POINT('Ctrl Pts',(19.6090744833068,2.21343253415038,-13.4634280770083));
#4363=CARTESIAN_POINT('Ctrl Pts',(20.9441512595878,3.32872561181633,-13.3842325303486));
#4364=CARTESIAN_POINT('Ctrl Pts',(20.735295920232,5.05577167225513,-13.305036983689));
#4365=CARTESIAN_POINT('Ctrl Pts',(19.1728447555374,5.82066055673382,-13.2258414370293));
#4366=CARTESIAN_POINT('Ctrl Pts',(17.6807075366262,4.9263255145966,-13.1466458903697));
#4367=CARTESIAN_POINT('Ctrl Pts',(17.6187147746032,3.1878015587331,-13.06745034371));
#4368=CARTESIAN_POINT('Ctrl Pts',(19.0433623789584,2.18945900677045,-12.9882547970504));
#4369=CARTESIAN_POINT('Ctrl Pts',(20.6563251987465,2.84111811215933,-12.9090592503907));
#4370=CARTESIAN_POINT('Ctrl Pts',(20.987660638992,4.54890190224866,-12.8298637037311));
#4371=CARTESIAN_POINT('Ctrl Pts',(19.735412528811,5.75645451733533,-12.7506681570715));
#4372=CARTESIAN_POINT('Ctrl Pts',(18.0407930611007,5.3632961429976,-12.6714726104118));
#4373=CARTESIAN_POINT('Ctrl Pts',(17.4481610439512,3.72772409019653,-12.5922770637522));
#4374=CARTESIAN_POINT('Ctrl Pts',(18.4976002501977,2.3402854428873,-12.5130815170925));
#4375=CARTESIAN_POINT('Ctrl Pts',(20.2327244747935,2.46539568577556,-12.4338859704329));
#4376=CARTESIAN_POINT('Ctrl Pts',(21.0722616797124,3.98903800902978,-12.3546904237732));
#4377=CARTESIAN_POINT('Ctrl Pts',(20.2511158054317,5.52267033159158,-12.2754948771136));
#4378=CARTESIAN_POINT('Ctrl Pts',(18.5176223265731,5.66864637897311,-12.196299330454));
#4379=CARTESIAN_POINT('Ctrl Pts',(17.4515671324484,4.29393369236021,-12.1171037837943));
#4380=CARTESIAN_POINT('Ctrl Pts',(18.0244790885801,2.65135019732075,-12.0379082371347));
#4381=CARTESIAN_POINT('Ctrl Pts',(19.7142459198697,2.23783272063103,-11.958712690475));
#4382=CARTESIAN_POINT('Ctrl Pts',(20.980931174952,3.43023244899891,-11.8795171438154));
#4383=CARTESIAN_POINT('Ctrl Pts',(20.6701656470294,5.14187885942066,-11.8003215971558));
#4384=CARTESIAN_POINT('Ctrl Pts',(19.0651595136332,5.81289596755965,-11.7211260504961));
#4385=CARTESIAN_POINT('Ctrl Pts',(17.6286041968666,4.83176525785574,-11.6419305038365));
#4386=CARTESIAN_POINT('Ctrl Pts',(17.6696767120006,3.09262130287238,-11.5627349571768));
#4387=CARTESIAN_POINT('Ctrl Pts',(19.1509464135562,2.18039944449147,-11.4835394105172));
#4388=CARTESIAN_POINT('Ctrl Pts',(20.7224866930275,2.92643550102879,-11.4043438638575));
#4389=CARTESIAN_POINT('Ctrl Pts',(20.952104589626,4.65084388340705,-11.3251483171979));
#4390=CARTESIAN_POINT('Ctrl Pts',(19.6305422564641,5.78211822998346,-11.2459527705382));
#4391=CARTESIAN_POINT('Ctrl Pts',(17.9621800683382,5.28929345697925,-11.1667572238786));
#4392=CARTESIAN_POINT('Ctrl Pts',(17.467447767389,3.621495927885,-11.087561677219));
#4393=CARTESIAN_POINT('Ctrl Pts',(18.5972101059544,2.29864079371067,-11.0083661305593));
#4394=CARTESIAN_POINT('Ctrl Pts',(20.3218799396316,2.52628659855013,-10.9291705838997));
#4395=CARTESIAN_POINT('Ctrl Pts',(21.06971263817,4.0969727233552,-10.84997503724));
#4396=CARTESIAN_POINT('Ctrl Pts',(20.1591852774197,5.5792846247316,-10.7707794905804));
#4397=CARTESIAN_POINT('Ctrl Pts',(18.4200894279103,5.62234590545649,-10.6915839439208));
#4398=CARTESIAN_POINT('Ctrl Pts',(17.4373165915503,4.18691349681329,-10.6123883972611));
#4399=CARTESIAN_POINT('Ctrl Pts',(18.1064978613527,2.58114107343638,-10.5331928506015));
#4400=CARTESIAN_POINT('Ctrl Pts',(19.8177877777497,2.26841840094374,-10.4539973039418));
#4401=CARTESIAN_POINT('Ctrl Pts',(21.0116352401965,3.53373926305834,-10.3748017572822));
#4402=CARTESIAN_POINT('Ctrl Pts',(20.6000503614531,5.22397786586757,-10.2956062106225));
#4403=CARTESIAN_POINT('Ctrl Pts',(18.9581230916837,5.79876781882036,-10.2164106639629));
#4404=CARTESIAN_POINT('Ctrl Pts',(17.5821922206262,4.7342853692412,-10.1372151173033));
#4405=CARTESIAN_POINT('Ctrl Pts',(17.7261858404242,3.00062609480924,-10.0580195706436));
#4406=CARTESIAN_POINT('Ctrl Pts',(19.2588781439854,2.1777269744242,-9.97882402398398));
#4407=CARTESIAN_POINT('Ctrl Pts',(20.7834795162985,3.01552127943341,-9.89962847732432));
#4408=CARTESIAN_POINT('Ctrl Pts',(20.9105738822449,4.75050128995659,-9.8204329306647));
#4409=CARTESIAN_POINT('Ctrl Pts',(19.524336207245,5.80152643055542,-9.74123738400504));
#4410=CARTESIAN_POINT('Ctrl Pts',(17.8880875554923,5.21076511634412,-9.66204183734541));
#4411=CARTESIAN_POINT('Ctrl Pts',(17.4929914959984,3.51659642424885,-9.58284629068576));
#4412=CARTESIAN_POINT('Ctrl Pts',(18.699111443689,2.26296810007351,-9.50365074402611));
#4413=CARTESIAN_POINT('Ctrl Pts',(20.407272771096,2.59235066260407,-9.42445519736647));
#4414=CARTESIAN_POINT('Ctrl Pts',(21.0607764182215,4.20456670571183,-9.34525965070683));
#4415=CARTESIAN_POINT('Ctrl Pts',(20.0640627656942,5.6303560307268,-9.26606410404719));
#4416=CARTESIAN_POINT('Ctrl Pts',(18.3254707977437,5.57034946434816,-9.18686855738755));
#4417=CARTESIAN_POINT('Ctrl Pts',(17.429426653578,4.07923965060033,-9.10767301072789));
#4418=CARTESIAN_POINT('Ctrl Pts',(18.1925347724997,2.51590766195532,-9.02847746406827));
#4419=CARTESIAN_POINT('Ctrl Pts',(19.9193284001604,2.3050912961713,-8.94928191740861));
#4420=CARTESIAN_POINT('Ctrl Pts',(21.0361714946231,3.63886522902505,-8.87008637074897));
#4421=CARTESIAN_POINT('Ctrl Pts',(20.5251657053559,5.30181422914953,-8.79089082408933));
#4422=CARTESIAN_POINT('Ctrl Pts',(18.8521699249576,5.77826073056654,-8.71169527742969));
#4423=CARTESIAN_POINT('Ctrl Pts',(17.5415213675898,4.63435322855528,-8.63249973077005));
#4424=CARTESIAN_POINT('Ctrl Pts',(17.7882619252421,2.9118974172121,-8.55330418411041));
#4425=CARTESIAN_POINT('Ctrl Pts',(19.3663575568812,2.18191785526412,-8.47410863745076));
#4426=CARTESIAN_POINT('Ctrl Pts',(20.839909301338,3.10714734326638,-8.39491309079113));
#4427=CARTESIAN_POINT('Ctrl Pts',(20.8615569504503,4.8494373217532,-8.31571754413147));
#4428=CARTESIAN_POINT('Ctrl Pts',(19.9012528338542,5.48953830354028,-8.26292051302505));
#4429=CARTESIAN_POINT('Ctrl Pts',(19.3915462724345,5.53649394816898,-8.23652199747183));
#4430=CARTESIAN_POINT('Ctrl Pts',(19.3915462724345,5.53649394816898,-8.23652199747183));
#4431=CARTESIAN_POINT('Ctrl Pts',(19.431058454529,5.51594729735406,-8.22892846718973));
#4432=CARTESIAN_POINT('Ctrl Pts',(19.4671686839343,5.48959772798598,-8.21869849153465));
#4433=CARTESIAN_POINT('Ctrl Pts',(19.5759135561063,5.39186752520852,-8.18030432687274));
#4434=CARTESIAN_POINT('Ctrl Pts',(19.6445827789175,5.29672234285521,-8.14204046273694));
#4435=CARTESIAN_POINT('Ctrl Pts',(19.7031967606807,5.1804969064375,-8.0975890696026));
#4436=CARTESIAN_POINT('Ctrl Pts',(18.2918838472776,4.82521129893648,-17.5));
#4437=CARTESIAN_POINT('Ctrl Pts',(18.2550031414235,4.79076962111218,-17.5));
#4438=CARTESIAN_POINT('Ctrl Pts',(18.2205029561817,4.75408937411209,-17.5));
#4439=CARTESIAN_POINT('Ctrl Pts',(18.1883842795064,4.71549049319272,-17.5));
#4440=CARTESIAN_POINT('Ctrl Pts',(18.1548212033783,4.67515579348366,-17.5));
#4441=CARTESIAN_POINT('Ctrl Pts',(18.12385802904,4.63272555893369,-17.5));
#4442=CARTESIAN_POINT('Ctrl Pts',(18.0955239834952,4.58851512112817,-17.5));
#4443=CARTESIAN_POINT('Ctrl Pts',(18.0725314117931,4.55263914077739,-17.5));
#4444=CARTESIAN_POINT('Ctrl Pts',(18.0512705620765,4.51558973243027,-17.5));
#4445=CARTESIAN_POINT('Ctrl Pts',(18.0317739982214,4.47751672703036,-17.5));
#4446=CARTESIAN_POINT('Ctrl Pts',(18.0227780105481,4.45994930900692,-17.5));
#4447=CARTESIAN_POINT('Ctrl Pts',(18.0141578737,4.44216376417448,-17.5));
#4448=CARTESIAN_POINT('Ctrl Pts',(18.0059180366004,4.42417392079947,-17.5));
#4449=CARTESIAN_POINT('Ctrl Pts',(18.0014718078637,4.41446657372271,-17.5));
#4450=CARTESIAN_POINT('Ctrl Pts',(17.9971393251987,4.404706125247,-17.5));
#4451=CARTESIAN_POINT('Ctrl Pts',(17.992924098817,4.39490274756655,-17.5));
#4452=CARTESIAN_POINT('Ctrl Pts',(17.9713928746688,4.34482744836966,-17.5));
#4453=CARTESIAN_POINT('Ctrl Pts',(17.9528903228076,4.29357467793115,-17.5));
#4454=CARTESIAN_POINT('Ctrl Pts',(17.9374448082994,4.24147532229357,-17.5));
#4455=CARTESIAN_POINT('Ctrl Pts',(17.9217352165395,4.18848520612851,-17.5));
#4456=CARTESIAN_POINT('Ctrl Pts',(17.9091875018305,4.13461837044713,-17.5));
#4457=CARTESIAN_POINT('Ctrl Pts',(17.8998726686837,4.08018915123947,-17.5));
#4458=CARTESIAN_POINT('Ctrl Pts',(17.8931678680367,4.04101109421975,-17.5));
#4459=CARTESIAN_POINT('Ctrl Pts',(17.8881388917293,4.00154089796272,-17.5));
#4460=CARTESIAN_POINT('Ctrl Pts',(17.8848276963777,3.96188955006546,-17.5));
#4461=CARTESIAN_POINT('Ctrl Pts',(17.8837274507543,3.94871418064326,-17.5));
#4462=CARTESIAN_POINT('Ctrl Pts',(17.8828169797904,3.93551878433448,-17.5));
#4463=CARTESIAN_POINT('Ctrl Pts',(17.8820981727993,3.92230737677314,-17.5));
#4464=CARTESIAN_POINT('Ctrl Pts',(17.8815847470686,3.91287080107992,-17.5));
#4465=CARTESIAN_POINT('Ctrl Pts',(17.8811693758449,3.90342986707604,-17.5));
#4466=CARTESIAN_POINT('Ctrl Pts',(17.880852673112,3.89399445310297,-17.5));
#4467=CARTESIAN_POINT('Ctrl Pts',(17.8789460550126,3.837191245578,-17.5));
#4468=CARTESIAN_POINT('Ctrl Pts',(17.8806066484369,3.78050055283235,-17.5));
#4469=CARTESIAN_POINT('Ctrl Pts',(17.885892396896,3.72425503921451,-17.5));
#4470=CARTESIAN_POINT('Ctrl Pts',(17.8895974533906,3.68482962820026,-17.5));
#4471=CARTESIAN_POINT('Ctrl Pts',(17.8950845615957,3.64562226825709,-17.5));
#4472=CARTESIAN_POINT('Ctrl Pts',(17.9023882171931,3.60674279824127,-17.5));
#4473=CARTESIAN_POINT('Ctrl Pts',(17.9125412090878,3.5526954874564,-17.5));
#4474=CARTESIAN_POINT('Ctrl Pts',(17.9262022480096,3.49928118793864,-17.5));
#4475=CARTESIAN_POINT('Ctrl Pts',(17.9431442225234,3.44670248973649,-17.5));
#4476=CARTESIAN_POINT('Ctrl Pts',(17.9478458583242,3.4321111627558,-17.5));
#4477=CARTESIAN_POINT('Ctrl Pts',(17.9528004788778,3.4175842235824,-17.5));
#4478=CARTESIAN_POINT('Ctrl Pts',(17.9580039150529,3.40312612008885,-17.5));
#4479=CARTESIAN_POINT('Ctrl Pts',(17.9621654418725,3.39156303303927,-17.5));
#4480=CARTESIAN_POINT('Ctrl Pts',(17.9664871002906,3.38004186495716,-17.5));
#4481=CARTESIAN_POINT('Ctrl Pts',(17.9709580665996,3.36858634602028,-17.5));
#4482=CARTESIAN_POINT('Ctrl Pts',(17.9915683523031,3.31577863022492,-17.5));
#4483=CARTESIAN_POINT('Ctrl Pts',(18.0153808789548,3.26426756581683,-17.5));
#4484=CARTESIAN_POINT('Ctrl Pts',(18.0421085305961,3.21426026616312,-17.5));
#4485=CARTESIAN_POINT('Ctrl Pts',(18.0694776028634,3.16305287179562,-17.5));
#4486=CARTESIAN_POINT('Ctrl Pts',(18.0999037449993,3.11342138613716,-17.5));
#4487=CARTESIAN_POINT('Ctrl Pts',(18.133134202669,3.06559388747283,-17.5));
#4488=CARTESIAN_POINT('Ctrl Pts',(18.1539628570897,3.03561589404928,-17.5));
#4489=CARTESIAN_POINT('Ctrl Pts',(18.1758943327163,3.00634679321847,-17.5));
#4490=CARTESIAN_POINT('Ctrl Pts',(18.1988760846509,2.97784633164611,-17.5));
#4491=CARTESIAN_POINT('Ctrl Pts',(18.2097410450794,2.96437232026276,-17.5));
#4492=CARTESIAN_POINT('Ctrl Pts',(18.2208408495012,2.95107015653725,-17.5));
#4493=CARTESIAN_POINT('Ctrl Pts',(18.232170458375,2.93794647708016,-17.5));
#4494=CARTESIAN_POINT('Ctrl Pts',(18.2398649140377,2.92903358601397,-17.5));
#4495=CARTESIAN_POINT('Ctrl Pts',(18.2476653711273,2.9202030233825,-17.5));
#4496=CARTESIAN_POINT('Ctrl Pts',(18.2555703308316,2.91145693350368,-17.5));
#4497=CARTESIAN_POINT('Ctrl Pts',(18.2628946567316,2.90335325998484,-17.5));
#4498=CARTESIAN_POINT('Ctrl Pts',(18.2703021133004,2.89532939381512,-17.5));
#4499=CARTESIAN_POINT('Ctrl Pts',(18.2777909304961,2.88738683495527,-17.5));
#4500=CARTESIAN_POINT('Ctrl Pts',(18.3192543801836,2.84341114679614,-17.5));
#4501=CARTESIAN_POINT('Ctrl Pts',(18.3632088680841,2.80192531555783,-17.5));
#4502=CARTESIAN_POINT('Ctrl Pts',(18.4093967001911,2.76318061869261,-17.5));
#4503=CARTESIAN_POINT('Ctrl Pts',(18.4422717681244,2.73560334382624,-17.5));
#4504=CARTESIAN_POINT('Ctrl Pts',(18.4762793968189,2.70941505804197,-17.5));
#4505=CARTESIAN_POINT('Ctrl Pts',(18.5113399805497,2.68471539396394,-17.5));
#4506=CARTESIAN_POINT('Ctrl Pts',(18.5240770842957,2.67574229225327,-17.5));
#4507=CARTESIAN_POINT('Ctrl Pts',(18.5369545145348,2.66696511865836,-17.5));
#4508=CARTESIAN_POINT('Ctrl Pts',(18.5499510711507,2.65840001626419,-17.5));
#4509=CARTESIAN_POINT('Ctrl Pts',(18.6007387752944,2.62492946716323,-17.5));
#4510=CARTESIAN_POINT('Ctrl Pts',(18.6534009680972,2.59465247765332,-17.5));
#4511=CARTESIAN_POINT('Ctrl Pts',(18.7076976349476,2.5678326156023,-17.5));
#4512=CARTESIAN_POINT('Ctrl Pts',(18.7402841263336,2.55173650410232,-17.5));
#4513=CARTESIAN_POINT('Ctrl Pts',(18.7734601323089,2.53688617627519,-17.5));
#4514=CARTESIAN_POINT('Ctrl Pts',(18.8071797865474,2.52334539417729,-17.5));
#4515=CARTESIAN_POINT('Ctrl Pts',(18.8215519106267,2.51757398860281,-17.5));
#4516=CARTESIAN_POINT('Ctrl Pts',(18.8360228466762,2.51204055693353,-17.5));
#4517=CARTESIAN_POINT('Ctrl Pts',(18.8505872339199,2.50674352842385,-17.5));
#4518=CARTESIAN_POINT('Ctrl Pts',(20.5151104746427,3.99892775441279,-16.6934196736194));
#4519=CARTESIAN_POINT('Ctrl Pts',(20.5158070963436,3.9215819107964,-16.6982946268808));
#4520=CARTESIAN_POINT('Ctrl Pts',(20.509319615765,3.84435271614975,-16.7031695801422));
#4521=CARTESIAN_POINT('Ctrl Pts',(20.4952270780398,3.76853727152881,-16.7080445334036));
#4522=CARTESIAN_POINT('Ctrl Pts',(20.4189141256122,3.35798662895069,-16.7344430489568));
#4523=CARTESIAN_POINT('Ctrl Pts',(20.119593101858,2.98889230425304,-16.76084156451));
#4524=CARTESIAN_POINT('Ctrl Pts',(19.7336545276804,2.82942882727465,-16.7872400800632));
#4525=CARTESIAN_POINT('Ctrl Pts',(19.3477159535028,2.66996535029625,-16.8136385956164));
#4526=CARTESIAN_POINT('Ctrl Pts',(18.8751598289019,2.72013272103711,-16.8400371111696));
#4527=CARTESIAN_POINT('Ctrl Pts',(18.5313130434592,2.95708869291682,-16.8664356267228));
#4528=CARTESIAN_POINT('Ctrl Pts',(18.1874662580164,3.19404466479652,-16.8928341422761));
#4529=CARTESIAN_POINT('Ctrl Pts',(17.9723288117319,3.61778923781509,-16.9192326578293));
#4530=CARTESIAN_POINT('Ctrl Pts',(17.9839324886999,4.03520337553331,-16.9456311733825));
#4531=CARTESIAN_POINT('Ctrl Pts',(17.995536165668,4.45261751325154,-16.9720296889357));
#4532=CARTESIAN_POINT('Ctrl Pts',(18.2338809658886,4.86370121566944,-16.9984282044889));
#4533=CARTESIAN_POINT('Ctrl Pts',(18.5903592968952,5.08120206159924,-17.0248267200421));
#4534=CARTESIAN_POINT('Ctrl Pts',(18.9468376279018,5.29870290752904,-17.0512252355953));
#4535=CARTESIAN_POINT('Ctrl Pts',(19.4214494896945,5.32262089697074,-17.0776237511486));
#4536=CARTESIAN_POINT('Ctrl Pts',(19.7979347903813,5.14193372265029,-17.1040222667018));
#4537=CARTESIAN_POINT('Ctrl Pts',(20.1744200910681,4.96124654832984,-17.130420782255));
#4538=CARTESIAN_POINT('Ctrl Pts',(20.4527788306491,4.57595421024724,-17.1568192978082));
#4539=CARTESIAN_POINT('Ctrl Pts',(20.5061645864191,4.16185975601752,-17.1832178133614));
#4540=CARTESIAN_POINT('Ctrl Pts',(20.5130416652841,4.10851668391504,-17.1866184334474));
#4541=CARTESIAN_POINT('Ctrl Pts',(20.5161854897345,4.05469566274761,-17.1900190535334));
#4542=CARTESIAN_POINT('Ctrl Pts',(20.5157632292689,4.0008271072363,-17.1934196736194));
#4543=CARTESIAN_POINT('Ctrl Pts',(19.0723695036937,5.25196152368274,-8.0572039417974));
#4544=CARTESIAN_POINT('Ctrl Pts',(18.7058009788912,5.19995213860244,-8.03390402738285));
#4545=CARTESIAN_POINT('Ctrl Pts',(18.0245891115334,4.7545752845817,-7.98730419855375));
#4546=CARTESIAN_POINT('Ctrl Pts',(17.8873331717272,3.53723135283483,-7.91740445531011));
#4547=CARTESIAN_POINT('Ctrl Pts',(18.4522704139701,2.95135076546782,-7.87080462648101));
#4548=CARTESIAN_POINT('Ctrl Pts',(18.7980549007929,2.81902333752836,-7.84750471206646));
#4549=CARTESIAN_POINT('Ctrl Pts',(19.0593287515595,5.34387434412445,-8.11080129178717));
#4550=CARTESIAN_POINT('Ctrl Pts',(18.665848579424,5.28804668733073,-8.08750137737262));
#4551=CARTESIAN_POINT('Ctrl Pts',(17.9346255073584,4.80997246838452,-8.04090154854352));
#4552=CARTESIAN_POINT('Ctrl Pts',(17.7872929155854,3.50325716851019,-7.97100180529988));
#4553=CARTESIAN_POINT('Ctrl Pts',(18.3937050548797,2.87436412731909,-7.92440197647078));
#4554=CARTESIAN_POINT('Ctrl Pts',(18.7648753278051,2.73232187436812,-7.90110206205623));
#4555=CARTESIAN_POINT('Ctrl Pts',(19.0462879994252,5.43578716456617,-8.16439864177694));
#4556=CARTESIAN_POINT('Ctrl Pts',(18.6258961799568,5.37614123605903,-8.14109872736239));
#4557=CARTESIAN_POINT('Ctrl Pts',(17.8446619031834,4.86536965218734,-8.0944988985333));
#4558=CARTESIAN_POINT('Ctrl Pts',(17.6872526594436,3.46928298418556,-8.02459915528965));
#4559=CARTESIAN_POINT('Ctrl Pts',(18.3351396957893,2.79737748917036,-7.97799932646055));
#4560=CARTESIAN_POINT('Ctrl Pts',(18.7316957548173,2.64562041120789,-7.954699412046));
#4561=CARTESIAN_POINT('Ctrl Pts',(19.033247247291,5.52769998500788,-8.21799599176671));
#4562=CARTESIAN_POINT('Ctrl Pts',(18.5859437804896,5.46423578478732,-8.19469607735216));
#4563=CARTESIAN_POINT('Ctrl Pts',(17.7546982990083,4.92076683599017,-8.14809624852306));
#4564=CARTESIAN_POINT('Ctrl Pts',(17.5872124033018,3.43530879986092,-8.07819650527942));
#4565=CARTESIAN_POINT('Ctrl Pts',(18.276574336699,2.72039085102163,-8.03159667645032));
#4566=CARTESIAN_POINT('Ctrl Pts',(18.6985161818295,2.55891894804765,-8.00829676203577));
#4567=CARTESIAN_POINT('',(18.5933720484296,2.92002715097132,-7.86189053354346));
#4568=CARTESIAN_POINT('Ctrl Pts',(18.6985161818295,2.55891894804765,-8.00829676203577));
#4569=CARTESIAN_POINT('Ctrl Pts',(18.6806386010832,2.60490112486396,-7.98890022594507));
#4570=CARTESIAN_POINT('Ctrl Pts',(18.6645221080789,2.65185167608535,-7.96932660274668));
#4571=CARTESIAN_POINT('Ctrl Pts',(18.6500112410177,2.69920953415767,-7.94990103744452));
#4572=CARTESIAN_POINT('Ctrl Pts',(18.6462083255475,2.71162077949096,-7.94481010921177));
#4573=CARTESIAN_POINT('Ctrl Pts',(18.6425154857577,2.72406017660331,-7.93972934997772));
#4574=CARTESIAN_POINT('Ctrl Pts',(18.6389294449024,2.736518026828,-7.93466461231768));
#4575=CARTESIAN_POINT('Ctrl Pts',(18.6245761112877,2.7863812848372,-7.91439271017273));
#4576=CARTESIAN_POINT('Ctrl Pts',(18.6118114900617,2.83698935632363,-7.89419032156525));
#4577=CARTESIAN_POINT('Ctrl Pts',(18.6004756758174,2.88792120127304,-7.87438257459451));
#4578=CARTESIAN_POINT('Ctrl Pts',(18.5980819898461,2.89867603900431,-7.87019994377279));
#4579=CARTESIAN_POINT('Ctrl Pts',(18.5957521737402,2.90944541063016,-7.86603490967463));
#4580=CARTESIAN_POINT('Ctrl Pts',(18.5934849423441,2.92022551314102,-7.86189053354346));
#4581=CARTESIAN_POINT('',(18.7238406928564,5.14892059202253,-8.03425368680233));
#4582=CARTESIAN_POINT('Ctrl Pts',(18.7239976072071,5.14833524559764,-8.03425368680233));
#4583=CARTESIAN_POINT('Ctrl Pts',(18.7243803372133,5.14914907891343,-8.03463099010881));
#4584=CARTESIAN_POINT('Ctrl Pts',(18.7247638245374,5.14996259516402,-8.03500823470941));
#4585=CARTESIAN_POINT('Ctrl Pts',(18.7251480703495,5.15077578758961,-8.03538541715421));
#4586=CARTESIAN_POINT('Ctrl Pts',(18.7373185158385,5.17653251356232,-8.04733214042268));
#4587=CARTESIAN_POINT('Ctrl Pts',(18.7503380864527,5.20219398916647,-8.05932660189341));
#4588=CARTESIAN_POINT('Ctrl Pts',(18.7642864297647,5.22746098925262,-8.07121780912708));
#4589=CARTESIAN_POINT('Ctrl Pts',(18.7784093626219,5.25304425299503,-8.0832578570092));
#4590=CARTESIAN_POINT('Ctrl Pts',(18.7934845450597,5.27822269064825,-8.0951920496383));
#4591=CARTESIAN_POINT('Ctrl Pts',(18.8095437386512,5.30266914178884,-8.10686365345366));
#4592=CARTESIAN_POINT('Ctrl Pts',(18.8184849700812,5.31628012269175,-8.11336201903334));
#4593=CARTESIAN_POINT('Ctrl Pts',(18.8277303231336,5.32966393787143,-8.11977898479642));
#4594=CARTESIAN_POINT('Ctrl Pts',(18.8372784560084,5.34276265497828,-8.12608749977507));
#4595=CARTESIAN_POINT('Ctrl Pts',(18.8516042983572,5.36241572838069,-8.13555267922161));
#4596=CARTESIAN_POINT('Ctrl Pts',(18.8668140621366,5.38168939999116,-8.14489866737684));
#4597=CARTESIAN_POINT('Ctrl Pts',(18.8829396049842,5.40024597490342,-8.15396617003471));
#4598=CARTESIAN_POINT('Ctrl Pts',(18.893453802573,5.41234525720629,-8.15987837500564));
#4599=CARTESIAN_POINT('Ctrl Pts',(18.9043563187095,5.42413939503006,-8.16567218693857));
#4600=CARTESIAN_POINT('Ctrl Pts',(18.915644239091,5.43553252856288,-8.1713034502781));
#4601=CARTESIAN_POINT('Ctrl Pts',(18.9310187126976,5.45105030552064,-8.1789733936033));
#4602=CARTESIAN_POINT('Ctrl Pts',(18.9472754521988,5.46600149276964,-8.18642984688628));
#4603=CARTESIAN_POINT('Ctrl Pts',(18.9644374151519,5.48002570594059,-8.19350442698401));
#4604=CARTESIAN_POINT('Ctrl Pts',(18.9812844348312,5.49379255743209,-8.2004491797757));
#4605=CARTESIAN_POINT('Ctrl Pts',(18.9990038960761,5.50666583342063,-8.20702594647121));
#4606=CARTESIAN_POINT('Ctrl Pts',(19.0175680412635,5.51829531777976,-8.21307544496762));
#4607=CARTESIAN_POINT('Ctrl Pts',(19.0227298813472,5.5215289457175,-8.2147575339359));
#4608=CARTESIAN_POINT('Ctrl Pts',(19.0279567219323,5.52466637046473,-8.2163988575934));
#4609=CARTESIAN_POINT('Ctrl Pts',(19.0332472472909,5.52769998500787,-8.21799599176671));
#4610=CARTESIAN_POINT('Ctrl Pts',(18.5934849423441,2.92022551314102,-7.86189053354346));
#4611=CARTESIAN_POINT('Ctrl Pts',(18.3429537653006,3.07431856315603,-7.88039517413234));
#4612=CARTESIAN_POINT('Ctrl Pts',(18.1454428811938,3.31619178292118,-7.89889981472123));
#4613=CARTESIAN_POINT('Ctrl Pts',(18.0514434722557,3.59365186128422,-7.91740445531011));
#4614=CARTESIAN_POINT('Ctrl Pts',(17.9330851516626,3.94301266341712,-7.94070436972466));
#4615=CARTESIAN_POINT('Ctrl Pts',(17.978837131598,4.34879397399941,-7.96400428413921));
#4616=CARTESIAN_POINT('Ctrl Pts',(18.1720160884052,4.66302884279574,-7.98730419855375));
#4617=CARTESIAN_POINT('Ctrl Pts',(18.3017683985227,4.87409065211344,-8.00295402796995));
#4618=CARTESIAN_POINT('Ctrl Pts',(18.4980307969727,5.04385227296566,-8.01860385738614));
#4619=CARTESIAN_POINT('Ctrl Pts',(18.7239976072071,5.14833524559765,-8.03425368680233));
#4620=CARTESIAN_POINT('Ctrl Pts',(19.7433455973291,2.83571035751579,-7.78652539785757));
#4621=CARTESIAN_POINT('Ctrl Pts',(20.0369052106813,2.96010066171185,-7.76646103335053));
#4622=CARTESIAN_POINT('Ctrl Pts',(20.5240905837605,3.44039365022452,-7.72633230433645));
#4623=CARTESIAN_POINT('Ctrl Pts',(20.5604743997533,4.46810568243433,-7.66613921081534));
#4624=CARTESIAN_POINT('Ctrl Pts',(20.1084735292264,4.98164843196897,-7.62601048180126));
#4625=CARTESIAN_POINT('Ctrl Pts',(19.8244453513814,5.12648692326025,-7.60594611729422));
#4626=CARTESIAN_POINT('Ctrl Pts',(19.7795645900419,2.75023397279671,-7.84012274784734));
#4627=CARTESIAN_POINT('Ctrl Pts',(20.0946758976919,2.88375639765142,-7.8200583833403));
#4628=CARTESIAN_POINT('Ctrl Pts',(20.6176280102999,3.39931012092111,-7.77992965432623));
#4629=CARTESIAN_POINT('Ctrl Pts',(20.6566829460381,4.50247168548111,-7.71973656080511));
#4630=CARTESIAN_POINT('Ctrl Pts',(20.171498408069,5.05371620270927,-7.67960783179103));
#4631=CARTESIAN_POINT('Ctrl Pts',(19.8666182867602,5.2091880193794,-7.65954346728399));
#4632=CARTESIAN_POINT('Ctrl Pts',(19.8157835827548,2.66475758807762,-7.89372009783711));
#4633=CARTESIAN_POINT('Ctrl Pts',(20.1524465847025,2.80741213359099,-7.87365573333007));
#4634=CARTESIAN_POINT('Ctrl Pts',(20.7111654368393,3.3582265916177,-7.833527004316));
#4635=CARTESIAN_POINT('Ctrl Pts',(20.7528914923229,4.53683768852789,-7.77333391079488));
#4636=CARTESIAN_POINT('Ctrl Pts',(20.2345232869116,5.12578397344958,-7.7332051817808));
#4637=CARTESIAN_POINT('Ctrl Pts',(19.9087912221391,5.29188911549854,-7.71314081727376));
#4638=CARTESIAN_POINT('Ctrl Pts',(19.8520025754676,2.57928120335853,-7.94731744782688));
#4639=CARTESIAN_POINT('Ctrl Pts',(20.2102172717131,2.73106786953056,-7.92725308331984));
#4640=CARTESIAN_POINT('Ctrl Pts',(20.8047028633787,3.3171430623143,-7.88712435430577));
#4641=CARTESIAN_POINT('Ctrl Pts',(20.8491000386077,4.57120369157467,-7.82693126078465));
#4642=CARTESIAN_POINT('Ctrl Pts',(20.2975481657543,5.19785174418989,-7.78680253177057));
#4643=CARTESIAN_POINT('Ctrl Pts',(19.950964157518,5.37459021161768,-7.76673816726353));
#4644=CARTESIAN_POINT('',(19.9488066178586,2.94662290714298,-7.77180968951577));
#4645=CARTESIAN_POINT('Ctrl Pts',(19.948729356124,2.94675378440336,-7.77180968951577));
#4646=CARTESIAN_POINT('Ctrl Pts',(19.9483832070916,2.94483656689334,-7.77270434672765));
#4647=CARTESIAN_POINT('Ctrl Pts',(19.9480350225561,2.94291978734373,-7.77359918711107));
#4648=CARTESIAN_POINT('Ctrl Pts',(19.9476847950169,2.94100346155679,-7.77449419891298));
#4649=CARTESIAN_POINT('Ctrl Pts',(19.9381598100544,2.88888598860078,-7.79883544281798));
#4650=CARTESIAN_POINT('Ctrl Pts',(19.927089230447,2.83692669946328,-7.82338374915));
#4651=CARTESIAN_POINT('Ctrl Pts',(19.914314217378,2.78553334877705,-7.84788184036416));
#4652=CARTESIAN_POINT('Ctrl Pts',(19.9117466231975,2.77520402328625,-7.85280560491105));
#4653=CARTESIAN_POINT('Ctrl Pts',(19.9091100368336,2.76489764726451,-7.85772734100682));
#4654=CARTESIAN_POINT('Ctrl Pts',(19.906402928669,2.75461766426859,-7.86264495985093));
#4655=CARTESIAN_POINT('Ctrl Pts',(19.8941821988323,2.70821061760332,-7.88484462372892));
#4656=CARTESIAN_POINT('Ctrl Pts',(19.8804372636163,2.66198576775289,-7.9071314214207));
#4657=CARTESIAN_POINT('Ctrl Pts',(19.8650157493279,2.61643883370562,-7.92924356399661));
#4658=CARTESIAN_POINT('Ctrl Pts',(19.8608037091707,2.6039987119603,-7.93528299895415));
#4659=CARTESIAN_POINT('Ctrl Pts',(19.8564668461348,2.59160934134315,-7.94130940487593));
#4660=CARTESIAN_POINT('Ctrl Pts',(19.8520025754676,2.57928120335853,-7.94731744782688));
#4661=CARTESIAN_POINT('',(19.9904305770048,5.02462959403737,-7.61821531063355));
#4662=CARTESIAN_POINT('Ctrl Pts',(19.9903767299749,5.02455259580695,-7.61821531063355));
#4663=CARTESIAN_POINT('Ctrl Pts',(20.1956583814933,4.87519036618073,-7.63418994402748));
#4664=CARTESIAN_POINT('Ctrl Pts',(20.3562708423146,4.66379493727459,-7.65016457742141));
#4665=CARTESIAN_POINT('Ctrl Pts',(20.4414102127895,4.42520603111632,-7.66613921081534));
#4666=CARTESIAN_POINT('Ctrl Pts',(20.5483464610891,4.12553500503103,-7.68620357532238));
#4667=CARTESIAN_POINT('Ctrl Pts',(20.5362185224248,3.78296432762778,-7.70626793982942));
#4668=CARTESIAN_POINT('Ctrl Pts',(20.4083582098228,3.49160574179799,-7.72633230433645));
#4669=CARTESIAN_POINT('Ctrl Pts',(20.3117565509746,3.27147705496727,-7.74149143272956));
#4670=CARTESIAN_POINT('Ctrl Pts',(20.1490927721733,3.08058115081842,-7.75665056112266));
#4671=CARTESIAN_POINT('Ctrl Pts',(19.948729356124,2.9467537844034,-7.77180968951577));
#4672=CARTESIAN_POINT('Ctrl Pts',(19.950964157518,5.37459021161768,-7.76673816726353));
#4673=CARTESIAN_POINT('Ctrl Pts',(19.9580327858208,5.33231239008354,-7.74816244135994));
#4674=CARTESIAN_POINT('Ctrl Pts',(19.9642093217363,5.28977315580623,-7.72965217771385));
#4675=CARTESIAN_POINT('Ctrl Pts',(19.9695697538505,5.2470754408431,-7.71131062140327));
#4676=CARTESIAN_POINT('Ctrl Pts',(19.9714570229439,5.23204268301893,-7.70485303522159));
#4677=CARTESIAN_POINT('Ctrl Pts',(19.973242649407,5.21699031526033,-7.69841636135054));
#4678=CARTESIAN_POINT('Ctrl Pts',(19.9749284479493,5.20192299549412,-7.69200510558523));
#4679=CARTESIAN_POINT('Ctrl Pts',(19.9792791002117,5.16303776266111,-7.67545915202117));
#4680=CARTESIAN_POINT('Ctrl Pts',(19.9829734312974,5.12397037117462,-7.65904582881922));
#4681=CARTESIAN_POINT('Ctrl Pts',(19.9860766865688,5.08478443892357,-7.64286239160306));
#4682=CARTESIAN_POINT('Ctrl Pts',(19.9876644595469,5.06473505242152,-7.63458217548878));
#4683=CARTESIAN_POINT('Ctrl Pts',(19.9890966156381,5.04465471007837,-7.62636213966868));
#4684=CARTESIAN_POINT('Ctrl Pts',(19.9903767299749,5.02455259580693,-7.61821531063356));
#4685=CARTESIAN_POINT('Ctrl Pts',(18.6554751354654,5.11601990817823,-7.52946818707472));
#4686=CARTESIAN_POINT('Ctrl Pts',(18.3895249991357,4.97434325203998,-7.51050469076849));
#4687=CARTESIAN_POINT('Ctrl Pts',(17.9641707301856,4.49373298698566,-7.47257769815601));
#4688=CARTESIAN_POINT('Ctrl Pts',(17.9555327284544,3.52937949848478,-7.41568720923731));
#4689=CARTESIAN_POINT('Ctrl Pts',(18.3722094996789,3.04122691034094,-7.37776021662484));
#4690=CARTESIAN_POINT('Ctrl Pts',(18.6355790868949,2.89480897961523,-7.35879672031861));
#4691=CARTESIAN_POINT('Ctrl Pts',(18.611828061583,5.19795256784019,-7.58306553706449));
#4692=CARTESIAN_POINT('Ctrl Pts',(18.3263531821485,5.04587471261548,-7.56410204075825));
#4693=CARTESIAN_POINT('Ctrl Pts',(17.8697715073984,4.5299804199303,-7.52617504814579));
#4694=CARTESIAN_POINT('Ctrl Pts',(17.8604993463203,3.49482886986424,-7.46928455922708));
#4695=CARTESIAN_POINT('Ctrl Pts',(18.3077664643977,2.97083853404727,-7.43135756661461));
#4696=CARTESIAN_POINT('Ctrl Pts',(18.5904713435709,2.81367132331441,-7.41239407030838));
#4697=CARTESIAN_POINT('Ctrl Pts',(18.5681809877006,5.27988522750214,-7.63666288705426));
#4698=CARTESIAN_POINT('Ctrl Pts',(18.2631813651614,5.11740617319097,-7.61769939074803));
#4699=CARTESIAN_POINT('Ctrl Pts',(17.7753722846112,4.56622785287495,-7.57977239813555));
#4700=CARTESIAN_POINT('Ctrl Pts',(17.7654659641863,3.46027824124371,-7.52288190921686));
#4701=CARTESIAN_POINT('Ctrl Pts',(18.2433234291164,2.9004501577536,-7.48495491660438));
#4702=CARTESIAN_POINT('Ctrl Pts',(18.5453636002468,2.7325336670136,-7.46599142029815));
#4703=CARTESIAN_POINT('Ctrl Pts',(18.5245339138182,5.3618178871641,-7.69026023704403));
#4704=CARTESIAN_POINT('Ctrl Pts',(18.2000095481742,5.18893763376646,-7.6712967407378));
#4705=CARTESIAN_POINT('Ctrl Pts',(17.680973061824,4.60247528581959,-7.63336974812532));
#4706=CARTESIAN_POINT('Ctrl Pts',(17.6704325820523,3.42572761262318,-7.57647925920662));
#4707=CARTESIAN_POINT('Ctrl Pts',(18.1788803938351,2.83006178145992,-7.53855226659415));
#4708=CARTESIAN_POINT('Ctrl Pts',(18.5002558569228,2.65139601071278,-7.51958877028792));
#4709=CARTESIAN_POINT('',(18.5003725123675,5.01800398117371,-7.51791039993526));
#4710=CARTESIAN_POINT('Ctrl Pts',(18.5004141886241,5.01794605687407,-7.51791039993526));
#4711=CARTESIAN_POINT('Ctrl Pts',(18.5004332215545,5.01966321162112,-7.51876581188237));
#4712=CARTESIAN_POINT('Ctrl Pts',(18.500453717816,5.02138031881887,-7.51962129180982));
#4713=CARTESIAN_POINT('Ctrl Pts',(18.5004756787923,5.02309737243324,-7.52047683580961));
#4714=CARTESIAN_POINT('Ctrl Pts',(18.5010130487776,5.06511249350686,-7.54141140910102));
#4715=CARTESIAN_POINT('Ctrl Pts',(18.5024317821378,5.10714392848095,-7.56240700803395));
#4716=CARTESIAN_POINT('Ctrl Pts',(18.5047479143892,5.14908723536619,-7.58340436255935));
#4717=CARTESIAN_POINT('Ctrl Pts',(18.5056152381758,5.1647937770508,-7.59126725770546));
#4718=CARTESIAN_POINT('Ctrl Pts',(18.5066088835498,5.18048814112458,-7.5991303990354));
#4719=CARTESIAN_POINT('Ctrl Pts',(18.5077315164829,5.19616541591016,-7.6069906741951));
#4720=CARTESIAN_POINT('Ctrl Pts',(18.5112523190257,5.24533250098324,-7.63164207711815));
#4721=CARTESIAN_POINT('Ctrl Pts',(18.5160434422013,5.29447517946729,-7.65633926373803));
#4722=CARTESIAN_POINT('Ctrl Pts',(18.5221620317322,5.343378545181,-7.68097036875651));
#4723=CARTESIAN_POINT('Ctrl Pts',(18.5229315389328,5.34952889925515,-7.6840681109035));
#4724=CARTESIAN_POINT('Ctrl Pts',(18.5237221086834,5.35567548478766,-7.68716480784113));
#4725=CARTESIAN_POINT('Ctrl Pts',(18.5245339138182,5.36181788716408,-7.69026023704403));
#4726=CARTESIAN_POINT('',(18.2918838472776,4.82521129893647,-7.5));
#4727=CARTESIAN_POINT('Ctrl Pts',(18.2922587551145,4.82454353272369,-7.5));
#4728=CARTESIAN_POINT('Ctrl Pts',(18.3542503994747,4.89640976157732,-7.50597013331176));
#4729=CARTESIAN_POINT('Ctrl Pts',(18.4241725055674,4.96148110517704,-7.51194026662351));
#4730=CARTESIAN_POINT('Ctrl Pts',(18.5004141886241,5.01794605687407,-7.51791039993526));
#4731=CARTESIAN_POINT('',(18.5000000012314,2.69263347144269,-7.5));
#4732=CARTESIAN_POINT('Ctrl Pts',(18.5000032766044,2.69263774789488,-7.5));
#4733=CARTESIAN_POINT('Ctrl Pts',(18.4511228739964,2.72698694559156,-7.5));
#4734=CARTESIAN_POINT('Ctrl Pts',(18.4044429656023,2.76430058074361,-7.5));
#4735=CARTESIAN_POINT('Ctrl Pts',(18.3601541571126,2.80430815568329,-7.5));
#4736=CARTESIAN_POINT('Ctrl Pts',(18.3338658717286,2.82805525079384,-7.5));
#4737=CARTESIAN_POINT('Ctrl Pts',(18.3084207558535,2.85275216986048,-7.5));
#4738=CARTESIAN_POINT('Ctrl Pts',(18.28386602742,2.87834690851149,-7.5));
#4739=CARTESIAN_POINT('Ctrl Pts',(18.2746263750209,2.88797790439165,-7.5));
#4740=CARTESIAN_POINT('Ctrl Pts',(18.2655128550661,2.8977360515743,-7.5));
#4741=CARTESIAN_POINT('Ctrl Pts',(18.2565282076112,2.90761866349639,-7.50000000000001));
#4742=CARTESIAN_POINT('Ctrl Pts',(18.2481441231999,2.91684068951071,-7.50000000000001));
#4743=CARTESIAN_POINT('Ctrl Pts',(18.239878027017,2.92616483194868,-7.5));
#4744=CARTESIAN_POINT('Ctrl Pts',(18.2317357687794,2.93558364318811,-7.5));
#4745=CARTESIAN_POINT('Ctrl Pts',(18.1935700331649,2.97973304855929,-7.5));
#4746=CARTESIAN_POINT('Ctrl Pts',(18.1580912347661,3.02599365382421,-7.5));
#4747=CARTESIAN_POINT('Ctrl Pts',(18.1254764513134,3.07411202828627,-7.5));
#4748=CARTESIAN_POINT('Ctrl Pts',(18.0932442515617,3.12166595608227,-7.5));
#4749=CARTESIAN_POINT('Ctrl Pts',(18.0638088684012,3.17103528143288,-7.5));
#4750=CARTESIAN_POINT('Ctrl Pts',(18.0373876633968,3.22199414143431,-7.5));
#4751=CARTESIAN_POINT('Ctrl Pts',(18.0130221175652,3.26898822965572,-7.5));
#4752=CARTESIAN_POINT('Ctrl Pts',(17.9912201714843,3.31733485392129,-7.5));
#4753=CARTESIAN_POINT('Ctrl Pts',(17.9721924325149,3.36686106478576,-7.5));
#4754=CARTESIAN_POINT('Ctrl Pts',(17.9670204998992,3.38032279167358,-7.5));
#4755=CARTESIAN_POINT('Ctrl Pts',(17.9620520570291,3.39387703654896,-7.5));
#4756=CARTESIAN_POINT('Ctrl Pts',(17.9573020493219,3.407489671806,-7.5));
#4757=CARTESIAN_POINT('Ctrl Pts',(17.9445765960222,3.44395844510667,-7.5));
#4758=CARTESIAN_POINT('Ctrl Pts',(17.9334035899751,3.48088030038808,-7.5));
#4759=CARTESIAN_POINT('Ctrl Pts',(17.9238432144037,3.51818403080988,-7.5));
#4760=CARTESIAN_POINT('Ctrl Pts',(17.9098203240143,3.57290009493461,-7.5));
#4761=CARTESIAN_POINT('Ctrl Pts',(17.8992645425389,3.62843819513722,-7.5));
#4762=CARTESIAN_POINT('Ctrl Pts',(17.8921419563418,3.68447116753581,-7.5));
#4763=CARTESIAN_POINT('Ctrl Pts',(17.8850521757253,3.74024606033516,-7.5));
#4764=CARTESIAN_POINT('Ctrl Pts',(17.8813643131205,3.79651240778527,-7.5));
#4765=CARTESIAN_POINT('Ctrl Pts',(17.8810948566592,3.85293669068926,-7.5));
#4766=CARTESIAN_POINT('Ctrl Pts',(17.8810263073443,3.8672909426561,-7.5));
#4767=CARTESIAN_POINT('Ctrl Pts',(17.8811792337742,3.88165531307,-7.5));
#4768=CARTESIAN_POINT('Ctrl Pts',(17.8815543940508,3.89602406362669,-7.5));
#4769=CARTESIAN_POINT('Ctrl Pts',(17.8819358715239,3.9106347646974,-7.5));
#4770=CARTESIAN_POINT('Ctrl Pts',(17.8825476500809,3.92525614937193,-7.5));
#4771=CARTESIAN_POINT('Ctrl Pts',(17.8833882604987,3.93984783263848,-7.5));
#4772=CARTESIAN_POINT('Ctrl Pts',(17.8865556384644,3.99482856459919,-7.5));
#4773=CARTESIAN_POINT('Ctrl Pts',(17.8929670809715,4.04946371088635,-7.5));
#4774=CARTESIAN_POINT('Ctrl Pts',(17.9025933463225,4.103447802509,-7.5));
#4775=CARTESIAN_POINT('Ctrl Pts',(17.91209491079,4.1567325716342,-7.5));
#4776=CARTESIAN_POINT('Ctrl Pts',(17.9247289066853,4.2093840368035,-7.5));
#4777=CARTESIAN_POINT('Ctrl Pts',(17.9405133133633,4.26108873518831,-7.5));
#4778=CARTESIAN_POINT('Ctrl Pts',(17.9514833715346,4.29702315835591,-7.5));
#4779=CARTESIAN_POINT('Ctrl Pts',(17.9639760816295,4.3324998762709,-7.5));
#4780=CARTESIAN_POINT('Ctrl Pts',(17.9780095420564,4.3674041898788,-7.5));
#4781=CARTESIAN_POINT('Ctrl Pts',(17.9831564097799,4.38020558594596,-7.5));
#4782=CARTESIAN_POINT('Ctrl Pts',(17.9885106170117,4.39292989716165,-7.5));
#4783=CARTESIAN_POINT('Ctrl Pts',(17.9940733714666,4.40557112724633,-7.5));
#4784=CARTESIAN_POINT('Ctrl Pts',(17.9992628854631,4.41736417707269,-7.5));
#4785=CARTESIAN_POINT('Ctrl Pts',(18.0046358080025,4.4290885488916,-7.5));
#4786=CARTESIAN_POINT('Ctrl Pts',(18.0101808778536,4.44071438065671,-7.5));
#4787=CARTESIAN_POINT('Ctrl Pts',(18.014898528302,4.45060543918454,-7.5));
#4788=CARTESIAN_POINT('Ctrl Pts',(18.0197422076095,4.46042862756895,-7.5));
#4789=CARTESIAN_POINT('Ctrl Pts',(18.0247118311336,4.47018144880984,-7.5));
#4790=CARTESIAN_POINT('Ctrl Pts',(18.0488112241615,4.51747619278294,-7.5));
#4791=CARTESIAN_POINT('Ctrl Pts',(18.0758690074427,4.56311883895919,-7.5));
#4792=CARTESIAN_POINT('Ctrl Pts',(18.1056464939331,4.60691221093381,-7.5));
#4793=CARTESIAN_POINT('Ctrl Pts',(18.1353680003479,4.65062325372075,-7.5));
#4794=CARTESIAN_POINT('Ctrl Pts',(18.167799955707,4.69249263330121,-7.5));
#4795=CARTESIAN_POINT('Ctrl Pts',(18.2027379923959,4.73228527236093,-7.5));
#4796=CARTESIAN_POINT('Ctrl Pts',(18.2309734741029,4.76444404368085,-7.5));
#4797=CARTESIAN_POINT('Ctrl Pts',(18.2608465464471,4.79524585752682,-7.5));
#4798=CARTESIAN_POINT('Ctrl Pts',(18.2922587551145,4.82454353272364,-7.5));
#4799=CARTESIAN_POINT('Ctrl Pts',(18.5002558569228,2.65139601071278,-7.51958877028792));
#4800=CARTESIAN_POINT('Ctrl Pts',(18.5000851390272,2.66513729946949,-7.51305468262085));
#4801=CARTESIAN_POINT('Ctrl Pts',(18.5000010026388,2.67888448876914,-7.50652495839391));
#4802=CARTESIAN_POINT('Ctrl Pts',(18.5000032754756,2.69263774804097,-7.50000000030698));
#4803=CARTESIAN_POINT('Ctrl Pts',(19.9999999999992,2.69263347317039,-7.49999999999979));
#4804=CARTESIAN_POINT('Ctrl Pts',(20.3837054843986,2.91275469196671,-7.47664441329919));
#4805=CARTESIAN_POINT('Ctrl Pts',(20.9402806046817,3.710764353663,-7.42993323989801));
#4806=CARTESIAN_POINT('Ctrl Pts',(20.6807090262133,4.64843054177589,-7.38322206649683));
#4807=CARTESIAN_POINT('Ctrl Pts',(20.3920247311403,4.98360904272846,-7.35986647979624));
#4808=CARTESIAN_POINT('Ctrl Pts',(19.9597406751783,2.76281173138854,-7.54671117340104));
#4809=CARTESIAN_POINT('Ctrl Pts',(20.3228491946018,2.97111704132154,-7.52335558670045));
#4810=CARTESIAN_POINT('Ctrl Pts',(20.8495478634786,3.72629026277722,-7.47664441329927));
#4811=CARTESIAN_POINT('Ctrl Pts',(20.6039098536659,4.61362337403569,-7.42993323989809));
#4812=CARTESIAN_POINT('Ctrl Pts',(20.3307218716677,4.93080979479781,-7.40657765319749));
#4813=CARTESIAN_POINT('Ctrl Pts',(19.9194813503575,2.83298998960669,-7.59342234680229));
#4814=CARTESIAN_POINT('Ctrl Pts',(20.2619929048049,3.02947939067637,-7.5700667601017));
#4815=CARTESIAN_POINT('Ctrl Pts',(20.7588151222754,3.74181617189144,-7.52335558670052));
#4816=CARTESIAN_POINT('Ctrl Pts',(20.5271106811185,4.57881620629549,-7.47664441329934));
#4817=CARTESIAN_POINT('Ctrl Pts',(20.269419012195,4.87801054686716,-7.45328882659875));
#4818=CARTESIAN_POINT('Ctrl Pts',(19.8792220255366,2.90316824782484,-7.64013352020354));
#4819=CARTESIAN_POINT('Ctrl Pts',(20.201136615008,3.08784174003119,-7.61677793350295));
#4820=CARTESIAN_POINT('Ctrl Pts',(20.6680823810723,3.75734208100566,-7.57006676010177));
#4821=CARTESIAN_POINT('Ctrl Pts',(20.4503115085712,4.54400903855528,-7.52335558670059));
#4822=CARTESIAN_POINT('Ctrl Pts',(20.2081161527224,4.82521129893652,-7.5));
#4823=CARTESIAN_POINT('',(19.9999999999995,2.69263347317072,-7.5));
#4824=CARTESIAN_POINT('',(19.9881158459883,2.97363119956857,-7.6319651386212));
#4825=CARTESIAN_POINT('Ctrl Pts',(19.9999999999995,2.69263347317077,-7.49999999999988));
#4826=CARTESIAN_POINT('Ctrl Pts',(19.9999980514429,2.73327201922879,-7.51928458599405));
#4827=CARTESIAN_POINT('Ctrl Pts',(19.9992383506023,2.77396966289115,-7.53852449763955));
#4828=CARTESIAN_POINT('Ctrl Pts',(19.9977301436045,2.81467061517652,-7.55767533512892));
#4829=CARTESIAN_POINT('Ctrl Pts',(19.9963683707732,2.85141984861274,-7.57496678797902));
#4830=CARTESIAN_POINT('Ctrl Pts',(19.9943928015467,2.88819201486895,-7.59219650446743));
#4831=CARTESIAN_POINT('Ctrl Pts',(19.9918233016642,2.92497759670018,-7.60933368397548));
#4832=CARTESIAN_POINT('Ctrl Pts',(19.9906893686427,2.94121125611223,-7.61689640614997));
#4833=CARTESIAN_POINT('Ctrl Pts',(19.9894391236484,2.95744729000184,-7.62444110674196));
#4834=CARTESIAN_POINT('Ctrl Pts',(19.9880713196205,2.97368359752978,-7.63196513861796));
#4835=CARTESIAN_POINT('',(20.2081161527224,4.82521129893652,-7.5));
#4836=CARTESIAN_POINT('Ctrl Pts',(20.2081161527224,4.82521129893649,-7.5));
#4837=CARTESIAN_POINT('Ctrl Pts',(20.2459200423714,4.78990749013884,-7.5));
#4838=CARTESIAN_POINT('Ctrl Pts',(20.2812992217304,4.75223024420304,-7.5));
#4839=CARTESIAN_POINT('Ctrl Pts',(20.3142219480909,4.71250455659437,-7.5));
#4840=CARTESIAN_POINT('Ctrl Pts',(20.3437876276139,4.6768295965133,-7.5));
#4841=CARTESIAN_POINT('Ctrl Pts',(20.3713722214568,4.63950153053161,-7.5));
#4842=CARTESIAN_POINT('Ctrl Pts',(20.3969332747318,4.60072576381158,-7.5));
#4843=CARTESIAN_POINT('Ctrl Pts',(20.4038394249411,4.59024922880455,-7.5));
#4844=CARTESIAN_POINT('Ctrl Pts',(20.4105977118967,4.57966666358095,-7.5));
#4845=CARTESIAN_POINT('Ctrl Pts',(20.417199529136,4.56899474078721,-7.5));
#4846=CARTESIAN_POINT('Ctrl Pts',(20.4454071729623,4.52339672039463,-7.5));
#4847=CARTESIAN_POINT('Ctrl Pts',(20.4707980180097,4.47611561178709,-7.5));
#4848=CARTESIAN_POINT('Ctrl Pts',(20.4933188670426,4.42747251549379,-7.5));
#4849=CARTESIAN_POINT('Ctrl Pts',(20.5052511774539,4.40169975162124,-7.5));
#4850=CARTESIAN_POINT('Ctrl Pts',(20.51637725923,4.37554392660632,-7.5));
#4851=CARTESIAN_POINT('Ctrl Pts',(20.5266850388854,4.34904873037792,-7.5));
#4852=CARTESIAN_POINT('Ctrl Pts',(20.5319957518531,4.33539803285634,-7.5));
#4853=CARTESIAN_POINT('Ctrl Pts',(20.5370892000215,4.32165721107314,-7.5));
#4854=CARTESIAN_POINT('Ctrl Pts',(20.5419633963529,4.30783201611252,-7.5));
#4855=CARTESIAN_POINT('Ctrl Pts',(20.5456749108038,4.29730465787862,-7.5));
#4856=CARTESIAN_POINT('Ctrl Pts',(20.5492557752574,4.28673834304268,-7.5));
#4857=CARTESIAN_POINT('Ctrl Pts',(20.5527056267698,4.27613622120996,-7.5));
#4858=CARTESIAN_POINT('Ctrl Pts',(20.5698665895818,4.22339696044883,-7.5));
#4859=CARTESIAN_POINT('Ctrl Pts',(20.5837894934143,4.16977256875489,-7.5));
#4860=CARTESIAN_POINT('Ctrl Pts',(20.5944182680065,4.11559562589581,-7.5));
#4861=CARTESIAN_POINT('Ctrl Pts',(20.6050872714153,4.06121362889039,-7.5));
#4862=CARTESIAN_POINT('Ctrl Pts',(20.6124377204702,4.00627385315084,-7.5));
#4863=CARTESIAN_POINT('Ctrl Pts',(20.6163691957708,3.95108406692407,-7.5));
#4864=CARTESIAN_POINT('Ctrl Pts',(20.6185587916199,3.92034666745036,-7.5));
#4865=CARTESIAN_POINT('Ctrl Pts',(20.6196870574215,3.88953129750729,-7.5));
#4866=CARTESIAN_POINT('Ctrl Pts',(20.619729807437,3.85868914447573,-7.5));
#4867=CARTESIAN_POINT('Ctrl Pts',(20.619757800831,3.83849320933794,-7.5));
#4868=CARTESIAN_POINT('Ctrl Pts',(20.6193202395959,3.81828576706107,-7.5));
#4869=CARTESIAN_POINT('Ctrl Pts',(20.6184090765339,3.79808109383157,-7.5));
#4870=CARTESIAN_POINT('Ctrl Pts',(20.6180101347486,3.7892347207228,-7.5));
#4871=CARTESIAN_POINT('Ctrl Pts',(20.6175203950492,3.78039046617679,-7.5));
#4872=CARTESIAN_POINT('Ctrl Pts',(20.6169400388486,3.77155903574938,-7.5));
#4873=CARTESIAN_POINT('Ctrl Pts',(20.6168216598997,3.76975763266317,-7.5));
#4874=CARTESIAN_POINT('Ctrl Pts',(20.6166995061652,3.76795665392339,-7.5));
#4875=CARTESIAN_POINT('Ctrl Pts',(20.6165735757122,3.76615611020833,-7.5));
#4876=CARTESIAN_POINT('Ctrl Pts',(20.6127437571991,3.71139766623389,-7.5));
#4877=CARTESIAN_POINT('Ctrl Pts',(20.6054253647191,3.65704282820343,-7.5));
#4878=CARTESIAN_POINT('Ctrl Pts',(20.5948608129218,3.60332788531696,-7.5));
#4879=CARTESIAN_POINT('Ctrl Pts',(20.5840401043131,3.54831052574873,-7.5));
#4880=CARTESIAN_POINT('Ctrl Pts',(20.5698137829176,3.49396361683421,-7.5));
#4881=CARTESIAN_POINT('Ctrl Pts',(20.5523865351068,3.44053272271464,-7.5));
#4882=CARTESIAN_POINT('Ctrl Pts',(20.5402235668838,3.40324179334032,-7.5));
#4883=CARTESIAN_POINT('Ctrl Pts',(20.5265002334414,3.36639686379916,-7.5));
#4884=CARTESIAN_POINT('Ctrl Pts',(20.5112712340158,3.33008260292937,-7.5));
#4885=CARTESIAN_POINT('Ctrl Pts',(20.5056172171421,3.31660033544899,-7.5));
#4886=CARTESIAN_POINT('Ctrl Pts',(20.4997555456143,3.30319123925872,-7.5));
#4887=CARTESIAN_POINT('Ctrl Pts',(20.4936886190662,3.28985975949491,-7.5));
#4888=CARTESIAN_POINT('Ctrl Pts',(20.4895329869547,3.28072816296717,-7.5));
#4889=CARTESIAN_POINT('Ctrl Pts',(20.4852799337011,3.27163067228396,-7.5));
#4890=CARTESIAN_POINT('Ctrl Pts',(20.4809338823698,3.2625764246626,-7.5));
#4891=CARTESIAN_POINT('Ctrl Pts',(20.4558918121888,3.21040559484714,-7.5));
#4892=CARTESIAN_POINT('Ctrl Pts',(20.4278319938794,3.15980279946667,-7.5));
#4893=CARTESIAN_POINT('Ctrl Pts',(20.3969816023214,3.11101789557681,-7.5));
#4894=CARTESIAN_POINT('Ctrl Pts',(20.3655247865514,3.06127402989088,-7.5));
#4895=CARTESIAN_POINT('Ctrl Pts',(20.3311663405148,3.01341919051552,-7.5));
#4896=CARTESIAN_POINT('Ctrl Pts',(20.2940943552787,2.96772631387734,-7.5));
#4897=CARTESIAN_POINT('Ctrl Pts',(20.2573418830945,2.92242725133822,-7.5));
#4898=CARTESIAN_POINT('Ctrl Pts',(20.2179219381041,2.87925203882551,-7.5));
#4899=CARTESIAN_POINT('Ctrl Pts',(20.1759726637721,2.83848972184047,-7.5));
#4900=CARTESIAN_POINT('Ctrl Pts',(20.1670004168933,2.82977134524957,-7.5));
#4901=CARTESIAN_POINT('Ctrl Pts',(20.1579123135566,2.8211634655082,-7.5));
#4902=CARTESIAN_POINT('Ctrl Pts',(20.1487094684559,2.81266911856785,-7.5));
#4903=CARTESIAN_POINT('Ctrl Pts',(20.1415664171451,2.80607598835836,-7.5));
#4904=CARTESIAN_POINT('Ctrl Pts',(20.1343625754549,2.79955892910688,-7.5));
#4905=CARTESIAN_POINT('Ctrl Pts',(20.1270967620503,2.79311707871625,-7.5));
#4906=CARTESIAN_POINT('Ctrl Pts',(20.086585409797,2.75719982405991,-7.5));
#4907=CARTESIAN_POINT('Ctrl Pts',(20.0441715546126,2.72363948935399,-7.5));
#4908=CARTESIAN_POINT('Ctrl Pts',(19.999999999999,2.69263347317071,-7.5));
#4909=CARTESIAN_POINT('Ctrl Pts',(19.9880713196205,2.97368359752976,-7.63196513861796));
#4910=CARTESIAN_POINT('Ctrl Pts',(20.2532466662251,3.16629017700205,-7.61133234577923));
#4911=CARTESIAN_POINT('Ctrl Pts',(20.441871699151,3.46503189964279,-7.5906995529405));
#4912=CARTESIAN_POINT('Ctrl Pts',(20.496903221431,3.78663373514945,-7.57006676010177));
#4913=CARTESIAN_POINT('Ctrl Pts',(20.5591969448217,4.15067555978047,-7.54671117340118));
#4914=CARTESIAN_POINT('Ctrl Pts',(20.4503115085712,4.54400903855528,-7.52335558670059));
#4915=CARTESIAN_POINT('Ctrl Pts',(20.2081161527224,4.82521129893652,-7.5));
#4916=CARTESIAN_POINT('Origin',(19.25,4.,-17.5));
#4917=CARTESIAN_POINT('Ctrl Pts',(18.5930865797294,2.91952556334342,-7.86189053354346));
#4918=CARTESIAN_POINT('Ctrl Pts',(18.5803867458102,2.92724688561972,-7.83883745377636));
#4919=CARTESIAN_POINT('Ctrl Pts',(18.5688252565672,2.93458354342138,-7.81497119072608));
#4920=CARTESIAN_POINT('Ctrl Pts',(18.5501370107149,2.94678933748021,-7.77048473318856));
#4921=CARTESIAN_POINT('Ctrl Pts',(18.5425811058379,2.95186649348379,-7.75006529350265));
#4922=CARTESIAN_POINT('Ctrl Pts',(18.535922846815,2.95642246608162,-7.72933342385962));
#4923=CARTESIAN_POINT('Ctrl Pts',(18.6089323124998,5.08995067321563,-7.88927139638459));
#4924=CARTESIAN_POINT('Ctrl Pts',(18.6408090557333,5.10869936576829,-7.94176729066163));
#4925=CARTESIAN_POINT('Ctrl Pts',(18.6787020251718,5.12898869351605,-7.98936219695162));
#4926=CARTESIAN_POINT('Ctrl Pts',(18.720980658687,5.14852116709544,-8.03164083046682));
#4927=CARTESIAN_POINT('Ctrl Pts',(18.7222982856524,5.14912717860258,-8.03294873843432));
#4928=CARTESIAN_POINT('Ctrl Pts',(18.7236227606192,5.14973355689998,-8.03425368680233));
#4929=CARTESIAN_POINT('Origin',(19.25,4.,-17.5));
#4930=CARTESIAN_POINT('Origin',(19.25,4.,-17.5));
#4931=CARTESIAN_POINT('',(18.5000000000002,5.01806691823324,-7.5));
#4932=CARTESIAN_POINT('Ctrl Pts',(18.5,5.01806691823278,-7.5));
#4933=CARTESIAN_POINT('Ctrl Pts',(18.5,5.01806691823278,-7.50595620932288));
#4934=CARTESIAN_POINT('Ctrl Pts',(18.5000709675386,5.01811921098289,-7.51192740319515));
#4935=CARTESIAN_POINT('Ctrl Pts',(18.5002138854485,5.01822445090748,-7.51791039993526));
#4936=CARTESIAN_POINT('Origin',(19.25,4.,-7.5));
#4937=CARTESIAN_POINT('Origin',(19.25,4.,-17.5));
#4938=CARTESIAN_POINT('',(19.9999999999998,5.01806691823325,-7.5));
#4939=CARTESIAN_POINT('Origin',(19.25,4.,-7.5));
#4940=CARTESIAN_POINT('Ctrl Pts',(19.9906248310257,5.024907366384,-7.61821531063355));
#4941=CARTESIAN_POINT('Ctrl Pts',(19.9969223382805,5.02035662316616,-7.57876111285242));
#4942=CARTESIAN_POINT('Ctrl Pts',(20.,5.01806691823279,-7.53904115661279));
#4943=CARTESIAN_POINT('Ctrl Pts',(20.,5.01806691823279,-7.5));
#4944=CARTESIAN_POINT('Ctrl Pts',(19.9882988569578,2.97341583500677,-7.63196513863454));
#4945=CARTESIAN_POINT('Ctrl Pts',(19.9797815096814,2.96729032871817,-7.67961672164738));
#4946=CARTESIAN_POINT('Ctrl Pts',(19.9665471452456,2.95790443384756,-7.7267176980232));
#4947=CARTESIAN_POINT('Ctrl Pts',(19.9490132278329,2.94627292085917,-7.77180968951577));
#4948=CARTESIAN_POINT('Origin',(35.5,3.,-4.375));
#4949=CARTESIAN_POINT('',(35.5,0.,-3.));
#4950=CARTESIAN_POINT('',(38.5,3.,-3.));
#4951=CARTESIAN_POINT('Origin',(35.5,3.,-3.));
#4952=CARTESIAN_POINT('',(38.5,3.,0.));
#4953=CARTESIAN_POINT('',(38.5,3.,-4.375));
#4954=CARTESIAN_POINT('',(35.5,0.,0.));
#4955=CARTESIAN_POINT('Origin',(35.5,3.,0.));
#4956=CARTESIAN_POINT('',(35.5,0.,-4.375));
#4957=CARTESIAN_POINT('Origin',(19.25,0.,-8.75));
#4958=CARTESIAN_POINT('',(3.,0.,0.));
#4959=CARTESIAN_POINT('',(0.,0.,0.));
#4960=CARTESIAN_POINT('',(3.,0.,-3.00000000000001));
#4961=CARTESIAN_POINT('',(3.,0.,-5.875));
#4962=CARTESIAN_POINT('',(14.25,0.,-3.));
#4963=CARTESIAN_POINT('',(14.25,0.,-3.));
#4964=CARTESIAN_POINT('',(14.25,0.,-17.5));
#4965=CARTESIAN_POINT('',(14.25,0.,-17.5));
#4966=CARTESIAN_POINT('',(24.25,0.,-17.5));
#4967=CARTESIAN_POINT('',(24.25,0.,-17.5));
#4968=CARTESIAN_POINT('',(24.25,0.,-3.));
#4969=CARTESIAN_POINT('',(24.25,0.,-3.));
#4970=CARTESIAN_POINT('',(38.5,0.,-3.));
#4971=CARTESIAN_POINT('',(18.5,0.,-7.5));
#4972=CARTESIAN_POINT('Origin',(19.25,0.,-7.5));
#4973=CARTESIAN_POINT('Origin',(0.,0.,0.));
#4974=CARTESIAN_POINT('',(38.5,5.,0.));
#4975=CARTESIAN_POINT('',(38.5,0.,0.));
#4976=CARTESIAN_POINT('',(35.5,8.,0.));
#4977=CARTESIAN_POINT('Origin',(35.5,5.,0.));
#4978=CARTESIAN_POINT('',(3.,8.,0.));
#4979=CARTESIAN_POINT('',(0.,8.,0.));
#4980=CARTESIAN_POINT('',(0.,5.,0.));
#4981=CARTESIAN_POINT('Origin',(3.,5.,0.));
#4982=CARTESIAN_POINT('',(0.,3.,0.));
#4983=CARTESIAN_POINT('',(0.,0.,0.));
#4984=CARTESIAN_POINT('Origin',(3.,3.,0.));
#4985=CARTESIAN_POINT('',(16.25,4.,0.));
#4986=CARTESIAN_POINT('Origin',(19.25,4.,0.));
#4987=CARTESIAN_POINT('',(33.75,4.,0.));
#4988=CARTESIAN_POINT('Origin',(32.25,4.,0.));
#4989=CARTESIAN_POINT('',(7.75,4.,0.));
#4990=CARTESIAN_POINT('Origin',(6.25,4.,0.));
#4991=CARTESIAN_POINT('Origin',(35.5,5.,-4.375));
#4992=CARTESIAN_POINT('',(38.5,5.,-3.));
#4993=CARTESIAN_POINT('',(35.5,8.,-3.));
#4994=CARTESIAN_POINT('Origin',(35.5,5.,-3.));
#4995=CARTESIAN_POINT('',(35.5,8.,-4.375));
#4996=CARTESIAN_POINT('',(38.5,5.,-4.375));
#4997=CARTESIAN_POINT('Origin',(19.25,8.,-8.75));
#4998=CARTESIAN_POINT('',(24.25,8.,-3.));
#4999=CARTESIAN_POINT('',(38.5,8.,-3.));
#5000=CARTESIAN_POINT('',(24.25,8.,-17.5));
#5001=CARTESIAN_POINT('',(24.25,8.,-3.));
#5002=CARTESIAN_POINT('',(14.25,8.,-17.5));
#5003=CARTESIAN_POINT('',(24.25,8.,-17.5));
#5004=CARTESIAN_POINT('',(14.25,8.,-3.));
#5005=CARTESIAN_POINT('',(14.25,8.,-17.5));
#5006=CARTESIAN_POINT('',(3.,8.,-3.00000000000001));
#5007=CARTESIAN_POINT('',(14.25,8.,-3.));
#5008=CARTESIAN_POINT('',(3.,8.,-5.875));
#5009=CARTESIAN_POINT('',(18.5,8.,-7.5));
#5010=CARTESIAN_POINT('Origin',(19.25,8.,-7.5));
#5011=CARTESIAN_POINT('Origin',(3.,3.,-5.875));
#5012=CARTESIAN_POINT('',(0.,3.,-3.00000000000001));
#5013=CARTESIAN_POINT('',(0.,3.,-5.875));
#5014=CARTESIAN_POINT('Origin',(3.,3.,-3.));
#5015=CARTESIAN_POINT('Origin',(14.25,0.,-3.));
#5016=CARTESIAN_POINT('',(0.,5.,-3.00000000000001));
#5017=CARTESIAN_POINT('',(0.,0.,-3.00000000000001));
#5018=CARTESIAN_POINT('Origin',(3.,5.,-3.));
#5019=CARTESIAN_POINT('',(14.25,0.,-3.));
#5020=CARTESIAN_POINT('',(7.75,4.,-3.));
#5021=CARTESIAN_POINT('Origin',(6.25,4.,-3.));
#5022=CARTESIAN_POINT('Origin',(3.,5.,-5.875));
#5023=CARTESIAN_POINT('',(0.,5.,-5.875));
#5024=CARTESIAN_POINT('Origin',(19.25,4.,-7.5));
#5025=CARTESIAN_POINT('',(20.,0.,-7.5));
#5026=CARTESIAN_POINT('Origin',(19.25,4.,-7.5));
#5027=CARTESIAN_POINT('',(18.5,0.,-7.5));
#5028=CARTESIAN_POINT('Origin',(6.25,4.,-17.5));
#5029=CARTESIAN_POINT('',(7.75,4.,-17.5));
#5030=CARTESIAN_POINT('Origin',(32.25,4.,-17.5));
#5031=CARTESIAN_POINT('',(33.75,4.,-3.));
#5032=CARTESIAN_POINT('Origin',(32.25,4.,-3.));
#5033=CARTESIAN_POINT('',(33.75,4.,-17.5));
#5034=CARTESIAN_POINT('Origin',(19.25,4.,0.));
#5035=CARTESIAN_POINT('',(16.25,4.,-1.));
#5036=CARTESIAN_POINT('',(16.25,4.,0.));
#5037=CARTESIAN_POINT('Origin',(19.25,4.,-1.));
#5038=CARTESIAN_POINT('Origin',(19.25,4.,-1.));
#5039=CARTESIAN_POINT('Origin',(19.25,0.,-7.5));
#5040=CARTESIAN_POINT('',(18.5,0.,-7.5));
#5041=CARTESIAN_POINT('',(18.5,0.,-7.5));
#5042=CARTESIAN_POINT('Origin',(14.25,0.,-17.5));
#5043=CARTESIAN_POINT('',(14.25,0.,-17.5));
#5044=CARTESIAN_POINT('Origin',(24.25,0.,-17.5));
#5045=CARTESIAN_POINT('',(24.25,0.,-17.5));
#5046=CARTESIAN_POINT('Origin',(24.25,0.,-3.));
#5047=CARTESIAN_POINT('',(24.25,0.,-3.));
#5048=CARTESIAN_POINT('Origin',(38.5,0.,-3.));
#5049=CARTESIAN_POINT('',(38.5,0.,-3.));
#5050=CARTESIAN_POINT('Origin',(38.5,0.,0.));
#5051=CARTESIAN_POINT('Origin',(0.,0.,-3.00000000000001));
#5052=UNCERTAINTY_MEASURE_WITH_UNIT(LENGTH_MEASURE(0.01),#5056,
'DISTANCE_ACCURACY_VALUE',
'Maximum model space distance between geometric entities at asserted c
onnectivities');
#5053=UNCERTAINTY_MEASURE_WITH_UNIT(LENGTH_MEASURE(0.01),#5056,
'DISTANCE_ACCURACY_VALUE',
'Maximum model space distance between geometric entities at asserted c
onnectivities');
#5054=(
GEOMETRIC_REPRESENTATION_CONTEXT(3)
GLOBAL_UNCERTAINTY_ASSIGNED_CONTEXT((#5052))
GLOBAL_UNIT_ASSIGNED_CONTEXT((#5056,#5058,#5059))
REPRESENTATION_CONTEXT('','3D')
);
#5055=(
GEOMETRIC_REPRESENTATION_CONTEXT(3)
GLOBAL_UNCERTAINTY_ASSIGNED_CONTEXT((#5053))
GLOBAL_UNIT_ASSIGNED_CONTEXT((#5056,#5058,#5059))
REPRESENTATION_CONTEXT('','3D')
);
#5056=(
LENGTH_UNIT()
NAMED_UNIT(*)
SI_UNIT(.MILLI.,.METRE.)
);
#5057=(
LENGTH_UNIT()
NAMED_UNIT(*)
SI_UNIT($,.METRE.)
);
#5058=(
NAMED_UNIT(*)
PLANE_ANGLE_UNIT()
SI_UNIT($,.RADIAN.)
);
#5059=(
NAMED_UNIT(*)
SI_UNIT($,.STERADIAN.)
SOLID_ANGLE_UNIT()
);
#5060=SHAPE_DEFINITION_REPRESENTATION(#5061,#5062);
#5061=PRODUCT_DEFINITION_SHAPE('',$,#5064);
#5062=SHAPE_REPRESENTATION('',(#1411),#5054);
#5063=PRODUCT_DEFINITION_CONTEXT('part definition',#5068,'design');
#5064=PRODUCT_DEFINITION('Lickspout_Holder','Lickspout_Holder v1',#5065,
#5063);
#5065=PRODUCT_DEFINITION_FORMATION('',$,#5070);
#5066=PRODUCT_RELATED_PRODUCT_CATEGORY('Lickspout_Holder v1',
'Lickspout_Holder v1',(#5070));
#5067=APPLICATION_PROTOCOL_DEFINITION('international standard',
'automotive_design',2009,#5068);
#5068=APPLICATION_CONTEXT(
'Core Data for Automotive Mechanical Design Process');
#5069=PRODUCT_CONTEXT('part definition',#5068,'mechanical');
#5070=PRODUCT('Lickspout_Holder','Lickspout_Holder v1',$,(#5069));
#5071=PRESENTATION_STYLE_ASSIGNMENT((#5072));
#5072=SURFACE_STYLE_USAGE(.BOTH.,#5073);
#5073=SURFACE_SIDE_STYLE('',(#5074));
#5074=SURFACE_STYLE_FILL_AREA(#5075);
#5075=FILL_AREA_STYLE('Steel - Satin',(#5076));
#5076=FILL_AREA_STYLE_COLOUR('Steel - Satin',#5077);
#5077=COLOUR_RGB('Steel - Satin',0.627450980392157,0.627450980392157,0.627450980392157);
ENDSEC;
END-ISO-10303-21;
