ISO-10303-21;
HEADER;
/* Generated by software containing ST-Developer
 * from STEP Tools, Inc. (www.steptools.com) 
 */

FILE_DESCRIPTION(
/* description */ (''),
/* implementation_level */ '2;1');

FILE_NAME(
/* name */ 'Rndelschraube.step',
/* time_stamp */ '2026-02-24T14:43:39+01:00',
/* author */ (''),
/* organization */ (''),
/* preprocessor_version */ 'ST-DEVELOPER v20.1',
/* originating_system */ 'Autodesk Translation Framework v14.24.0.0',
/* authorisation */ '');

FILE_SCHEMA (('AUTOMOTIVE_DESIGN { 1 0 10303 214 3 1 1 }'));
ENDSEC;

DATA;
#10=MECHANICAL_DESIGN_GEOMETRIC_PRESENTATION_REPRESENTATION('',(#13),#2482);
#11=SHAPE_REPRESENTATION_RELATIONSHIP('SRR','None',#2489,#12);
#12=ADVANCED_BREP_SHAPE_REPRESENTATION('',(#14),#2481);
#13=STYLED_ITEM('',(#2498),#14);
#14=MANIFOLD_SOLID_BREP('Body1',#1098);
#15=FACE_BOUND('',#289,.T.);
#16=FACE_BOUND('',#310,.T.);
#17=CYLINDRICAL_SURFACE('',#1119,0.500000007450581);
#18=CYLINDRICAL_SURFACE('',#1141,0.50000000745058);
#19=CYLINDRICAL_SURFACE('',#1145,0.500000007450581);
#20=CYLINDRICAL_SURFACE('',#1149,0.500000007450581);
#21=CYLINDRICAL_SURFACE('',#1153,0.500000007450581);
#22=CYLINDRICAL_SURFACE('',#1157,0.50000000745058);
#23=CYLINDRICAL_SURFACE('',#1161,0.50000000745058);
#24=CYLINDRICAL_SURFACE('',#1165,0.500000007450581);
#25=CYLINDRICAL_SURFACE('',#1169,0.500000007450581);
#26=CYLINDRICAL_SURFACE('',#1173,0.500000007450581);
#27=CYLINDRICAL_SURFACE('',#1177,0.500000007450581);
#28=CYLINDRICAL_SURFACE('',#1181,0.500000007450581);
#29=CYLINDRICAL_SURFACE('',#1185,0.500000007450581);
#30=CYLINDRICAL_SURFACE('',#1189,0.500000007450581);
#31=CYLINDRICAL_SURFACE('',#1193,0.50000000745058);
#32=CYLINDRICAL_SURFACE('',#1197,0.50000000745058);
#33=CYLINDRICAL_SURFACE('',#1201,0.500000007450581);
#34=CYLINDRICAL_SURFACE('',#1205,0.500000007450581);
#35=CYLINDRICAL_SURFACE('',#1209,2.75);
#36=CYLINDRICAL_SURFACE('',#1211,5.);
#37=CYLINDRICAL_SURFACE('',#1213,5.);
#38=CYLINDRICAL_SURFACE('',#1215,5.);
#39=CYLINDRICAL_SURFACE('',#1217,5.);
#40=CYLINDRICAL_SURFACE('',#1219,5.);
#41=CYLINDRICAL_SURFACE('',#1221,5.);
#42=CYLINDRICAL_SURFACE('',#1223,5.);
#43=CYLINDRICAL_SURFACE('',#1225,5.);
#44=CYLINDRICAL_SURFACE('',#1227,5.);
#45=CYLINDRICAL_SURFACE('',#1229,5.);
#46=CYLINDRICAL_SURFACE('',#1231,5.);
#47=CYLINDRICAL_SURFACE('',#1233,5.);
#48=CYLINDRICAL_SURFACE('',#1235,5.);
#49=CYLINDRICAL_SURFACE('',#1237,5.);
#50=CYLINDRICAL_SURFACE('',#1239,5.);
#51=CYLINDRICAL_SURFACE('',#1241,5.);
#52=CYLINDRICAL_SURFACE('',#1243,5.);
#53=CYLINDRICAL_SURFACE('',#1245,5.);
#54=CIRCLE('',#1117,4.5);
#55=CIRCLE('',#1118,5.);
#56=CIRCLE('',#1120,0.500000007450581);
#57=CIRCLE('',#1122,4.5);
#58=CIRCLE('',#1123,4.5);
#59=CIRCLE('',#1124,4.5);
#60=CIRCLE('',#1125,4.5);
#61=CIRCLE('',#1126,4.5);
#62=CIRCLE('',#1127,4.5);
#63=CIRCLE('',#1128,4.5);
#64=CIRCLE('',#1129,4.5);
#65=CIRCLE('',#1130,4.5);
#66=CIRCLE('',#1131,4.5);
#67=CIRCLE('',#1132,4.5);
#68=CIRCLE('',#1133,4.5);
#69=CIRCLE('',#1134,4.5);
#70=CIRCLE('',#1135,4.5);
#71=CIRCLE('',#1136,4.5);
#72=CIRCLE('',#1137,4.5);
#73=CIRCLE('',#1138,4.5);
#74=CIRCLE('',#1140,5.);
#75=CIRCLE('',#1142,0.50000000745058);
#76=CIRCLE('',#1144,5.);
#77=CIRCLE('',#1146,0.500000007450581);
#78=CIRCLE('',#1148,5.);
#79=CIRCLE('',#1150,0.500000007450581);
#80=CIRCLE('',#1152,5.);
#81=CIRCLE('',#1154,0.500000007450581);
#82=CIRCLE('',#1156,5.);
#83=CIRCLE('',#1158,0.50000000745058);
#84=CIRCLE('',#1160,5.);
#85=CIRCLE('',#1162,0.50000000745058);
#86=CIRCLE('',#1164,5.);
#87=CIRCLE('',#1166,0.500000007450581);
#88=CIRCLE('',#1168,5.);
#89=CIRCLE('',#1170,0.500000007450581);
#90=CIRCLE('',#1172,5.);
#91=CIRCLE('',#1174,0.500000007450581);
#92=CIRCLE('',#1176,5.);
#93=CIRCLE('',#1178,0.500000007450581);
#94=CIRCLE('',#1180,5.);
#95=CIRCLE('',#1182,0.500000007450581);
#96=CIRCLE('',#1184,5.);
#97=CIRCLE('',#1186,0.500000007450581);
#98=CIRCLE('',#1188,5.);
#99=CIRCLE('',#1190,0.500000007450581);
#100=CIRCLE('',#1192,5.);
#101=CIRCLE('',#1194,0.50000000745058);
#102=CIRCLE('',#1196,5.);
#103=CIRCLE('',#1198,0.50000000745058);
#104=CIRCLE('',#1200,5.);
#105=CIRCLE('',#1202,0.500000007450581);
#106=CIRCLE('',#1204,5.);
#107=CIRCLE('',#1206,0.500000007450581);
#108=CIRCLE('',#1208,2.75);
#109=CIRCLE('',#1210,2.75);
#110=CIRCLE('',#1212,5.);
#111=CIRCLE('',#1214,5.);
#112=CIRCLE('',#1216,5.);
#113=CIRCLE('',#1218,5.);
#114=CIRCLE('',#1220,5.);
#115=CIRCLE('',#1222,5.);
#116=CIRCLE('',#1224,5.);
#117=CIRCLE('',#1226,5.);
#118=CIRCLE('',#1228,5.);
#119=CIRCLE('',#1230,5.);
#120=CIRCLE('',#1232,5.);
#121=CIRCLE('',#1234,5.);
#122=CIRCLE('',#1236,5.);
#123=CIRCLE('',#1238,5.);
#124=CIRCLE('',#1240,5.);
#125=CIRCLE('',#1242,5.);
#126=CIRCLE('',#1244,5.);
#127=CIRCLE('',#1246,5.);
#128=B_SPLINE_CURVE_WITH_KNOTS('',3,(#1617,#1618,#1619,#1620,#1621,#1622,
#1623,#1624,#1625,#1626,#1627,#1628,#1629,#1630,#1631,#1632,#1633,#1634),
 .UNSPECIFIED.,.F.,.F.,(4,2,2,2,2,2,2,2,4),(0.222305190026725,0.22553303462587,
0.245886539787085,0.263380659243506,0.27634619612106,0.293058173935575,
0.30781454481743,0.325552674529987,0.33350642349968),.UNSPECIFIED.);
#129=B_SPLINE_CURVE_WITH_KNOTS('',3,(#1638,#1639,#1640,#1641,#1642,#1643,
#1644,#1645,#1646,#1647,#1648,#1649,#1650,#1651,#1652,#1653),
 .UNSPECIFIED.,.F.,.F.,(4,2,2,2,2,2,2,4),(0.343480882247997,0.358400124630329,
0.376576007172476,0.392427639696585,0.405682861272124,0.41915241868015,
0.434341372223766,0.44941600301868),.UNSPECIFIED.);
#130=B_SPLINE_CURVE_WITH_KNOTS('',3,(#1657,#1658,#1659,#1660,#1661,#1662,
#1663,#1664,#1665,#1666,#1667,#1668,#1669,#1670,#1671,#1672),
 .UNSPECIFIED.,.F.,.F.,(4,2,2,2,2,2,2,4),(0.329312692967987,0.344102321925185,
0.363267658693709,0.375934476427468,0.39104039679311,0.404400237641108,
0.420105527931117,0.434776086912094),.UNSPECIFIED.);
#131=B_SPLINE_CURVE_WITH_KNOTS('',3,(#1714,#1715,#1716,#1717,#1718,#1719,
#1720,#1721,#1722,#1723,#1724,#1725,#1726,#1727,#1728,#1729),
 .UNSPECIFIED.,.F.,.F.,(4,2,2,2,2,2,2,4),(0.33811168442878,0.355089119106477,
0.373398610894048,0.389250723290737,0.402435894048299,0.417220320734438,
0.431086535920019,0.444850239785814),.UNSPECIFIED.);
#132=B_SPLINE_CURVE_WITH_KNOTS('',3,(#1733,#1734,#1735,#1736,#1737,#1738,
#1739,#1740,#1741,#1742,#1743,#1744,#1745,#1746,#1747,#1748,#1749,#1750),
 .UNSPECIFIED.,.F.,.F.,(4,2,2,2,2,2,2,2,4),(0.315760072333946,0.316063096904779,
0.334933479979547,0.354052982461198,0.366834198786672,0.382955435847184,
0.39716223471806,0.409849822479732,0.421598064381015),.UNSPECIFIED.);
#133=B_SPLINE_CURVE_WITH_KNOTS('',3,(#1758,#1759,#1760,#1761,#1762,#1763,
#1764,#1765,#1766,#1767,#1768,#1769,#1770,#1771,#1772,#1773),
 .UNSPECIFIED.,.F.,.F.,(4,2,2,2,2,2,2,4),(0.338261199372968,0.354782377539583,
0.373195124463892,0.389060326123431,0.402106411387646,0.416352624984516,
0.430755792107803,0.445046896552259),.UNSPECIFIED.);
#134=B_SPLINE_CURVE_WITH_KNOTS('',3,(#1777,#1778,#1779,#1780,#1781,#1782,
#1783,#1784,#1785,#1786,#1787,#1788,#1789,#1790,#1791,#1792),
 .UNSPECIFIED.,.F.,.F.,(4,2,2,2,2,2,2,4),(0.324549461982989,0.342468951288764,
0.361429223269549,0.374006355204001,0.389924505115817,0.403882189049737,
0.417251300116398,0.429549295132343),.UNSPECIFIED.);
#135=B_SPLINE_CURVE_WITH_KNOTS('',3,(#1800,#1801,#1802,#1803,#1804,#1805,
#1806,#1807,#1808,#1809,#1810,#1811,#1812,#1813,#1814,#1815),
 .UNSPECIFIED.,.F.,.F.,(4,2,2,2,2,2,2,4),(0.333912897071453,0.346665996647314,
0.366420970161416,0.383442134771697,0.398216047865477,0.411535118735101,
0.431561238939092,0.444731666723649),.UNSPECIFIED.);
#136=B_SPLINE_CURVE_WITH_KNOTS('',3,(#1819,#1820,#1821,#1822,#1823,#1824,
#1825,#1826,#1827,#1828,#1829,#1830,#1831,#1832,#1833,#1834,#1835,#1836),
 .UNSPECIFIED.,.F.,.F.,(4,2,2,2,2,2,2,2,4),(0.32731215843308,0.337183503832083,
0.356269312691641,0.36963983750829,0.382857066697521,0.395709580688546,
0.410117087496713,0.421426391570009,0.432066262811936),.UNSPECIFIED.);
#137=B_SPLINE_CURVE_WITH_KNOTS('',3,(#1844,#1845,#1846,#1847,#1848,#1849,
#1850,#1851,#1852,#1853,#1854,#1855,#1856,#1857,#1858,#1859),
 .UNSPECIFIED.,.F.,.F.,(4,2,2,2,2,2,2,4),(0.333898580218904,0.346628165115488,
0.366385820308676,0.383407990735627,0.398188469605613,0.411498336972424,
0.43152234721159,0.444712499980496),.UNSPECIFIED.);
#138=B_SPLINE_CURVE_WITH_KNOTS('',3,(#1863,#1864,#1865,#1866,#1867,#1868,
#1869,#1870,#1871,#1872,#1873,#1874,#1875,#1876,#1877,#1878,#1879,#1880),
 .UNSPECIFIED.,.F.,.F.,(4,2,2,2,2,2,2,2,4),(0.327312158432773,0.337183503831766,
0.356269312691313,0.36963983750796,0.38285706669719,0.395709580688214,0.410117087496381,
0.421426391569677,0.432066262811604),.UNSPECIFIED.);
#139=B_SPLINE_CURVE_WITH_KNOTS('',3,(#1888,#1889,#1890,#1891,#1892,#1893,
#1894,#1895,#1896,#1897,#1898,#1899,#1900,#1901,#1902,#1903),
 .UNSPECIFIED.,.F.,.F.,(4,2,2,2,2,2,2,4),(0.338264537681343,0.354776858524351,
0.373191571575418,0.38905708185727,0.40210465380432,0.416343851258339,0.430753599133124,
0.445051166798815),.UNSPECIFIED.);
#140=B_SPLINE_CURVE_WITH_KNOTS('',3,(#1907,#1908,#1909,#1910,#1911,#1912,
#1913,#1914,#1915,#1916,#1917,#1918,#1919,#1920,#1921,#1922),
 .UNSPECIFIED.,.F.,.F.,(4,2,2,2,2,2,2,4),(0.324549461983052,0.342468951288838,
0.361429223269622,0.374006355204071,0.389924505115884,0.403882189049803,
0.41725130011646,0.429549295132403),.UNSPECIFIED.);
#141=B_SPLINE_CURVE_WITH_KNOTS('',3,(#1930,#1931,#1932,#1933,#1934,#1935,
#1936,#1937,#1938,#1939,#1940,#1941,#1942,#1943,#1944,#1945),
 .UNSPECIFIED.,.F.,.F.,(4,2,2,2,2,2,2,4),(0.338105163778305,0.355109821415786,
0.373413182709864,0.389266468116952,0.402447153821515,0.417258260621011,
0.431100594477255,0.444840848881425),.UNSPECIFIED.);
#142=B_SPLINE_CURVE_WITH_KNOTS('',3,(#1949,#1950,#1951,#1952,#1953,#1954,
#1955,#1956,#1957,#1958,#1959,#1960,#1961,#1962,#1963,#1964,#1965,#1966),
 .UNSPECIFIED.,.F.,.F.,(4,2,2,2,2,2,2,2,4),(0.315760072333972,0.316063096904804,
0.334933479979572,0.354052982461209,0.366834198786675,0.382955435847181,
0.397162234718051,0.40984982247972,0.421598064381),.UNSPECIFIED.);
#143=B_SPLINE_CURVE_WITH_KNOTS('',3,(#1974,#1975,#1976,#1977,#1978,#1979,
#1980,#1981,#1982,#1983,#1984,#1985,#1986,#1987,#1988,#1989),
 .UNSPECIFIED.,.F.,.F.,(4,2,2,2,2,2,2,4),(0.343473318281754,0.358382502250011,
0.376560343547016,0.392412605172286,0.40567004281181,0.419134027014195,
0.434328750451401,0.449409043125794),.UNSPECIFIED.);
#144=B_SPLINE_CURVE_WITH_KNOTS('',3,(#1993,#1994,#1995,#1996,#1997,#1998,
#1999,#2000,#2001,#2002,#2003,#2004,#2005,#2006,#2007,#2008),
 .UNSPECIFIED.,.F.,.F.,(4,2,2,2,2,2,2,4),(0.329312692967888,0.344102321925085,
0.363267658693606,0.375934476427364,0.391040396793007,0.404400237641006,
0.420105527931016,0.434776086911993),.UNSPECIFIED.);
#145=B_SPLINE_CURVE_WITH_KNOTS('',3,(#2016,#2017,#2018,#2019,#2020,#2021,
#2022,#2023,#2024,#2025,#2026,#2027,#2028,#2029,#2030,#2031),
 .UNSPECIFIED.,.F.,.F.,(4,2,2,2,2,2,2,4),(0.110794001410894,0.119029636145813,
0.139467961800015,0.156554025986019,0.17299674291816,0.185941794039783,
0.205903005921091,0.222305190026522),.UNSPECIFIED.);
#146=B_SPLINE_CURVE_WITH_KNOTS('',3,(#2035,#2036,#2037,#2038,#2039,#2040,
#2041,#2042,#2043,#2044,#2045,#2046,#2047,#2048,#2049,#2050),
 .UNSPECIFIED.,.F.,.F.,(4,2,2,2,2,2,2,4),(0.444110596861661,0.464370633331437,
0.482809321054222,0.495566123982724,0.512115401021658,0.526374576229186,
0.543388817586144,0.554904020741695),.UNSPECIFIED.);
#147=B_SPLINE_CURVE_WITH_KNOTS('',3,(#2058,#2059,#2060,#2061,#2062,#2063,
#2064,#2065,#2066,#2067,#2068,#2069,#2070,#2071,#2072,#2073),
 .UNSPECIFIED.,.F.,.F.,(4,2,2,2,2,2,2,4),(0.343480882247849,0.358400124630163,
0.376576007172293,0.39242763969639,0.405682861271921,0.419152418679943,
0.434341372223557,0.449416003018469),.UNSPECIFIED.);
#148=B_SPLINE_CURVE_WITH_KNOTS('',3,(#2077,#2078,#2079,#2080,#2081,#2082,
#2083,#2084,#2085,#2086,#2087,#2088,#2089,#2090,#2091,#2092),
 .UNSPECIFIED.,.F.,.F.,(4,2,2,2,2,2,2,4),(0.329312692968079,0.344102321925281,
0.363267658693807,0.375934476427566,0.391040396793212,0.404400237641214,
0.420105527931225,0.434776086912198),.UNSPECIFIED.);
#149=B_SPLINE_CURVE_WITH_KNOTS('',3,(#2100,#2101,#2102,#2103,#2104,#2105,
#2106,#2107,#2108,#2109,#2110,#2111,#2112,#2113,#2114,#2115),
 .UNSPECIFIED.,.F.,.F.,(4,2,2,2,2,2,2,4),(0.338111684428718,0.355089119106425,
0.37339861089399,0.389250723290673,0.402435894048233,0.417220320734371,
0.431086535919951,0.444850239785744),.UNSPECIFIED.);
#150=B_SPLINE_CURVE_WITH_KNOTS('',3,(#2119,#2120,#2121,#2122,#2123,#2124,
#2125,#2126,#2127,#2128,#2129,#2130,#2131,#2132,#2133,#2134,#2135,#2136),
 .UNSPECIFIED.,.F.,.F.,(4,2,2,2,2,2,2,2,4),(0.315760072334244,0.316063096905077,
0.334933479979841,0.354052982461484,0.366834198786956,0.382955435847466,
0.39716223471834,0.409849822480013,0.421598064381299),.UNSPECIFIED.);
#151=B_SPLINE_CURVE_WITH_KNOTS('',3,(#2144,#2145,#2146,#2147,#2148,#2149,
#2150,#2151,#2152,#2153,#2154,#2155,#2156,#2157,#2158,#2159),
 .UNSPECIFIED.,.F.,.F.,(4,2,2,2,2,2,2,4),(0.338261199372596,0.354782377539198,
0.373195124463525,0.389060326123076,0.402106411387299,0.416352624984174,
0.430755792107462,0.445046896551918),.UNSPECIFIED.);
#152=B_SPLINE_CURVE_WITH_KNOTS('',3,(#2163,#2164,#2165,#2166,#2167,#2168,
#2169,#2170,#2171,#2172,#2173,#2174,#2175,#2176,#2177,#2178),
 .UNSPECIFIED.,.F.,.F.,(4,2,2,2,2,2,2,4),(0.324549461983052,0.342468951288823,
0.361429223269605,0.374006355204058,0.389924505115877,0.403882189049798,
0.417251300116459,0.429549295132402),.UNSPECIFIED.);
#153=B_SPLINE_CURVE_WITH_KNOTS('',3,(#2186,#2187,#2188,#2189,#2190,#2191,
#2192,#2193,#2194,#2195,#2196,#2197,#2198,#2199,#2200,#2201),
 .UNSPECIFIED.,.F.,.F.,(4,2,2,2,2,2,2,4),(0.333912897071273,0.34666599664713,
0.36642097016122,0.383442134771488,0.398216047865256,0.411535118734869,
0.431561238938849,0.444731666723405),.UNSPECIFIED.);
#154=B_SPLINE_CURVE_WITH_KNOTS('',3,(#2205,#2206,#2207,#2208,#2209,#2210,
#2211,#2212,#2213,#2214,#2215,#2216,#2217,#2218,#2219,#2220,#2221,#2222),
 .UNSPECIFIED.,.F.,.F.,(4,2,2,2,2,2,2,2,4),(0.327312158432895,0.3371835038319,
0.356269312691462,0.369639837508112,0.382857066697344,0.395709580688369,
0.410117087496537,0.421426391569836,0.432066262811761),.UNSPECIFIED.);
#155=B_SPLINE_CURVE_WITH_KNOTS('',3,(#2230,#2231,#2232,#2233,#2234,#2235,
#2236,#2237,#2238,#2239,#2240,#2241,#2242,#2243,#2244,#2245),
 .UNSPECIFIED.,.F.,.F.,(4,2,2,2,2,2,2,4),(0.333898580218798,0.346628165115382,
0.366385820308571,0.383407990735522,0.398188469605509,0.41149833697232,
0.431522347211487,0.444712499980393),.UNSPECIFIED.);
#156=B_SPLINE_CURVE_WITH_KNOTS('',3,(#2249,#2250,#2251,#2252,#2253,#2254,
#2255,#2256,#2257,#2258,#2259,#2260,#2261,#2262,#2263,#2264,#2265,#2266),
 .UNSPECIFIED.,.F.,.F.,(4,2,2,2,2,2,2,2,4),(0.327312158432735,0.33718350383173,
0.356269312691277,0.36963983750792,0.382857066697147,0.395709580688168,
0.410117087496332,0.421426391569628,0.432066262811556),.UNSPECIFIED.);
#157=B_SPLINE_CURVE_WITH_KNOTS('',3,(#2274,#2275,#2276,#2277,#2278,#2279,
#2280,#2281,#2282,#2283,#2284,#2285,#2286,#2287,#2288,#2289),
 .UNSPECIFIED.,.F.,.F.,(4,2,2,2,2,2,2,4),(0.338264537681095,0.354776858524115,
0.373191571575181,0.389057081857034,0.402104653804085,0.416343851258104,
0.430753599132888,0.445051166798578),.UNSPECIFIED.);
#158=B_SPLINE_CURVE_WITH_KNOTS('',3,(#2293,#2294,#2295,#2296,#2297,#2298,
#2299,#2300,#2301,#2302,#2303,#2304,#2305,#2306,#2307,#2308),
 .UNSPECIFIED.,.F.,.F.,(4,2,2,2,2,2,2,4),(0.324549461983088,0.342468951288866,
0.361429223269656,0.37400635520411,0.389924505115929,0.403882189049853,
0.417251300116515,0.429549295132462),.UNSPECIFIED.);
#159=B_SPLINE_CURVE_WITH_KNOTS('',3,(#2316,#2317,#2318,#2319,#2320,#2321,
#2322,#2323,#2324,#2325,#2326,#2327,#2328,#2329,#2330,#2331),
 .UNSPECIFIED.,.F.,.F.,(4,2,2,2,2,2,2,4),(0.338105163778295,0.355109821415764,
0.373413182709835,0.389266468116918,0.402447153821477,0.41725826062097,
0.431100594477212,0.44484084888138),.UNSPECIFIED.);
#160=B_SPLINE_CURVE_WITH_KNOTS('',3,(#2335,#2336,#2337,#2338,#2339,#2340,
#2341,#2342,#2343,#2344,#2345,#2346,#2347,#2348,#2349,#2350,#2351,#2352),
 .UNSPECIFIED.,.F.,.F.,(4,2,2,2,2,2,2,2,4),(0.315760072334377,0.316063096905211,
0.334933479979987,0.354052982461632,0.366834198787103,0.382955435847613,
0.397162234718486,0.409849822480156,0.421598064381438),.UNSPECIFIED.);
#161=B_SPLINE_CURVE_WITH_KNOTS('',3,(#2360,#2361,#2362,#2363,#2364,#2365,
#2366,#2367,#2368,#2369,#2370,#2371,#2372,#2373,#2374,#2375),
 .UNSPECIFIED.,.F.,.F.,(4,2,2,2,2,2,2,4),(0.343473318282119,0.358382502250387,
0.376560343547397,0.392412605172663,0.405670042812185,0.419134027014568,
0.434328750451772,0.449409043126167),.UNSPECIFIED.);
#162=B_SPLINE_CURVE_WITH_KNOTS('',3,(#2379,#2380,#2381,#2382,#2383,#2384,
#2385,#2386,#2387,#2388,#2389,#2390,#2391,#2392,#2393,#2394),
 .UNSPECIFIED.,.F.,.F.,(4,2,2,2,2,2,2,4),(0.329312692968159,0.344102321925356,
0.363267658693883,0.375934476427646,0.391040396793291,0.404400237641291,
0.420105527931301,0.43477608691228),.UNSPECIFIED.);
#163=B_SPLINE_CURVE_WITH_KNOTS('',3,(#2402,#2403,#2404,#2405,#2406,#2407,
#2408,#2409,#2410,#2411,#2412,#2413,#2414,#2415,#2416,#2417),
 .UNSPECIFIED.,.F.,.F.,(4,2,2,2,2,2,2,4),(0.110793423880034,0.119027330974749,
0.13946567498,0.156551669217187,0.17299543499611,0.185939418880473,0.205900295202535,
0.222303682434766),.UNSPECIFIED.);
#164=TOROIDAL_SURFACE('',#1116,4.5,0.5);
#165=TOROIDAL_SURFACE('',#1139,4.5,0.5);
#166=TOROIDAL_SURFACE('',#1143,4.5,0.5);
#167=TOROIDAL_SURFACE('',#1147,4.5,0.5);
#168=TOROIDAL_SURFACE('',#1151,4.5,0.5);
#169=TOROIDAL_SURFACE('',#1155,4.5,0.5);
#170=TOROIDAL_SURFACE('',#1159,4.5,0.5);
#171=TOROIDAL_SURFACE('',#1163,4.5,0.5);
#172=TOROIDAL_SURFACE('',#1167,4.5,0.5);
#173=TOROIDAL_SURFACE('',#1171,4.5,0.5);
#174=TOROIDAL_SURFACE('',#1175,4.5,0.5);
#175=TOROIDAL_SURFACE('',#1179,4.5,0.5);
#176=TOROIDAL_SURFACE('',#1183,4.5,0.5);
#177=TOROIDAL_SURFACE('',#1187,4.5,0.5);
#178=TOROIDAL_SURFACE('',#1191,4.5,0.5);
#179=TOROIDAL_SURFACE('',#1195,4.5,0.5);
#180=TOROIDAL_SURFACE('',#1199,4.5,0.5);
#181=TOROIDAL_SURFACE('',#1203,4.5,0.5);
#182=FACE_OUTER_BOUND('',#247,.T.);
#183=FACE_OUTER_BOUND('',#248,.T.);
#184=FACE_OUTER_BOUND('',#249,.T.);
#185=FACE_OUTER_BOUND('',#250,.T.);
#186=FACE_OUTER_BOUND('',#251,.T.);
#187=FACE_OUTER_BOUND('',#252,.T.);
#188=FACE_OUTER_BOUND('',#253,.T.);
#189=FACE_OUTER_BOUND('',#254,.T.);
#190=FACE_OUTER_BOUND('',#255,.T.);
#191=FACE_OUTER_BOUND('',#256,.T.);
#192=FACE_OUTER_BOUND('',#257,.T.);
#193=FACE_OUTER_BOUND('',#258,.T.);
#194=FACE_OUTER_BOUND('',#259,.T.);
#195=FACE_OUTER_BOUND('',#260,.T.);
#196=FACE_OUTER_BOUND('',#261,.T.);
#197=FACE_OUTER_BOUND('',#262,.T.);
#198=FACE_OUTER_BOUND('',#263,.T.);
#199=FACE_OUTER_BOUND('',#264,.T.);
#200=FACE_OUTER_BOUND('',#265,.T.);
#201=FACE_OUTER_BOUND('',#266,.T.);
#202=FACE_OUTER_BOUND('',#267,.T.);
#203=FACE_OUTER_BOUND('',#268,.T.);
#204=FACE_OUTER_BOUND('',#269,.T.);
#205=FACE_OUTER_BOUND('',#270,.T.);
#206=FACE_OUTER_BOUND('',#271,.T.);
#207=FACE_OUTER_BOUND('',#272,.T.);
#208=FACE_OUTER_BOUND('',#273,.T.);
#209=FACE_OUTER_BOUND('',#274,.T.);
#210=FACE_OUTER_BOUND('',#275,.T.);
#211=FACE_OUTER_BOUND('',#276,.T.);
#212=FACE_OUTER_BOUND('',#277,.T.);
#213=FACE_OUTER_BOUND('',#278,.T.);
#214=FACE_OUTER_BOUND('',#279,.T.);
#215=FACE_OUTER_BOUND('',#280,.T.);
#216=FACE_OUTER_BOUND('',#281,.T.);
#217=FACE_OUTER_BOUND('',#282,.T.);
#218=FACE_OUTER_BOUND('',#283,.T.);
#219=FACE_OUTER_BOUND('',#284,.T.);
#220=FACE_OUTER_BOUND('',#285,.T.);
#221=FACE_OUTER_BOUND('',#286,.T.);
#222=FACE_OUTER_BOUND('',#287,.T.);
#223=FACE_OUTER_BOUND('',#288,.T.);
#224=FACE_OUTER_BOUND('',#290,.T.);
#225=FACE_OUTER_BOUND('',#291,.T.);
#226=FACE_OUTER_BOUND('',#292,.T.);
#227=FACE_OUTER_BOUND('',#293,.T.);
#228=FACE_OUTER_BOUND('',#294,.T.);
#229=FACE_OUTER_BOUND('',#295,.T.);
#230=FACE_OUTER_BOUND('',#296,.T.);
#231=FACE_OUTER_BOUND('',#297,.T.);
#232=FACE_OUTER_BOUND('',#298,.T.);
#233=FACE_OUTER_BOUND('',#299,.T.);
#234=FACE_OUTER_BOUND('',#300,.T.);
#235=FACE_OUTER_BOUND('',#301,.T.);
#236=FACE_OUTER_BOUND('',#302,.T.);
#237=FACE_OUTER_BOUND('',#303,.T.);
#238=FACE_OUTER_BOUND('',#304,.T.);
#239=FACE_OUTER_BOUND('',#305,.T.);
#240=FACE_OUTER_BOUND('',#306,.T.);
#241=FACE_OUTER_BOUND('',#307,.T.);
#242=FACE_OUTER_BOUND('',#308,.T.);
#243=FACE_OUTER_BOUND('',#309,.T.);
#244=FACE_OUTER_BOUND('',#311,.T.);
#245=FACE_OUTER_BOUND('',#312,.T.);
#246=FACE_OUTER_BOUND('',#313,.T.);
#247=EDGE_LOOP('',(#693,#694,#695,#696,#697,#698));
#248=EDGE_LOOP('',(#699,#700,#701,#702));
#249=EDGE_LOOP('',(#703,#704,#705,#706));
#250=EDGE_LOOP('',(#707,#708,#709,#710));
#251=EDGE_LOOP('',(#711,#712,#713,#714));
#252=EDGE_LOOP('',(#715,#716,#717,#718,#719));
#253=EDGE_LOOP('',(#720,#721,#722,#723,#724,#725,#726,#727,#728,#729,#730,
#731,#732,#733,#734,#735,#736,#737));
#254=EDGE_LOOP('',(#738,#739,#740,#741));
#255=EDGE_LOOP('',(#742,#743,#744,#745,#746));
#256=EDGE_LOOP('',(#747,#748,#749,#750));
#257=EDGE_LOOP('',(#751,#752,#753,#754,#755));
#258=EDGE_LOOP('',(#756,#757,#758,#759));
#259=EDGE_LOOP('',(#760,#761,#762,#763,#764));
#260=EDGE_LOOP('',(#765,#766,#767,#768));
#261=EDGE_LOOP('',(#769,#770,#771,#772,#773));
#262=EDGE_LOOP('',(#774,#775,#776,#777));
#263=EDGE_LOOP('',(#778,#779,#780,#781,#782));
#264=EDGE_LOOP('',(#783,#784,#785,#786));
#265=EDGE_LOOP('',(#787,#788,#789,#790,#791));
#266=EDGE_LOOP('',(#792,#793,#794,#795));
#267=EDGE_LOOP('',(#796,#797,#798,#799,#800));
#268=EDGE_LOOP('',(#801,#802,#803,#804));
#269=EDGE_LOOP('',(#805,#806,#807,#808,#809));
#270=EDGE_LOOP('',(#810,#811,#812,#813));
#271=EDGE_LOOP('',(#814,#815,#816,#817,#818));
#272=EDGE_LOOP('',(#819,#820,#821,#822));
#273=EDGE_LOOP('',(#823,#824,#825,#826,#827));
#274=EDGE_LOOP('',(#828,#829,#830,#831));
#275=EDGE_LOOP('',(#832,#833,#834,#835,#836));
#276=EDGE_LOOP('',(#837,#838,#839,#840));
#277=EDGE_LOOP('',(#841,#842,#843,#844,#845));
#278=EDGE_LOOP('',(#846,#847,#848,#849));
#279=EDGE_LOOP('',(#850,#851,#852,#853,#854));
#280=EDGE_LOOP('',(#855,#856,#857,#858));
#281=EDGE_LOOP('',(#859,#860,#861,#862,#863));
#282=EDGE_LOOP('',(#864,#865,#866,#867));
#283=EDGE_LOOP('',(#868,#869,#870,#871,#872));
#284=EDGE_LOOP('',(#873,#874,#875,#876));
#285=EDGE_LOOP('',(#877,#878,#879,#880,#881));
#286=EDGE_LOOP('',(#882,#883,#884,#885));
#287=EDGE_LOOP('',(#886,#887,#888,#889,#890));
#288=EDGE_LOOP('',(#891));
#289=EDGE_LOOP('',(#892,#893,#894,#895,#896,#897));
#290=EDGE_LOOP('',(#898,#899,#900,#901));
#291=EDGE_LOOP('',(#902,#903,#904,#905));
#292=EDGE_LOOP('',(#906,#907,#908,#909));
#293=EDGE_LOOP('',(#910,#911,#912,#913));
#294=EDGE_LOOP('',(#914,#915,#916,#917));
#295=EDGE_LOOP('',(#918,#919,#920,#921));
#296=EDGE_LOOP('',(#922,#923,#924,#925));
#297=EDGE_LOOP('',(#926,#927,#928,#929));
#298=EDGE_LOOP('',(#930,#931,#932,#933));
#299=EDGE_LOOP('',(#934,#935,#936,#937));
#300=EDGE_LOOP('',(#938,#939,#940,#941));
#301=EDGE_LOOP('',(#942,#943,#944,#945));
#302=EDGE_LOOP('',(#946,#947,#948,#949));
#303=EDGE_LOOP('',(#950,#951,#952,#953));
#304=EDGE_LOOP('',(#954,#955,#956,#957));
#305=EDGE_LOOP('',(#958,#959,#960,#961));
#306=EDGE_LOOP('',(#962,#963,#964,#965));
#307=EDGE_LOOP('',(#966,#967,#968,#969));
#308=EDGE_LOOP('',(#970,#971,#972,#973));
#309=EDGE_LOOP('',(#974,#975,#976,#977,#978,#979,#980,#981,#982,#983,#984,
#985,#986,#987,#988,#989,#990,#991,#992,#993,#994,#995,#996,#997,#998,#999,
#1000,#1001,#1002,#1003,#1004,#1005,#1006,#1007,#1008,#1009));
#310=EDGE_LOOP('',(#1010));
#311=EDGE_LOOP('',(#1011,#1012,#1013,#1014));
#312=EDGE_LOOP('',(#1015,#1016,#1017,#1018));
#313=EDGE_LOOP('',(#1019,#1020,#1021,#1022));
#314=LINE('',#1590,#369);
#315=LINE('',#1592,#370);
#316=LINE('',#1594,#371);
#317=LINE('',#1596,#372);
#318=LINE('',#1598,#373);
#319=LINE('',#1599,#374);
#320=LINE('',#1602,#375);
#321=LINE('',#1604,#376);
#322=LINE('',#1605,#377);
#323=LINE('',#1608,#378);
#324=LINE('',#1609,#379);
#325=LINE('',#1612,#380);
#326=LINE('',#1613,#381);
#327=LINE('',#1674,#382);
#328=LINE('',#1677,#383);
#329=LINE('',#1752,#384);
#330=LINE('',#1755,#385);
#331=LINE('',#1794,#386);
#332=LINE('',#1797,#387);
#333=LINE('',#1838,#388);
#334=LINE('',#1841,#389);
#335=LINE('',#1882,#390);
#336=LINE('',#1885,#391);
#337=LINE('',#1924,#392);
#338=LINE('',#1927,#393);
#339=LINE('',#1968,#394);
#340=LINE('',#1971,#395);
#341=LINE('',#2010,#396);
#342=LINE('',#2013,#397);
#343=LINE('',#2052,#398);
#344=LINE('',#2055,#399);
#345=LINE('',#2094,#400);
#346=LINE('',#2097,#401);
#347=LINE('',#2138,#402);
#348=LINE('',#2141,#403);
#349=LINE('',#2180,#404);
#350=LINE('',#2183,#405);
#351=LINE('',#2224,#406);
#352=LINE('',#2227,#407);
#353=LINE('',#2268,#408);
#354=LINE('',#2271,#409);
#355=LINE('',#2310,#410);
#356=LINE('',#2313,#411);
#357=LINE('',#2354,#412);
#358=LINE('',#2357,#413);
#359=LINE('',#2396,#414);
#360=LINE('',#2399,#415);
#361=LINE('',#2421,#416);
#362=LINE('',#2424,#417);
#363=LINE('',#2429,#418);
#364=LINE('',#2431,#419);
#365=LINE('',#2432,#420);
#366=LINE('',#2436,#421);
#367=LINE('',#2475,#422);
#368=LINE('',#2477,#423);
#369=VECTOR('',#1255,10.);
#370=VECTOR('',#1256,10.);
#371=VECTOR('',#1257,10.);
#372=VECTOR('',#1258,10.);
#373=VECTOR('',#1259,10.);
#374=VECTOR('',#1260,10.);
#375=VECTOR('',#1263,10.);
#376=VECTOR('',#1264,10.);
#377=VECTOR('',#1265,10.);
#378=VECTOR('',#1268,10.);
#379=VECTOR('',#1269,10.);
#380=VECTOR('',#1272,10.);
#381=VECTOR('',#1273,10.);
#382=VECTOR('',#1282,10.);
#383=VECTOR('',#1285,10.);
#384=VECTOR('',#1328,10.);
#385=VECTOR('',#1331,10.);
#386=VECTOR('',#1338,10.);
#387=VECTOR('',#1341,10.);
#388=VECTOR('',#1348,10.);
#389=VECTOR('',#1351,10.);
#390=VECTOR('',#1358,10.);
#391=VECTOR('',#1361,10.);
#392=VECTOR('',#1368,10.);
#393=VECTOR('',#1371,10.);
#394=VECTOR('',#1378,10.);
#395=VECTOR('',#1381,10.);
#396=VECTOR('',#1388,10.);
#397=VECTOR('',#1391,10.);
#398=VECTOR('',#1398,10.);
#399=VECTOR('',#1401,10.);
#400=VECTOR('',#1408,10.);
#401=VECTOR('',#1411,10.);
#402=VECTOR('',#1418,10.);
#403=VECTOR('',#1421,10.);
#404=VECTOR('',#1428,10.);
#405=VECTOR('',#1431,10.);
#406=VECTOR('',#1438,10.);
#407=VECTOR('',#1441,10.);
#408=VECTOR('',#1448,10.);
#409=VECTOR('',#1451,10.);
#410=VECTOR('',#1458,10.);
#411=VECTOR('',#1461,10.);
#412=VECTOR('',#1468,10.);
#413=VECTOR('',#1471,10.);
#414=VECTOR('',#1478,10.);
#415=VECTOR('',#1481,10.);
#416=VECTOR('',#1488,10.);
#417=VECTOR('',#1491,10.);
#418=VECTOR('',#1496,10.);
#419=VECTOR('',#1497,10.);
#420=VECTOR('',#1498,10.);
#421=VECTOR('',#1503,2.75);
#422=VECTOR('',#1580,10.);
#423=VECTOR('',#1583,10.);
#424=VERTEX_POINT('',#1588);
#425=VERTEX_POINT('',#1589);
#426=VERTEX_POINT('',#1591);
#427=VERTEX_POINT('',#1593);
#428=VERTEX_POINT('',#1595);
#429=VERTEX_POINT('',#1597);
#430=VERTEX_POINT('',#1601);
#431=VERTEX_POINT('',#1603);
#432=VERTEX_POINT('',#1607);
#433=VERTEX_POINT('',#1611);
#434=VERTEX_POINT('',#1615);
#435=VERTEX_POINT('',#1616);
#436=VERTEX_POINT('',#1635);
#437=VERTEX_POINT('',#1637);
#438=VERTEX_POINT('',#1656);
#439=VERTEX_POINT('',#1673);
#440=VERTEX_POINT('',#1675);
#441=VERTEX_POINT('',#1679);
#442=VERTEX_POINT('',#1681);
#443=VERTEX_POINT('',#1683);
#444=VERTEX_POINT('',#1685);
#445=VERTEX_POINT('',#1687);
#446=VERTEX_POINT('',#1689);
#447=VERTEX_POINT('',#1691);
#448=VERTEX_POINT('',#1693);
#449=VERTEX_POINT('',#1695);
#450=VERTEX_POINT('',#1697);
#451=VERTEX_POINT('',#1699);
#452=VERTEX_POINT('',#1701);
#453=VERTEX_POINT('',#1703);
#454=VERTEX_POINT('',#1705);
#455=VERTEX_POINT('',#1707);
#456=VERTEX_POINT('',#1709);
#457=VERTEX_POINT('',#1713);
#458=VERTEX_POINT('',#1732);
#459=VERTEX_POINT('',#1751);
#460=VERTEX_POINT('',#1753);
#461=VERTEX_POINT('',#1757);
#462=VERTEX_POINT('',#1776);
#463=VERTEX_POINT('',#1793);
#464=VERTEX_POINT('',#1795);
#465=VERTEX_POINT('',#1799);
#466=VERTEX_POINT('',#1818);
#467=VERTEX_POINT('',#1837);
#468=VERTEX_POINT('',#1839);
#469=VERTEX_POINT('',#1843);
#470=VERTEX_POINT('',#1862);
#471=VERTEX_POINT('',#1881);
#472=VERTEX_POINT('',#1883);
#473=VERTEX_POINT('',#1887);
#474=VERTEX_POINT('',#1906);
#475=VERTEX_POINT('',#1923);
#476=VERTEX_POINT('',#1925);
#477=VERTEX_POINT('',#1929);
#478=VERTEX_POINT('',#1948);
#479=VERTEX_POINT('',#1967);
#480=VERTEX_POINT('',#1969);
#481=VERTEX_POINT('',#1973);
#482=VERTEX_POINT('',#1992);
#483=VERTEX_POINT('',#2009);
#484=VERTEX_POINT('',#2011);
#485=VERTEX_POINT('',#2015);
#486=VERTEX_POINT('',#2034);
#487=VERTEX_POINT('',#2051);
#488=VERTEX_POINT('',#2053);
#489=VERTEX_POINT('',#2057);
#490=VERTEX_POINT('',#2076);
#491=VERTEX_POINT('',#2093);
#492=VERTEX_POINT('',#2095);
#493=VERTEX_POINT('',#2099);
#494=VERTEX_POINT('',#2118);
#495=VERTEX_POINT('',#2137);
#496=VERTEX_POINT('',#2139);
#497=VERTEX_POINT('',#2143);
#498=VERTEX_POINT('',#2162);
#499=VERTEX_POINT('',#2179);
#500=VERTEX_POINT('',#2181);
#501=VERTEX_POINT('',#2185);
#502=VERTEX_POINT('',#2204);
#503=VERTEX_POINT('',#2223);
#504=VERTEX_POINT('',#2225);
#505=VERTEX_POINT('',#2229);
#506=VERTEX_POINT('',#2248);
#507=VERTEX_POINT('',#2267);
#508=VERTEX_POINT('',#2269);
#509=VERTEX_POINT('',#2273);
#510=VERTEX_POINT('',#2292);
#511=VERTEX_POINT('',#2309);
#512=VERTEX_POINT('',#2311);
#513=VERTEX_POINT('',#2315);
#514=VERTEX_POINT('',#2334);
#515=VERTEX_POINT('',#2353);
#516=VERTEX_POINT('',#2355);
#517=VERTEX_POINT('',#2359);
#518=VERTEX_POINT('',#2378);
#519=VERTEX_POINT('',#2395);
#520=VERTEX_POINT('',#2397);
#521=VERTEX_POINT('',#2401);
#522=VERTEX_POINT('',#2420);
#523=VERTEX_POINT('',#2422);
#524=VERTEX_POINT('',#2426);
#525=VERTEX_POINT('',#2428);
#526=VERTEX_POINT('',#2430);
#527=VERTEX_POINT('',#2434);
#528=EDGE_CURVE('',#424,#425,#314,.T.);
#529=EDGE_CURVE('',#426,#424,#315,.T.);
#530=EDGE_CURVE('',#427,#426,#316,.T.);
#531=EDGE_CURVE('',#428,#427,#317,.T.);
#532=EDGE_CURVE('',#429,#428,#318,.T.);
#533=EDGE_CURVE('',#425,#429,#319,.T.);
#534=EDGE_CURVE('',#430,#426,#320,.T.);
#535=EDGE_CURVE('',#431,#430,#321,.T.);
#536=EDGE_CURVE('',#431,#427,#322,.T.);
#537=EDGE_CURVE('',#432,#424,#323,.T.);
#538=EDGE_CURVE('',#430,#432,#324,.T.);
#539=EDGE_CURVE('',#433,#425,#325,.T.);
#540=EDGE_CURVE('',#432,#433,#326,.T.);
#541=EDGE_CURVE('',#434,#435,#128,.T.);
#542=EDGE_CURVE('',#435,#436,#54,.T.);
#543=EDGE_CURVE('',#436,#437,#129,.T.);
#544=EDGE_CURVE('',#437,#434,#55,.T.);
#545=EDGE_CURVE('',#438,#436,#130,.T.);
#546=EDGE_CURVE('',#439,#438,#327,.T.);
#547=EDGE_CURVE('',#440,#439,#56,.T.);
#548=EDGE_CURVE('',#440,#437,#328,.T.);
#549=EDGE_CURVE('',#441,#435,#57,.T.);
#550=EDGE_CURVE('',#442,#441,#58,.T.);
#551=EDGE_CURVE('',#443,#442,#59,.T.);
#552=EDGE_CURVE('',#444,#443,#60,.T.);
#553=EDGE_CURVE('',#445,#444,#61,.T.);
#554=EDGE_CURVE('',#446,#445,#62,.T.);
#555=EDGE_CURVE('',#447,#446,#63,.T.);
#556=EDGE_CURVE('',#448,#447,#64,.T.);
#557=EDGE_CURVE('',#449,#448,#65,.T.);
#558=EDGE_CURVE('',#450,#449,#66,.T.);
#559=EDGE_CURVE('',#451,#450,#67,.T.);
#560=EDGE_CURVE('',#452,#451,#68,.T.);
#561=EDGE_CURVE('',#453,#452,#69,.T.);
#562=EDGE_CURVE('',#454,#453,#70,.T.);
#563=EDGE_CURVE('',#455,#454,#71,.T.);
#564=EDGE_CURVE('',#456,#455,#72,.T.);
#565=EDGE_CURVE('',#436,#456,#73,.T.);
#566=EDGE_CURVE('',#456,#457,#131,.T.);
#567=EDGE_CURVE('',#457,#438,#74,.T.);
#568=EDGE_CURVE('',#458,#456,#132,.T.);
#569=EDGE_CURVE('',#459,#458,#329,.T.);
#570=EDGE_CURVE('',#460,#459,#75,.T.);
#571=EDGE_CURVE('',#460,#457,#330,.T.);
#572=EDGE_CURVE('',#455,#461,#133,.T.);
#573=EDGE_CURVE('',#461,#458,#76,.T.);
#574=EDGE_CURVE('',#462,#455,#134,.T.);
#575=EDGE_CURVE('',#463,#462,#331,.T.);
#576=EDGE_CURVE('',#464,#463,#77,.T.);
#577=EDGE_CURVE('',#464,#461,#332,.T.);
#578=EDGE_CURVE('',#454,#465,#135,.T.);
#579=EDGE_CURVE('',#465,#462,#78,.T.);
#580=EDGE_CURVE('',#466,#454,#136,.T.);
#581=EDGE_CURVE('',#467,#466,#333,.T.);
#582=EDGE_CURVE('',#468,#467,#79,.T.);
#583=EDGE_CURVE('',#468,#465,#334,.T.);
#584=EDGE_CURVE('',#453,#469,#137,.T.);
#585=EDGE_CURVE('',#469,#466,#80,.T.);
#586=EDGE_CURVE('',#470,#453,#138,.T.);
#587=EDGE_CURVE('',#471,#470,#335,.T.);
#588=EDGE_CURVE('',#472,#471,#81,.T.);
#589=EDGE_CURVE('',#472,#469,#336,.T.);
#590=EDGE_CURVE('',#452,#473,#139,.T.);
#591=EDGE_CURVE('',#473,#470,#82,.T.);
#592=EDGE_CURVE('',#474,#452,#140,.T.);
#593=EDGE_CURVE('',#475,#474,#337,.T.);
#594=EDGE_CURVE('',#476,#475,#83,.T.);
#595=EDGE_CURVE('',#476,#473,#338,.T.);
#596=EDGE_CURVE('',#451,#477,#141,.T.);
#597=EDGE_CURVE('',#477,#474,#84,.T.);
#598=EDGE_CURVE('',#478,#451,#142,.T.);
#599=EDGE_CURVE('',#479,#478,#339,.T.);
#600=EDGE_CURVE('',#480,#479,#85,.T.);
#601=EDGE_CURVE('',#480,#477,#340,.T.);
#602=EDGE_CURVE('',#450,#481,#143,.T.);
#603=EDGE_CURVE('',#481,#478,#86,.T.);
#604=EDGE_CURVE('',#482,#450,#144,.T.);
#605=EDGE_CURVE('',#483,#482,#341,.T.);
#606=EDGE_CURVE('',#484,#483,#87,.T.);
#607=EDGE_CURVE('',#484,#481,#342,.T.);
#608=EDGE_CURVE('',#449,#485,#145,.T.);
#609=EDGE_CURVE('',#485,#482,#88,.T.);
#610=EDGE_CURVE('',#486,#449,#146,.T.);
#611=EDGE_CURVE('',#487,#486,#343,.T.);
#612=EDGE_CURVE('',#488,#487,#89,.T.);
#613=EDGE_CURVE('',#488,#485,#344,.T.);
#614=EDGE_CURVE('',#448,#489,#147,.T.);
#615=EDGE_CURVE('',#489,#486,#90,.T.);
#616=EDGE_CURVE('',#490,#448,#148,.T.);
#617=EDGE_CURVE('',#491,#490,#345,.T.);
#618=EDGE_CURVE('',#492,#491,#91,.T.);
#619=EDGE_CURVE('',#492,#489,#346,.T.);
#620=EDGE_CURVE('',#447,#493,#149,.T.);
#621=EDGE_CURVE('',#493,#490,#92,.T.);
#622=EDGE_CURVE('',#494,#447,#150,.T.);
#623=EDGE_CURVE('',#495,#494,#347,.T.);
#624=EDGE_CURVE('',#496,#495,#93,.T.);
#625=EDGE_CURVE('',#496,#493,#348,.T.);
#626=EDGE_CURVE('',#446,#497,#151,.T.);
#627=EDGE_CURVE('',#497,#494,#94,.T.);
#628=EDGE_CURVE('',#498,#446,#152,.T.);
#629=EDGE_CURVE('',#499,#498,#349,.T.);
#630=EDGE_CURVE('',#500,#499,#95,.T.);
#631=EDGE_CURVE('',#497,#500,#350,.T.);
#632=EDGE_CURVE('',#445,#501,#153,.T.);
#633=EDGE_CURVE('',#501,#498,#96,.T.);
#634=EDGE_CURVE('',#502,#445,#154,.T.);
#635=EDGE_CURVE('',#503,#502,#351,.T.);
#636=EDGE_CURVE('',#504,#503,#97,.T.);
#637=EDGE_CURVE('',#504,#501,#352,.T.);
#638=EDGE_CURVE('',#444,#505,#155,.T.);
#639=EDGE_CURVE('',#505,#502,#98,.T.);
#640=EDGE_CURVE('',#506,#444,#156,.T.);
#641=EDGE_CURVE('',#507,#506,#353,.T.);
#642=EDGE_CURVE('',#508,#507,#99,.T.);
#643=EDGE_CURVE('',#508,#505,#354,.T.);
#644=EDGE_CURVE('',#443,#509,#157,.T.);
#645=EDGE_CURVE('',#509,#506,#100,.T.);
#646=EDGE_CURVE('',#510,#443,#158,.T.);
#647=EDGE_CURVE('',#511,#510,#355,.T.);
#648=EDGE_CURVE('',#512,#511,#101,.T.);
#649=EDGE_CURVE('',#512,#509,#356,.T.);
#650=EDGE_CURVE('',#442,#513,#159,.T.);
#651=EDGE_CURVE('',#513,#510,#102,.T.);
#652=EDGE_CURVE('',#514,#442,#160,.T.);
#653=EDGE_CURVE('',#515,#514,#357,.T.);
#654=EDGE_CURVE('',#516,#515,#103,.T.);
#655=EDGE_CURVE('',#516,#513,#358,.T.);
#656=EDGE_CURVE('',#441,#517,#161,.T.);
#657=EDGE_CURVE('',#517,#514,#104,.T.);
#658=EDGE_CURVE('',#518,#441,#162,.T.);
#659=EDGE_CURVE('',#519,#518,#359,.T.);
#660=EDGE_CURVE('',#520,#519,#105,.T.);
#661=EDGE_CURVE('',#520,#517,#360,.T.);
#662=EDGE_CURVE('',#435,#521,#163,.T.);
#663=EDGE_CURVE('',#521,#518,#106,.T.);
#664=EDGE_CURVE('',#522,#434,#361,.T.);
#665=EDGE_CURVE('',#523,#522,#107,.T.);
#666=EDGE_CURVE('',#523,#521,#362,.T.);
#667=EDGE_CURVE('',#524,#524,#108,.T.);
#668=EDGE_CURVE('',#433,#525,#363,.T.);
#669=EDGE_CURVE('',#525,#526,#364,.T.);
#670=EDGE_CURVE('',#526,#431,#365,.T.);
#671=EDGE_CURVE('',#527,#527,#109,.T.);
#672=EDGE_CURVE('',#527,#524,#366,.T.);
#673=EDGE_CURVE('',#491,#496,#110,.T.);
#674=EDGE_CURVE('',#487,#492,#111,.T.);
#675=EDGE_CURVE('',#483,#488,#112,.T.);
#676=EDGE_CURVE('',#479,#484,#113,.T.);
#677=EDGE_CURVE('',#475,#480,#114,.T.);
#678=EDGE_CURVE('',#471,#476,#115,.T.);
#679=EDGE_CURVE('',#467,#472,#116,.T.);
#680=EDGE_CURVE('',#463,#468,#117,.T.);
#681=EDGE_CURVE('',#459,#464,#118,.T.);
#682=EDGE_CURVE('',#439,#460,#119,.T.);
#683=EDGE_CURVE('',#522,#440,#120,.T.);
#684=EDGE_CURVE('',#519,#523,#121,.T.);
#685=EDGE_CURVE('',#515,#520,#122,.T.);
#686=EDGE_CURVE('',#511,#516,#123,.T.);
#687=EDGE_CURVE('',#507,#512,#124,.T.);
#688=EDGE_CURVE('',#503,#508,#125,.T.);
#689=EDGE_CURVE('',#499,#504,#126,.T.);
#690=EDGE_CURVE('',#495,#500,#127,.T.);
#691=EDGE_CURVE('',#525,#429,#367,.T.);
#692=EDGE_CURVE('',#526,#428,#368,.T.);
#693=ORIENTED_EDGE('',*,*,#528,.F.);
#694=ORIENTED_EDGE('',*,*,#529,.F.);
#695=ORIENTED_EDGE('',*,*,#530,.F.);
#696=ORIENTED_EDGE('',*,*,#531,.F.);
#697=ORIENTED_EDGE('',*,*,#532,.F.);
#698=ORIENTED_EDGE('',*,*,#533,.F.);
#699=ORIENTED_EDGE('',*,*,#530,.T.);
#700=ORIENTED_EDGE('',*,*,#534,.F.);
#701=ORIENTED_EDGE('',*,*,#535,.F.);
#702=ORIENTED_EDGE('',*,*,#536,.T.);
#703=ORIENTED_EDGE('',*,*,#529,.T.);
#704=ORIENTED_EDGE('',*,*,#537,.F.);
#705=ORIENTED_EDGE('',*,*,#538,.F.);
#706=ORIENTED_EDGE('',*,*,#534,.T.);
#707=ORIENTED_EDGE('',*,*,#528,.T.);
#708=ORIENTED_EDGE('',*,*,#539,.F.);
#709=ORIENTED_EDGE('',*,*,#540,.F.);
#710=ORIENTED_EDGE('',*,*,#537,.T.);
#711=ORIENTED_EDGE('',*,*,#541,.T.);
#712=ORIENTED_EDGE('',*,*,#542,.T.);
#713=ORIENTED_EDGE('',*,*,#543,.T.);
#714=ORIENTED_EDGE('',*,*,#544,.T.);
#715=ORIENTED_EDGE('',*,*,#543,.F.);
#716=ORIENTED_EDGE('',*,*,#545,.F.);
#717=ORIENTED_EDGE('',*,*,#546,.F.);
#718=ORIENTED_EDGE('',*,*,#547,.F.);
#719=ORIENTED_EDGE('',*,*,#548,.T.);
#720=ORIENTED_EDGE('',*,*,#542,.F.);
#721=ORIENTED_EDGE('',*,*,#549,.F.);
#722=ORIENTED_EDGE('',*,*,#550,.F.);
#723=ORIENTED_EDGE('',*,*,#551,.F.);
#724=ORIENTED_EDGE('',*,*,#552,.F.);
#725=ORIENTED_EDGE('',*,*,#553,.F.);
#726=ORIENTED_EDGE('',*,*,#554,.F.);
#727=ORIENTED_EDGE('',*,*,#555,.F.);
#728=ORIENTED_EDGE('',*,*,#556,.F.);
#729=ORIENTED_EDGE('',*,*,#557,.F.);
#730=ORIENTED_EDGE('',*,*,#558,.F.);
#731=ORIENTED_EDGE('',*,*,#559,.F.);
#732=ORIENTED_EDGE('',*,*,#560,.F.);
#733=ORIENTED_EDGE('',*,*,#561,.F.);
#734=ORIENTED_EDGE('',*,*,#562,.F.);
#735=ORIENTED_EDGE('',*,*,#563,.F.);
#736=ORIENTED_EDGE('',*,*,#564,.F.);
#737=ORIENTED_EDGE('',*,*,#565,.F.);
#738=ORIENTED_EDGE('',*,*,#545,.T.);
#739=ORIENTED_EDGE('',*,*,#565,.T.);
#740=ORIENTED_EDGE('',*,*,#566,.T.);
#741=ORIENTED_EDGE('',*,*,#567,.T.);
#742=ORIENTED_EDGE('',*,*,#566,.F.);
#743=ORIENTED_EDGE('',*,*,#568,.F.);
#744=ORIENTED_EDGE('',*,*,#569,.F.);
#745=ORIENTED_EDGE('',*,*,#570,.F.);
#746=ORIENTED_EDGE('',*,*,#571,.T.);
#747=ORIENTED_EDGE('',*,*,#568,.T.);
#748=ORIENTED_EDGE('',*,*,#564,.T.);
#749=ORIENTED_EDGE('',*,*,#572,.T.);
#750=ORIENTED_EDGE('',*,*,#573,.T.);
#751=ORIENTED_EDGE('',*,*,#572,.F.);
#752=ORIENTED_EDGE('',*,*,#574,.F.);
#753=ORIENTED_EDGE('',*,*,#575,.F.);
#754=ORIENTED_EDGE('',*,*,#576,.F.);
#755=ORIENTED_EDGE('',*,*,#577,.T.);
#756=ORIENTED_EDGE('',*,*,#574,.T.);
#757=ORIENTED_EDGE('',*,*,#563,.T.);
#758=ORIENTED_EDGE('',*,*,#578,.T.);
#759=ORIENTED_EDGE('',*,*,#579,.T.);
#760=ORIENTED_EDGE('',*,*,#578,.F.);
#761=ORIENTED_EDGE('',*,*,#580,.F.);
#762=ORIENTED_EDGE('',*,*,#581,.F.);
#763=ORIENTED_EDGE('',*,*,#582,.F.);
#764=ORIENTED_EDGE('',*,*,#583,.T.);
#765=ORIENTED_EDGE('',*,*,#580,.T.);
#766=ORIENTED_EDGE('',*,*,#562,.T.);
#767=ORIENTED_EDGE('',*,*,#584,.T.);
#768=ORIENTED_EDGE('',*,*,#585,.T.);
#769=ORIENTED_EDGE('',*,*,#584,.F.);
#770=ORIENTED_EDGE('',*,*,#586,.F.);
#771=ORIENTED_EDGE('',*,*,#587,.F.);
#772=ORIENTED_EDGE('',*,*,#588,.F.);
#773=ORIENTED_EDGE('',*,*,#589,.T.);
#774=ORIENTED_EDGE('',*,*,#586,.T.);
#775=ORIENTED_EDGE('',*,*,#561,.T.);
#776=ORIENTED_EDGE('',*,*,#590,.T.);
#777=ORIENTED_EDGE('',*,*,#591,.T.);
#778=ORIENTED_EDGE('',*,*,#590,.F.);
#779=ORIENTED_EDGE('',*,*,#592,.F.);
#780=ORIENTED_EDGE('',*,*,#593,.F.);
#781=ORIENTED_EDGE('',*,*,#594,.F.);
#782=ORIENTED_EDGE('',*,*,#595,.T.);
#783=ORIENTED_EDGE('',*,*,#592,.T.);
#784=ORIENTED_EDGE('',*,*,#560,.T.);
#785=ORIENTED_EDGE('',*,*,#596,.T.);
#786=ORIENTED_EDGE('',*,*,#597,.T.);
#787=ORIENTED_EDGE('',*,*,#596,.F.);
#788=ORIENTED_EDGE('',*,*,#598,.F.);
#789=ORIENTED_EDGE('',*,*,#599,.F.);
#790=ORIENTED_EDGE('',*,*,#600,.F.);
#791=ORIENTED_EDGE('',*,*,#601,.T.);
#792=ORIENTED_EDGE('',*,*,#598,.T.);
#793=ORIENTED_EDGE('',*,*,#559,.T.);
#794=ORIENTED_EDGE('',*,*,#602,.T.);
#795=ORIENTED_EDGE('',*,*,#603,.T.);
#796=ORIENTED_EDGE('',*,*,#602,.F.);
#797=ORIENTED_EDGE('',*,*,#604,.F.);
#798=ORIENTED_EDGE('',*,*,#605,.F.);
#799=ORIENTED_EDGE('',*,*,#606,.F.);
#800=ORIENTED_EDGE('',*,*,#607,.T.);
#801=ORIENTED_EDGE('',*,*,#604,.T.);
#802=ORIENTED_EDGE('',*,*,#558,.T.);
#803=ORIENTED_EDGE('',*,*,#608,.T.);
#804=ORIENTED_EDGE('',*,*,#609,.T.);
#805=ORIENTED_EDGE('',*,*,#608,.F.);
#806=ORIENTED_EDGE('',*,*,#610,.F.);
#807=ORIENTED_EDGE('',*,*,#611,.F.);
#808=ORIENTED_EDGE('',*,*,#612,.F.);
#809=ORIENTED_EDGE('',*,*,#613,.T.);
#810=ORIENTED_EDGE('',*,*,#610,.T.);
#811=ORIENTED_EDGE('',*,*,#557,.T.);
#812=ORIENTED_EDGE('',*,*,#614,.T.);
#813=ORIENTED_EDGE('',*,*,#615,.T.);
#814=ORIENTED_EDGE('',*,*,#614,.F.);
#815=ORIENTED_EDGE('',*,*,#616,.F.);
#816=ORIENTED_EDGE('',*,*,#617,.F.);
#817=ORIENTED_EDGE('',*,*,#618,.F.);
#818=ORIENTED_EDGE('',*,*,#619,.T.);
#819=ORIENTED_EDGE('',*,*,#616,.T.);
#820=ORIENTED_EDGE('',*,*,#556,.T.);
#821=ORIENTED_EDGE('',*,*,#620,.T.);
#822=ORIENTED_EDGE('',*,*,#621,.T.);
#823=ORIENTED_EDGE('',*,*,#620,.F.);
#824=ORIENTED_EDGE('',*,*,#622,.F.);
#825=ORIENTED_EDGE('',*,*,#623,.F.);
#826=ORIENTED_EDGE('',*,*,#624,.F.);
#827=ORIENTED_EDGE('',*,*,#625,.T.);
#828=ORIENTED_EDGE('',*,*,#622,.T.);
#829=ORIENTED_EDGE('',*,*,#555,.T.);
#830=ORIENTED_EDGE('',*,*,#626,.T.);
#831=ORIENTED_EDGE('',*,*,#627,.T.);
#832=ORIENTED_EDGE('',*,*,#626,.F.);
#833=ORIENTED_EDGE('',*,*,#628,.F.);
#834=ORIENTED_EDGE('',*,*,#629,.F.);
#835=ORIENTED_EDGE('',*,*,#630,.F.);
#836=ORIENTED_EDGE('',*,*,#631,.F.);
#837=ORIENTED_EDGE('',*,*,#628,.T.);
#838=ORIENTED_EDGE('',*,*,#554,.T.);
#839=ORIENTED_EDGE('',*,*,#632,.T.);
#840=ORIENTED_EDGE('',*,*,#633,.T.);
#841=ORIENTED_EDGE('',*,*,#632,.F.);
#842=ORIENTED_EDGE('',*,*,#634,.F.);
#843=ORIENTED_EDGE('',*,*,#635,.F.);
#844=ORIENTED_EDGE('',*,*,#636,.F.);
#845=ORIENTED_EDGE('',*,*,#637,.T.);
#846=ORIENTED_EDGE('',*,*,#634,.T.);
#847=ORIENTED_EDGE('',*,*,#553,.T.);
#848=ORIENTED_EDGE('',*,*,#638,.T.);
#849=ORIENTED_EDGE('',*,*,#639,.T.);
#850=ORIENTED_EDGE('',*,*,#638,.F.);
#851=ORIENTED_EDGE('',*,*,#640,.F.);
#852=ORIENTED_EDGE('',*,*,#641,.F.);
#853=ORIENTED_EDGE('',*,*,#642,.F.);
#854=ORIENTED_EDGE('',*,*,#643,.T.);
#855=ORIENTED_EDGE('',*,*,#640,.T.);
#856=ORIENTED_EDGE('',*,*,#552,.T.);
#857=ORIENTED_EDGE('',*,*,#644,.T.);
#858=ORIENTED_EDGE('',*,*,#645,.T.);
#859=ORIENTED_EDGE('',*,*,#644,.F.);
#860=ORIENTED_EDGE('',*,*,#646,.F.);
#861=ORIENTED_EDGE('',*,*,#647,.F.);
#862=ORIENTED_EDGE('',*,*,#648,.F.);
#863=ORIENTED_EDGE('',*,*,#649,.T.);
#864=ORIENTED_EDGE('',*,*,#646,.T.);
#865=ORIENTED_EDGE('',*,*,#551,.T.);
#866=ORIENTED_EDGE('',*,*,#650,.T.);
#867=ORIENTED_EDGE('',*,*,#651,.T.);
#868=ORIENTED_EDGE('',*,*,#650,.F.);
#869=ORIENTED_EDGE('',*,*,#652,.F.);
#870=ORIENTED_EDGE('',*,*,#653,.F.);
#871=ORIENTED_EDGE('',*,*,#654,.F.);
#872=ORIENTED_EDGE('',*,*,#655,.T.);
#873=ORIENTED_EDGE('',*,*,#652,.T.);
#874=ORIENTED_EDGE('',*,*,#550,.T.);
#875=ORIENTED_EDGE('',*,*,#656,.T.);
#876=ORIENTED_EDGE('',*,*,#657,.T.);
#877=ORIENTED_EDGE('',*,*,#656,.F.);
#878=ORIENTED_EDGE('',*,*,#658,.F.);
#879=ORIENTED_EDGE('',*,*,#659,.F.);
#880=ORIENTED_EDGE('',*,*,#660,.F.);
#881=ORIENTED_EDGE('',*,*,#661,.T.);
#882=ORIENTED_EDGE('',*,*,#662,.T.);
#883=ORIENTED_EDGE('',*,*,#663,.T.);
#884=ORIENTED_EDGE('',*,*,#658,.T.);
#885=ORIENTED_EDGE('',*,*,#549,.T.);
#886=ORIENTED_EDGE('',*,*,#541,.F.);
#887=ORIENTED_EDGE('',*,*,#664,.F.);
#888=ORIENTED_EDGE('',*,*,#665,.F.);
#889=ORIENTED_EDGE('',*,*,#666,.T.);
#890=ORIENTED_EDGE('',*,*,#662,.F.);
#891=ORIENTED_EDGE('',*,*,#667,.T.);
#892=ORIENTED_EDGE('',*,*,#668,.T.);
#893=ORIENTED_EDGE('',*,*,#669,.T.);
#894=ORIENTED_EDGE('',*,*,#670,.T.);
#895=ORIENTED_EDGE('',*,*,#535,.T.);
#896=ORIENTED_EDGE('',*,*,#538,.T.);
#897=ORIENTED_EDGE('',*,*,#540,.T.);
#898=ORIENTED_EDGE('',*,*,#671,.F.);
#899=ORIENTED_EDGE('',*,*,#672,.T.);
#900=ORIENTED_EDGE('',*,*,#667,.F.);
#901=ORIENTED_EDGE('',*,*,#672,.F.);
#902=ORIENTED_EDGE('',*,*,#621,.F.);
#903=ORIENTED_EDGE('',*,*,#625,.F.);
#904=ORIENTED_EDGE('',*,*,#673,.F.);
#905=ORIENTED_EDGE('',*,*,#617,.T.);
#906=ORIENTED_EDGE('',*,*,#615,.F.);
#907=ORIENTED_EDGE('',*,*,#619,.F.);
#908=ORIENTED_EDGE('',*,*,#674,.F.);
#909=ORIENTED_EDGE('',*,*,#611,.T.);
#910=ORIENTED_EDGE('',*,*,#609,.F.);
#911=ORIENTED_EDGE('',*,*,#613,.F.);
#912=ORIENTED_EDGE('',*,*,#675,.F.);
#913=ORIENTED_EDGE('',*,*,#605,.T.);
#914=ORIENTED_EDGE('',*,*,#603,.F.);
#915=ORIENTED_EDGE('',*,*,#607,.F.);
#916=ORIENTED_EDGE('',*,*,#676,.F.);
#917=ORIENTED_EDGE('',*,*,#599,.T.);
#918=ORIENTED_EDGE('',*,*,#597,.F.);
#919=ORIENTED_EDGE('',*,*,#601,.F.);
#920=ORIENTED_EDGE('',*,*,#677,.F.);
#921=ORIENTED_EDGE('',*,*,#593,.T.);
#922=ORIENTED_EDGE('',*,*,#591,.F.);
#923=ORIENTED_EDGE('',*,*,#595,.F.);
#924=ORIENTED_EDGE('',*,*,#678,.F.);
#925=ORIENTED_EDGE('',*,*,#587,.T.);
#926=ORIENTED_EDGE('',*,*,#585,.F.);
#927=ORIENTED_EDGE('',*,*,#589,.F.);
#928=ORIENTED_EDGE('',*,*,#679,.F.);
#929=ORIENTED_EDGE('',*,*,#581,.T.);
#930=ORIENTED_EDGE('',*,*,#579,.F.);
#931=ORIENTED_EDGE('',*,*,#583,.F.);
#932=ORIENTED_EDGE('',*,*,#680,.F.);
#933=ORIENTED_EDGE('',*,*,#575,.T.);
#934=ORIENTED_EDGE('',*,*,#573,.F.);
#935=ORIENTED_EDGE('',*,*,#577,.F.);
#936=ORIENTED_EDGE('',*,*,#681,.F.);
#937=ORIENTED_EDGE('',*,*,#569,.T.);
#938=ORIENTED_EDGE('',*,*,#567,.F.);
#939=ORIENTED_EDGE('',*,*,#571,.F.);
#940=ORIENTED_EDGE('',*,*,#682,.F.);
#941=ORIENTED_EDGE('',*,*,#546,.T.);
#942=ORIENTED_EDGE('',*,*,#544,.F.);
#943=ORIENTED_EDGE('',*,*,#548,.F.);
#944=ORIENTED_EDGE('',*,*,#683,.F.);
#945=ORIENTED_EDGE('',*,*,#664,.T.);
#946=ORIENTED_EDGE('',*,*,#663,.F.);
#947=ORIENTED_EDGE('',*,*,#666,.F.);
#948=ORIENTED_EDGE('',*,*,#684,.F.);
#949=ORIENTED_EDGE('',*,*,#659,.T.);
#950=ORIENTED_EDGE('',*,*,#657,.F.);
#951=ORIENTED_EDGE('',*,*,#661,.F.);
#952=ORIENTED_EDGE('',*,*,#685,.F.);
#953=ORIENTED_EDGE('',*,*,#653,.T.);
#954=ORIENTED_EDGE('',*,*,#651,.F.);
#955=ORIENTED_EDGE('',*,*,#655,.F.);
#956=ORIENTED_EDGE('',*,*,#686,.F.);
#957=ORIENTED_EDGE('',*,*,#647,.T.);
#958=ORIENTED_EDGE('',*,*,#645,.F.);
#959=ORIENTED_EDGE('',*,*,#649,.F.);
#960=ORIENTED_EDGE('',*,*,#687,.F.);
#961=ORIENTED_EDGE('',*,*,#641,.T.);
#962=ORIENTED_EDGE('',*,*,#639,.F.);
#963=ORIENTED_EDGE('',*,*,#643,.F.);
#964=ORIENTED_EDGE('',*,*,#688,.F.);
#965=ORIENTED_EDGE('',*,*,#635,.T.);
#966=ORIENTED_EDGE('',*,*,#633,.F.);
#967=ORIENTED_EDGE('',*,*,#637,.F.);
#968=ORIENTED_EDGE('',*,*,#689,.F.);
#969=ORIENTED_EDGE('',*,*,#629,.T.);
#970=ORIENTED_EDGE('',*,*,#627,.F.);
#971=ORIENTED_EDGE('',*,*,#631,.T.);
#972=ORIENTED_EDGE('',*,*,#690,.F.);
#973=ORIENTED_EDGE('',*,*,#623,.T.);
#974=ORIENTED_EDGE('',*,*,#690,.T.);
#975=ORIENTED_EDGE('',*,*,#630,.T.);
#976=ORIENTED_EDGE('',*,*,#689,.T.);
#977=ORIENTED_EDGE('',*,*,#636,.T.);
#978=ORIENTED_EDGE('',*,*,#688,.T.);
#979=ORIENTED_EDGE('',*,*,#642,.T.);
#980=ORIENTED_EDGE('',*,*,#687,.T.);
#981=ORIENTED_EDGE('',*,*,#648,.T.);
#982=ORIENTED_EDGE('',*,*,#686,.T.);
#983=ORIENTED_EDGE('',*,*,#654,.T.);
#984=ORIENTED_EDGE('',*,*,#685,.T.);
#985=ORIENTED_EDGE('',*,*,#660,.T.);
#986=ORIENTED_EDGE('',*,*,#684,.T.);
#987=ORIENTED_EDGE('',*,*,#665,.T.);
#988=ORIENTED_EDGE('',*,*,#683,.T.);
#989=ORIENTED_EDGE('',*,*,#547,.T.);
#990=ORIENTED_EDGE('',*,*,#682,.T.);
#991=ORIENTED_EDGE('',*,*,#570,.T.);
#992=ORIENTED_EDGE('',*,*,#681,.T.);
#993=ORIENTED_EDGE('',*,*,#576,.T.);
#994=ORIENTED_EDGE('',*,*,#680,.T.);
#995=ORIENTED_EDGE('',*,*,#582,.T.);
#996=ORIENTED_EDGE('',*,*,#679,.T.);
#997=ORIENTED_EDGE('',*,*,#588,.T.);
#998=ORIENTED_EDGE('',*,*,#678,.T.);
#999=ORIENTED_EDGE('',*,*,#594,.T.);
#1000=ORIENTED_EDGE('',*,*,#677,.T.);
#1001=ORIENTED_EDGE('',*,*,#600,.T.);
#1002=ORIENTED_EDGE('',*,*,#676,.T.);
#1003=ORIENTED_EDGE('',*,*,#606,.T.);
#1004=ORIENTED_EDGE('',*,*,#675,.T.);
#1005=ORIENTED_EDGE('',*,*,#612,.T.);
#1006=ORIENTED_EDGE('',*,*,#674,.T.);
#1007=ORIENTED_EDGE('',*,*,#618,.T.);
#1008=ORIENTED_EDGE('',*,*,#673,.T.);
#1009=ORIENTED_EDGE('',*,*,#624,.T.);
#1010=ORIENTED_EDGE('',*,*,#671,.T.);
#1011=ORIENTED_EDGE('',*,*,#533,.T.);
#1012=ORIENTED_EDGE('',*,*,#691,.F.);
#1013=ORIENTED_EDGE('',*,*,#668,.F.);
#1014=ORIENTED_EDGE('',*,*,#539,.T.);
#1015=ORIENTED_EDGE('',*,*,#532,.T.);
#1016=ORIENTED_EDGE('',*,*,#692,.F.);
#1017=ORIENTED_EDGE('',*,*,#669,.F.);
#1018=ORIENTED_EDGE('',*,*,#691,.T.);
#1019=ORIENTED_EDGE('',*,*,#531,.T.);
#1020=ORIENTED_EDGE('',*,*,#536,.F.);
#1021=ORIENTED_EDGE('',*,*,#670,.F.);
#1022=ORIENTED_EDGE('',*,*,#692,.T.);
#1023=PLANE('',#1112);
#1024=PLANE('',#1113);
#1025=PLANE('',#1114);
#1026=PLANE('',#1115);
#1027=PLANE('',#1121);
#1028=PLANE('',#1207);
#1029=PLANE('',#1247);
#1030=PLANE('',#1248);
#1031=PLANE('',#1249);
#1032=PLANE('',#1250);
#1033=ADVANCED_FACE('',(#182),#1023,.F.);
#1034=ADVANCED_FACE('',(#183),#1024,.T.);
#1035=ADVANCED_FACE('',(#184),#1025,.T.);
#1036=ADVANCED_FACE('',(#185),#1026,.T.);
#1037=ADVANCED_FACE('',(#186),#164,.T.);
#1038=ADVANCED_FACE('',(#187),#17,.F.);
#1039=ADVANCED_FACE('',(#188),#1027,.T.);
#1040=ADVANCED_FACE('',(#189),#165,.T.);
#1041=ADVANCED_FACE('',(#190),#18,.F.);
#1042=ADVANCED_FACE('',(#191),#166,.T.);
#1043=ADVANCED_FACE('',(#192),#19,.F.);
#1044=ADVANCED_FACE('',(#193),#167,.T.);
#1045=ADVANCED_FACE('',(#194),#20,.F.);
#1046=ADVANCED_FACE('',(#195),#168,.T.);
#1047=ADVANCED_FACE('',(#196),#21,.F.);
#1048=ADVANCED_FACE('',(#197),#169,.T.);
#1049=ADVANCED_FACE('',(#198),#22,.F.);
#1050=ADVANCED_FACE('',(#199),#170,.T.);
#1051=ADVANCED_FACE('',(#200),#23,.F.);
#1052=ADVANCED_FACE('',(#201),#171,.T.);
#1053=ADVANCED_FACE('',(#202),#24,.F.);
#1054=ADVANCED_FACE('',(#203),#172,.T.);
#1055=ADVANCED_FACE('',(#204),#25,.F.);
#1056=ADVANCED_FACE('',(#205),#173,.T.);
#1057=ADVANCED_FACE('',(#206),#26,.F.);
#1058=ADVANCED_FACE('',(#207),#174,.T.);
#1059=ADVANCED_FACE('',(#208),#27,.F.);
#1060=ADVANCED_FACE('',(#209),#175,.T.);
#1061=ADVANCED_FACE('',(#210),#28,.F.);
#1062=ADVANCED_FACE('',(#211),#176,.T.);
#1063=ADVANCED_FACE('',(#212),#29,.F.);
#1064=ADVANCED_FACE('',(#213),#177,.T.);
#1065=ADVANCED_FACE('',(#214),#30,.F.);
#1066=ADVANCED_FACE('',(#215),#178,.T.);
#1067=ADVANCED_FACE('',(#216),#31,.F.);
#1068=ADVANCED_FACE('',(#217),#179,.T.);
#1069=ADVANCED_FACE('',(#218),#32,.F.);
#1070=ADVANCED_FACE('',(#219),#180,.T.);
#1071=ADVANCED_FACE('',(#220),#33,.F.);
#1072=ADVANCED_FACE('',(#221),#181,.T.);
#1073=ADVANCED_FACE('',(#222),#34,.F.);
#1074=ADVANCED_FACE('',(#223,#15),#1028,.F.);
#1075=ADVANCED_FACE('',(#224),#35,.F.);
#1076=ADVANCED_FACE('',(#225),#36,.T.);
#1077=ADVANCED_FACE('',(#226),#37,.T.);
#1078=ADVANCED_FACE('',(#227),#38,.T.);
#1079=ADVANCED_FACE('',(#228),#39,.T.);
#1080=ADVANCED_FACE('',(#229),#40,.T.);
#1081=ADVANCED_FACE('',(#230),#41,.T.);
#1082=ADVANCED_FACE('',(#231),#42,.T.);
#1083=ADVANCED_FACE('',(#232),#43,.T.);
#1084=ADVANCED_FACE('',(#233),#44,.T.);
#1085=ADVANCED_FACE('',(#234),#45,.T.);
#1086=ADVANCED_FACE('',(#235),#46,.T.);
#1087=ADVANCED_FACE('',(#236),#47,.T.);
#1088=ADVANCED_FACE('',(#237),#48,.T.);
#1089=ADVANCED_FACE('',(#238),#49,.T.);
#1090=ADVANCED_FACE('',(#239),#50,.T.);
#1091=ADVANCED_FACE('',(#240),#51,.T.);
#1092=ADVANCED_FACE('',(#241),#52,.T.);
#1093=ADVANCED_FACE('',(#242),#53,.T.);
#1094=ADVANCED_FACE('',(#243,#16),#1029,.F.);
#1095=ADVANCED_FACE('',(#244),#1030,.T.);
#1096=ADVANCED_FACE('',(#245),#1031,.T.);
#1097=ADVANCED_FACE('',(#246),#1032,.T.);
#1098=CLOSED_SHELL('',(#1033,#1034,#1035,#1036,#1037,#1038,#1039,#1040,
#1041,#1042,#1043,#1044,#1045,#1046,#1047,#1048,#1049,#1050,#1051,#1052,
#1053,#1054,#1055,#1056,#1057,#1058,#1059,#1060,#1061,#1062,#1063,#1064,
#1065,#1066,#1067,#1068,#1069,#1070,#1071,#1072,#1073,#1074,#1075,#1076,
#1077,#1078,#1079,#1080,#1081,#1082,#1083,#1084,#1085,#1086,#1087,#1088,
#1089,#1090,#1091,#1092,#1093,#1094,#1095,#1096,#1097));
#1099=DERIVED_UNIT_ELEMENT(#1101,1.);
#1100=DERIVED_UNIT_ELEMENT(#2484,-3.);
#1101=(
MASS_UNIT()
NAMED_UNIT(*)
SI_UNIT(.KILO.,.GRAM.)
);
#1102=DERIVED_UNIT((#1099,#1100));
#1103=MEASURE_REPRESENTATION_ITEM('density measure',
POSITIVE_RATIO_MEASURE(7850.),#1102);
#1104=PROPERTY_DEFINITION_REPRESENTATION(#1109,#1106);
#1105=PROPERTY_DEFINITION_REPRESENTATION(#1110,#1107);
#1106=REPRESENTATION('material name',(#1108),#2481);
#1107=REPRESENTATION('density',(#1103),#2481);
#1108=DESCRIPTIVE_REPRESENTATION_ITEM('Steel','Steel');
#1109=PROPERTY_DEFINITION('material property','material name',#2491);
#1110=PROPERTY_DEFINITION('material property','density of part',#2491);
#1111=AXIS2_PLACEMENT_3D('',#1586,#1251,#1252);
#1112=AXIS2_PLACEMENT_3D('',#1587,#1253,#1254);
#1113=AXIS2_PLACEMENT_3D('',#1600,#1261,#1262);
#1114=AXIS2_PLACEMENT_3D('',#1606,#1266,#1267);
#1115=AXIS2_PLACEMENT_3D('',#1610,#1270,#1271);
#1116=AXIS2_PLACEMENT_3D('',#1614,#1274,#1275);
#1117=AXIS2_PLACEMENT_3D('',#1636,#1276,#1277);
#1118=AXIS2_PLACEMENT_3D('',#1654,#1278,#1279);
#1119=AXIS2_PLACEMENT_3D('',#1655,#1280,#1281);
#1120=AXIS2_PLACEMENT_3D('',#1676,#1283,#1284);
#1121=AXIS2_PLACEMENT_3D('',#1678,#1286,#1287);
#1122=AXIS2_PLACEMENT_3D('',#1680,#1288,#1289);
#1123=AXIS2_PLACEMENT_3D('',#1682,#1290,#1291);
#1124=AXIS2_PLACEMENT_3D('',#1684,#1292,#1293);
#1125=AXIS2_PLACEMENT_3D('',#1686,#1294,#1295);
#1126=AXIS2_PLACEMENT_3D('',#1688,#1296,#1297);
#1127=AXIS2_PLACEMENT_3D('',#1690,#1298,#1299);
#1128=AXIS2_PLACEMENT_3D('',#1692,#1300,#1301);
#1129=AXIS2_PLACEMENT_3D('',#1694,#1302,#1303);
#1130=AXIS2_PLACEMENT_3D('',#1696,#1304,#1305);
#1131=AXIS2_PLACEMENT_3D('',#1698,#1306,#1307);
#1132=AXIS2_PLACEMENT_3D('',#1700,#1308,#1309);
#1133=AXIS2_PLACEMENT_3D('',#1702,#1310,#1311);
#1134=AXIS2_PLACEMENT_3D('',#1704,#1312,#1313);
#1135=AXIS2_PLACEMENT_3D('',#1706,#1314,#1315);
#1136=AXIS2_PLACEMENT_3D('',#1708,#1316,#1317);
#1137=AXIS2_PLACEMENT_3D('',#1710,#1318,#1319);
#1138=AXIS2_PLACEMENT_3D('',#1711,#1320,#1321);
#1139=AXIS2_PLACEMENT_3D('',#1712,#1322,#1323);
#1140=AXIS2_PLACEMENT_3D('',#1730,#1324,#1325);
#1141=AXIS2_PLACEMENT_3D('',#1731,#1326,#1327);
#1142=AXIS2_PLACEMENT_3D('',#1754,#1329,#1330);
#1143=AXIS2_PLACEMENT_3D('',#1756,#1332,#1333);
#1144=AXIS2_PLACEMENT_3D('',#1774,#1334,#1335);
#1145=AXIS2_PLACEMENT_3D('',#1775,#1336,#1337);
#1146=AXIS2_PLACEMENT_3D('',#1796,#1339,#1340);
#1147=AXIS2_PLACEMENT_3D('',#1798,#1342,#1343);
#1148=AXIS2_PLACEMENT_3D('',#1816,#1344,#1345);
#1149=AXIS2_PLACEMENT_3D('',#1817,#1346,#1347);
#1150=AXIS2_PLACEMENT_3D('',#1840,#1349,#1350);
#1151=AXIS2_PLACEMENT_3D('',#1842,#1352,#1353);
#1152=AXIS2_PLACEMENT_3D('',#1860,#1354,#1355);
#1153=AXIS2_PLACEMENT_3D('',#1861,#1356,#1357);
#1154=AXIS2_PLACEMENT_3D('',#1884,#1359,#1360);
#1155=AXIS2_PLACEMENT_3D('',#1886,#1362,#1363);
#1156=AXIS2_PLACEMENT_3D('',#1904,#1364,#1365);
#1157=AXIS2_PLACEMENT_3D('',#1905,#1366,#1367);
#1158=AXIS2_PLACEMENT_3D('',#1926,#1369,#1370);
#1159=AXIS2_PLACEMENT_3D('',#1928,#1372,#1373);
#1160=AXIS2_PLACEMENT_3D('',#1946,#1374,#1375);
#1161=AXIS2_PLACEMENT_3D('',#1947,#1376,#1377);
#1162=AXIS2_PLACEMENT_3D('',#1970,#1379,#1380);
#1163=AXIS2_PLACEMENT_3D('',#1972,#1382,#1383);
#1164=AXIS2_PLACEMENT_3D('',#1990,#1384,#1385);
#1165=AXIS2_PLACEMENT_3D('',#1991,#1386,#1387);
#1166=AXIS2_PLACEMENT_3D('',#2012,#1389,#1390);
#1167=AXIS2_PLACEMENT_3D('',#2014,#1392,#1393);
#1168=AXIS2_PLACEMENT_3D('',#2032,#1394,#1395);
#1169=AXIS2_PLACEMENT_3D('',#2033,#1396,#1397);
#1170=AXIS2_PLACEMENT_3D('',#2054,#1399,#1400);
#1171=AXIS2_PLACEMENT_3D('',#2056,#1402,#1403);
#1172=AXIS2_PLACEMENT_3D('',#2074,#1404,#1405);
#1173=AXIS2_PLACEMENT_3D('',#2075,#1406,#1407);
#1174=AXIS2_PLACEMENT_3D('',#2096,#1409,#1410);
#1175=AXIS2_PLACEMENT_3D('',#2098,#1412,#1413);
#1176=AXIS2_PLACEMENT_3D('',#2116,#1414,#1415);
#1177=AXIS2_PLACEMENT_3D('',#2117,#1416,#1417);
#1178=AXIS2_PLACEMENT_3D('',#2140,#1419,#1420);
#1179=AXIS2_PLACEMENT_3D('',#2142,#1422,#1423);
#1180=AXIS2_PLACEMENT_3D('',#2160,#1424,#1425);
#1181=AXIS2_PLACEMENT_3D('',#2161,#1426,#1427);
#1182=AXIS2_PLACEMENT_3D('',#2182,#1429,#1430);
#1183=AXIS2_PLACEMENT_3D('',#2184,#1432,#1433);
#1184=AXIS2_PLACEMENT_3D('',#2202,#1434,#1435);
#1185=AXIS2_PLACEMENT_3D('',#2203,#1436,#1437);
#1186=AXIS2_PLACEMENT_3D('',#2226,#1439,#1440);
#1187=AXIS2_PLACEMENT_3D('',#2228,#1442,#1443);
#1188=AXIS2_PLACEMENT_3D('',#2246,#1444,#1445);
#1189=AXIS2_PLACEMENT_3D('',#2247,#1446,#1447);
#1190=AXIS2_PLACEMENT_3D('',#2270,#1449,#1450);
#1191=AXIS2_PLACEMENT_3D('',#2272,#1452,#1453);
#1192=AXIS2_PLACEMENT_3D('',#2290,#1454,#1455);
#1193=AXIS2_PLACEMENT_3D('',#2291,#1456,#1457);
#1194=AXIS2_PLACEMENT_3D('',#2312,#1459,#1460);
#1195=AXIS2_PLACEMENT_3D('',#2314,#1462,#1463);
#1196=AXIS2_PLACEMENT_3D('',#2332,#1464,#1465);
#1197=AXIS2_PLACEMENT_3D('',#2333,#1466,#1467);
#1198=AXIS2_PLACEMENT_3D('',#2356,#1469,#1470);
#1199=AXIS2_PLACEMENT_3D('',#2358,#1472,#1473);
#1200=AXIS2_PLACEMENT_3D('',#2376,#1474,#1475);
#1201=AXIS2_PLACEMENT_3D('',#2377,#1476,#1477);
#1202=AXIS2_PLACEMENT_3D('',#2398,#1479,#1480);
#1203=AXIS2_PLACEMENT_3D('',#2400,#1482,#1483);
#1204=AXIS2_PLACEMENT_3D('',#2418,#1484,#1485);
#1205=AXIS2_PLACEMENT_3D('',#2419,#1486,#1487);
#1206=AXIS2_PLACEMENT_3D('',#2423,#1489,#1490);
#1207=AXIS2_PLACEMENT_3D('',#2425,#1492,#1493);
#1208=AXIS2_PLACEMENT_3D('',#2427,#1494,#1495);
#1209=AXIS2_PLACEMENT_3D('',#2433,#1499,#1500);
#1210=AXIS2_PLACEMENT_3D('',#2435,#1501,#1502);
#1211=AXIS2_PLACEMENT_3D('',#2437,#1504,#1505);
#1212=AXIS2_PLACEMENT_3D('',#2438,#1506,#1507);
#1213=AXIS2_PLACEMENT_3D('',#2439,#1508,#1509);
#1214=AXIS2_PLACEMENT_3D('',#2440,#1510,#1511);
#1215=AXIS2_PLACEMENT_3D('',#2441,#1512,#1513);
#1216=AXIS2_PLACEMENT_3D('',#2442,#1514,#1515);
#1217=AXIS2_PLACEMENT_3D('',#2443,#1516,#1517);
#1218=AXIS2_PLACEMENT_3D('',#2444,#1518,#1519);
#1219=AXIS2_PLACEMENT_3D('',#2445,#1520,#1521);
#1220=AXIS2_PLACEMENT_3D('',#2446,#1522,#1523);
#1221=AXIS2_PLACEMENT_3D('',#2447,#1524,#1525);
#1222=AXIS2_PLACEMENT_3D('',#2448,#1526,#1527);
#1223=AXIS2_PLACEMENT_3D('',#2449,#1528,#1529);
#1224=AXIS2_PLACEMENT_3D('',#2450,#1530,#1531);
#1225=AXIS2_PLACEMENT_3D('',#2451,#1532,#1533);
#1226=AXIS2_PLACEMENT_3D('',#2452,#1534,#1535);
#1227=AXIS2_PLACEMENT_3D('',#2453,#1536,#1537);
#1228=AXIS2_PLACEMENT_3D('',#2454,#1538,#1539);
#1229=AXIS2_PLACEMENT_3D('',#2455,#1540,#1541);
#1230=AXIS2_PLACEMENT_3D('',#2456,#1542,#1543);
#1231=AXIS2_PLACEMENT_3D('',#2457,#1544,#1545);
#1232=AXIS2_PLACEMENT_3D('',#2458,#1546,#1547);
#1233=AXIS2_PLACEMENT_3D('',#2459,#1548,#1549);
#1234=AXIS2_PLACEMENT_3D('',#2460,#1550,#1551);
#1235=AXIS2_PLACEMENT_3D('',#2461,#1552,#1553);
#1236=AXIS2_PLACEMENT_3D('',#2462,#1554,#1555);
#1237=AXIS2_PLACEMENT_3D('',#2463,#1556,#1557);
#1238=AXIS2_PLACEMENT_3D('',#2464,#1558,#1559);
#1239=AXIS2_PLACEMENT_3D('',#2465,#1560,#1561);
#1240=AXIS2_PLACEMENT_3D('',#2466,#1562,#1563);
#1241=AXIS2_PLACEMENT_3D('',#2467,#1564,#1565);
#1242=AXIS2_PLACEMENT_3D('',#2468,#1566,#1567);
#1243=AXIS2_PLACEMENT_3D('',#2469,#1568,#1569);
#1244=AXIS2_PLACEMENT_3D('',#2470,#1570,#1571);
#1245=AXIS2_PLACEMENT_3D('',#2471,#1572,#1573);
#1246=AXIS2_PLACEMENT_3D('',#2472,#1574,#1575);
#1247=AXIS2_PLACEMENT_3D('',#2473,#1576,#1577);
#1248=AXIS2_PLACEMENT_3D('',#2474,#1578,#1579);
#1249=AXIS2_PLACEMENT_3D('',#2476,#1581,#1582);
#1250=AXIS2_PLACEMENT_3D('',#2478,#1584,#1585);
#1251=DIRECTION('axis',(0.,0.,1.));
#1252=DIRECTION('refdir',(1.,0.,0.));
#1253=DIRECTION('center_axis',(0.,1.,0.));
#1254=DIRECTION('ref_axis',(0.,0.,1.));
#1255=DIRECTION('',(3.70074341541719E-16,0.,-1.));
#1256=DIRECTION('',(0.866025403784439,0.,-0.499999999999999));
#1257=DIRECTION('',(0.866025403784438,0.,0.5));
#1258=DIRECTION('',(-7.40148683083438E-16,0.,1.));
#1259=DIRECTION('',(-0.866025403784439,0.,0.499999999999999));
#1260=DIRECTION('',(-0.866025403784438,0.,-0.5));
#1261=DIRECTION('center_axis',(-0.5,0.,0.866025403784438));
#1262=DIRECTION('ref_axis',(-0.866025403784438,0.,-0.5));
#1263=DIRECTION('',(0.,-1.,0.));
#1264=DIRECTION('',(0.866025403784438,0.,0.5));
#1265=DIRECTION('',(0.,-1.,0.));
#1266=DIRECTION('center_axis',(0.499999999999999,0.,0.866025403784439));
#1267=DIRECTION('ref_axis',(-0.866025403784439,0.,0.499999999999999));
#1268=DIRECTION('',(0.,-1.,0.));
#1269=DIRECTION('',(0.866025403784439,0.,-0.499999999999999));
#1270=DIRECTION('center_axis',(1.,0.,3.70074341541719E-16));
#1271=DIRECTION('ref_axis',(-3.70074341541719E-16,0.,1.));
#1272=DIRECTION('',(0.,-1.,0.));
#1273=DIRECTION('',(3.70074341541719E-16,0.,-1.));
#1274=DIRECTION('center_axis',(0.,1.,0.));
#1275=DIRECTION('ref_axis',(0.,0.,1.));
#1276=DIRECTION('center_axis',(0.,-1.,0.));
#1277=DIRECTION('ref_axis',(-0.173648177666931,0.,0.984807753012208));
#1278=DIRECTION('center_axis',(0.,1.,0.));
#1279=DIRECTION('ref_axis',(-0.173648177666931,0.,0.984807753012208));
#1280=DIRECTION('center_axis',(0.,-1.,0.));
#1281=DIRECTION('ref_axis',(-0.939692620785908,0.,-0.342020143325669));
#1282=DIRECTION('',(0.,1.,0.));
#1283=DIRECTION('center_axis',(0.,1.,0.));
#1284=DIRECTION('ref_axis',(-0.939692620785908,0.,-0.342020143325669));
#1285=DIRECTION('',(0.,1.,0.));
#1286=DIRECTION('center_axis',(0.,1.,0.));
#1287=DIRECTION('ref_axis',(1.,0.,0.));
#1288=DIRECTION('center_axis',(0.,-1.,0.));
#1289=DIRECTION('ref_axis',(0.17364817766693,0.,0.984807753012208));
#1290=DIRECTION('center_axis',(0.,-1.,0.));
#1291=DIRECTION('ref_axis',(0.5,0.,0.866025403784439));
#1292=DIRECTION('center_axis',(0.,-1.,0.));
#1293=DIRECTION('ref_axis',(0.766044443118978,0.,0.642787609686539));
#1294=DIRECTION('center_axis',(0.,-1.,0.));
#1295=DIRECTION('ref_axis',(0.939692620785908,0.,0.342020143325669));
#1296=DIRECTION('center_axis',(0.,-1.,0.));
#1297=DIRECTION('ref_axis',(1.,0.,2.22044604925031E-16));
#1298=DIRECTION('center_axis',(0.,-1.,0.));
#1299=DIRECTION('ref_axis',(0.939692620785909,0.,-0.342020143325668));
#1300=DIRECTION('center_axis',(0.,-1.,0.));
#1301=DIRECTION('ref_axis',(0.766044443118978,0.,-0.642787609686539));
#1302=DIRECTION('center_axis',(0.,-1.,0.));
#1303=DIRECTION('ref_axis',(0.5,0.,-0.866025403784438));
#1304=DIRECTION('center_axis',(0.,-1.,0.));
#1305=DIRECTION('ref_axis',(0.173648177666931,0.,-0.984807753012208));
#1306=DIRECTION('center_axis',(0.,-1.,0.));
#1307=DIRECTION('ref_axis',(-0.17364817766693,0.,-0.984807753012208));
#1308=DIRECTION('center_axis',(0.,-1.,0.));
#1309=DIRECTION('ref_axis',(-0.5,0.,-0.866025403784438));
#1310=DIRECTION('center_axis',(0.,-1.,0.));
#1311=DIRECTION('ref_axis',(-0.766044443118978,0.,-0.642787609686539));
#1312=DIRECTION('center_axis',(0.,-1.,0.));
#1313=DIRECTION('ref_axis',(-0.939692620785908,0.,-0.342020143325669));
#1314=DIRECTION('center_axis',(0.,-1.,0.));
#1315=DIRECTION('ref_axis',(-1.,0.,-1.22464679914735E-16));
#1316=DIRECTION('center_axis',(0.,-1.,0.));
#1317=DIRECTION('ref_axis',(-0.939692620785909,0.,0.342020143325668));
#1318=DIRECTION('center_axis',(0.,-1.,0.));
#1319=DIRECTION('ref_axis',(-0.766044443118978,0.,0.642787609686539));
#1320=DIRECTION('center_axis',(0.,-1.,0.));
#1321=DIRECTION('ref_axis',(-0.5,0.,0.866025403784438));
#1322=DIRECTION('center_axis',(0.,1.,0.));
#1323=DIRECTION('ref_axis',(0.,0.,1.));
#1324=DIRECTION('center_axis',(0.,1.,0.));
#1325=DIRECTION('ref_axis',(-0.5,0.,0.866025403784439));
#1326=DIRECTION('center_axis',(0.,-1.,0.));
#1327=DIRECTION('ref_axis',(-0.766044443118978,0.,-0.642787609686539));
#1328=DIRECTION('',(0.,1.,0.));
#1329=DIRECTION('center_axis',(0.,1.,0.));
#1330=DIRECTION('ref_axis',(-0.766044443118978,0.,-0.642787609686539));
#1331=DIRECTION('',(0.,1.,0.));
#1332=DIRECTION('center_axis',(0.,1.,0.));
#1333=DIRECTION('ref_axis',(0.,0.,1.));
#1334=DIRECTION('center_axis',(0.,1.,0.));
#1335=DIRECTION('ref_axis',(-0.766044443118978,0.,0.642787609686539));
#1336=DIRECTION('center_axis',(0.,-1.,0.));
#1337=DIRECTION('ref_axis',(-0.5,0.,-0.866025403784439));
#1338=DIRECTION('',(0.,1.,0.));
#1339=DIRECTION('center_axis',(0.,1.,0.));
#1340=DIRECTION('ref_axis',(-0.5,0.,-0.866025403784439));
#1341=DIRECTION('',(0.,1.,0.));
#1342=DIRECTION('center_axis',(0.,1.,0.));
#1343=DIRECTION('ref_axis',(0.,0.,1.));
#1344=DIRECTION('center_axis',(0.,1.,0.));
#1345=DIRECTION('ref_axis',(-0.939692620785909,0.,0.342020143325668));
#1346=DIRECTION('center_axis',(0.,-1.,0.));
#1347=DIRECTION('ref_axis',(-0.173648177666929,0.,-0.984807753012208));
#1348=DIRECTION('',(0.,1.,0.));
#1349=DIRECTION('center_axis',(0.,1.,0.));
#1350=DIRECTION('ref_axis',(-0.173648177666929,0.,-0.984807753012208));
#1351=DIRECTION('',(0.,1.,0.));
#1352=DIRECTION('center_axis',(0.,1.,0.));
#1353=DIRECTION('ref_axis',(0.,0.,1.));
#1354=DIRECTION('center_axis',(0.,1.,0.));
#1355=DIRECTION('ref_axis',(-1.,0.,-1.22464679914735E-16));
#1356=DIRECTION('center_axis',(0.,-1.,0.));
#1357=DIRECTION('ref_axis',(0.17364817766693,0.,-0.984807753012208));
#1358=DIRECTION('',(0.,1.,0.));
#1359=DIRECTION('center_axis',(0.,1.,0.));
#1360=DIRECTION('ref_axis',(0.17364817766693,0.,-0.984807753012208));
#1361=DIRECTION('',(0.,1.,0.));
#1362=DIRECTION('center_axis',(0.,1.,0.));
#1363=DIRECTION('ref_axis',(0.,0.,1.));
#1364=DIRECTION('center_axis',(0.,1.,0.));
#1365=DIRECTION('ref_axis',(-0.939692620785908,0.,-0.342020143325669));
#1366=DIRECTION('center_axis',(0.,-1.,0.));
#1367=DIRECTION('ref_axis',(0.5,0.,-0.866025403784438));
#1368=DIRECTION('',(0.,1.,0.));
#1369=DIRECTION('center_axis',(0.,1.,0.));
#1370=DIRECTION('ref_axis',(0.5,0.,-0.866025403784438));
#1371=DIRECTION('',(0.,1.,0.));
#1372=DIRECTION('center_axis',(0.,1.,0.));
#1373=DIRECTION('ref_axis',(0.,0.,1.));
#1374=DIRECTION('center_axis',(0.,1.,0.));
#1375=DIRECTION('ref_axis',(-0.766044443118978,0.,-0.642787609686539));
#1376=DIRECTION('center_axis',(0.,-1.,0.));
#1377=DIRECTION('ref_axis',(0.766044443118978,0.,-0.642787609686539));
#1378=DIRECTION('',(0.,1.,0.));
#1379=DIRECTION('center_axis',(0.,1.,0.));
#1380=DIRECTION('ref_axis',(0.766044443118978,0.,-0.642787609686539));
#1381=DIRECTION('',(0.,1.,0.));
#1382=DIRECTION('center_axis',(0.,1.,0.));
#1383=DIRECTION('ref_axis',(0.,0.,1.));
#1384=DIRECTION('center_axis',(0.,1.,0.));
#1385=DIRECTION('ref_axis',(-0.5,0.,-0.866025403784439));
#1386=DIRECTION('center_axis',(0.,-1.,0.));
#1387=DIRECTION('ref_axis',(0.939692620785908,0.,-0.342020143325669));
#1388=DIRECTION('',(0.,1.,0.));
#1389=DIRECTION('center_axis',(0.,1.,0.));
#1390=DIRECTION('ref_axis',(0.939692620785908,0.,-0.342020143325669));
#1391=DIRECTION('',(0.,1.,0.));
#1392=DIRECTION('center_axis',(0.,1.,0.));
#1393=DIRECTION('ref_axis',(0.,0.,1.));
#1394=DIRECTION('center_axis',(0.,1.,0.));
#1395=DIRECTION('ref_axis',(-0.17364817766693,0.,-0.984807753012208));
#1396=DIRECTION('center_axis',(0.,-1.,0.));
#1397=DIRECTION('ref_axis',(1.,0.,0.));
#1398=DIRECTION('',(0.,1.,0.));
#1399=DIRECTION('center_axis',(0.,1.,0.));
#1400=DIRECTION('ref_axis',(1.,0.,0.));
#1401=DIRECTION('',(0.,1.,0.));
#1402=DIRECTION('center_axis',(0.,1.,0.));
#1403=DIRECTION('ref_axis',(0.,0.,1.));
#1404=DIRECTION('center_axis',(0.,1.,0.));
#1405=DIRECTION('ref_axis',(0.173648177666931,0.,-0.984807753012208));
#1406=DIRECTION('center_axis',(0.,-1.,0.));
#1407=DIRECTION('ref_axis',(0.939692620785908,0.,0.342020143325669));
#1408=DIRECTION('',(0.,1.,0.));
#1409=DIRECTION('center_axis',(0.,1.,0.));
#1410=DIRECTION('ref_axis',(0.939692620785908,0.,0.342020143325669));
#1411=DIRECTION('',(0.,1.,0.));
#1412=DIRECTION('center_axis',(0.,1.,0.));
#1413=DIRECTION('ref_axis',(0.,0.,1.));
#1414=DIRECTION('center_axis',(0.,1.,0.));
#1415=DIRECTION('ref_axis',(0.5,0.,-0.866025403784438));
#1416=DIRECTION('center_axis',(0.,-1.,0.));
#1417=DIRECTION('ref_axis',(0.766044443118978,0.,0.64278760968654));
#1418=DIRECTION('',(0.,1.,0.));
#1419=DIRECTION('center_axis',(0.,1.,0.));
#1420=DIRECTION('ref_axis',(0.766044443118978,0.,0.64278760968654));
#1421=DIRECTION('',(0.,1.,0.));
#1422=DIRECTION('center_axis',(0.,1.,0.));
#1423=DIRECTION('ref_axis',(0.,0.,1.));
#1424=DIRECTION('center_axis',(0.,1.,0.));
#1425=DIRECTION('ref_axis',(0.766044443118978,0.,-0.642787609686539));
#1426=DIRECTION('center_axis',(0.,-1.,0.));
#1427=DIRECTION('ref_axis',(0.5,0.,0.866025403784439));
#1428=DIRECTION('',(0.,1.,0.));
#1429=DIRECTION('center_axis',(0.,1.,0.));
#1430=DIRECTION('ref_axis',(0.5,0.,0.866025403784439));
#1431=DIRECTION('',(0.,-1.,0.));
#1432=DIRECTION('center_axis',(0.,1.,0.));
#1433=DIRECTION('ref_axis',(0.,0.,1.));
#1434=DIRECTION('center_axis',(0.,1.,0.));
#1435=DIRECTION('ref_axis',(0.939692620785909,0.,-0.342020143325669));
#1436=DIRECTION('center_axis',(0.,-1.,0.));
#1437=DIRECTION('ref_axis',(0.173648177666929,0.,0.984807753012208));
#1438=DIRECTION('',(0.,1.,0.));
#1439=DIRECTION('center_axis',(0.,1.,0.));
#1440=DIRECTION('ref_axis',(0.173648177666929,0.,0.984807753012208));
#1441=DIRECTION('',(0.,1.,0.));
#1442=DIRECTION('center_axis',(0.,1.,0.));
#1443=DIRECTION('ref_axis',(0.,0.,1.));
#1444=DIRECTION('center_axis',(0.,1.,0.));
#1445=DIRECTION('ref_axis',(1.,0.,2.22044604925031E-16));
#1446=DIRECTION('center_axis',(0.,-1.,0.));
#1447=DIRECTION('ref_axis',(-0.17364817766693,0.,0.984807753012208));
#1448=DIRECTION('',(0.,1.,0.));
#1449=DIRECTION('center_axis',(0.,1.,0.));
#1450=DIRECTION('ref_axis',(-0.17364817766693,0.,0.984807753012208));
#1451=DIRECTION('',(0.,1.,0.));
#1452=DIRECTION('center_axis',(0.,1.,0.));
#1453=DIRECTION('ref_axis',(0.,0.,1.));
#1454=DIRECTION('center_axis',(0.,1.,0.));
#1455=DIRECTION('ref_axis',(0.939692620785908,0.,0.342020143325669));
#1456=DIRECTION('center_axis',(0.,-1.,0.));
#1457=DIRECTION('ref_axis',(-0.5,0.,0.866025403784438));
#1458=DIRECTION('',(0.,1.,0.));
#1459=DIRECTION('center_axis',(0.,1.,0.));
#1460=DIRECTION('ref_axis',(-0.5,0.,0.866025403784438));
#1461=DIRECTION('',(0.,1.,0.));
#1462=DIRECTION('center_axis',(0.,1.,0.));
#1463=DIRECTION('ref_axis',(0.,0.,1.));
#1464=DIRECTION('center_axis',(0.,1.,0.));
#1465=DIRECTION('ref_axis',(0.766044443118978,0.,0.642787609686539));
#1466=DIRECTION('center_axis',(0.,-1.,0.));
#1467=DIRECTION('ref_axis',(-0.766044443118978,0.,0.642787609686539));
#1468=DIRECTION('',(0.,1.,0.));
#1469=DIRECTION('center_axis',(0.,1.,0.));
#1470=DIRECTION('ref_axis',(-0.766044443118978,0.,0.642787609686539));
#1471=DIRECTION('',(0.,1.,0.));
#1472=DIRECTION('center_axis',(0.,1.,0.));
#1473=DIRECTION('ref_axis',(0.,0.,1.));
#1474=DIRECTION('center_axis',(0.,1.,0.));
#1475=DIRECTION('ref_axis',(0.5,0.,0.866025403784439));
#1476=DIRECTION('center_axis',(0.,-1.,0.));
#1477=DIRECTION('ref_axis',(-0.939692620785908,0.,0.342020143325669));
#1478=DIRECTION('',(0.,1.,0.));
#1479=DIRECTION('center_axis',(0.,1.,0.));
#1480=DIRECTION('ref_axis',(-0.939692620785908,0.,0.342020143325669));
#1481=DIRECTION('',(0.,1.,0.));
#1482=DIRECTION('center_axis',(0.,1.,0.));
#1483=DIRECTION('ref_axis',(0.,0.,1.));
#1484=DIRECTION('center_axis',(0.,1.,0.));
#1485=DIRECTION('ref_axis',(0.17364817766693,0.,0.984807753012208));
#1486=DIRECTION('center_axis',(0.,-1.,0.));
#1487=DIRECTION('ref_axis',(-1.,0.,0.));
#1488=DIRECTION('',(0.,1.,0.));
#1489=DIRECTION('center_axis',(0.,1.,0.));
#1490=DIRECTION('ref_axis',(-1.,0.,0.));
#1491=DIRECTION('',(0.,1.,0.));
#1492=DIRECTION('center_axis',(0.,1.,0.));
#1493=DIRECTION('ref_axis',(1.,0.,0.));
#1494=DIRECTION('center_axis',(0.,-1.,0.));
#1495=DIRECTION('ref_axis',(1.,0.,0.));
#1496=DIRECTION('',(-0.866025403784439,0.,-0.5));
#1497=DIRECTION('',(-0.866025403784439,0.,0.499999999999999));
#1498=DIRECTION('',(-7.40148683083438E-16,0.,1.));
#1499=DIRECTION('center_axis',(0.,-1.,0.));
#1500=DIRECTION('ref_axis',(1.,0.,0.));
#1501=DIRECTION('center_axis',(0.,1.,0.));
#1502=DIRECTION('ref_axis',(1.,0.,0.));
#1503=DIRECTION('',(0.,1.,0.));
#1504=DIRECTION('center_axis',(0.,-1.,0.));
#1505=DIRECTION('ref_axis',(1.,0.,0.));
#1506=DIRECTION('center_axis',(0.,-1.,0.));
#1507=DIRECTION('ref_axis',(1.,0.,0.));
#1508=DIRECTION('center_axis',(0.,-1.,0.));
#1509=DIRECTION('ref_axis',(1.,0.,0.));
#1510=DIRECTION('center_axis',(0.,-1.,0.));
#1511=DIRECTION('ref_axis',(1.,0.,0.));
#1512=DIRECTION('center_axis',(0.,-1.,0.));
#1513=DIRECTION('ref_axis',(1.,0.,0.));
#1514=DIRECTION('center_axis',(0.,-1.,0.));
#1515=DIRECTION('ref_axis',(1.,0.,0.));
#1516=DIRECTION('center_axis',(0.,-1.,0.));
#1517=DIRECTION('ref_axis',(1.,0.,0.));
#1518=DIRECTION('center_axis',(0.,-1.,0.));
#1519=DIRECTION('ref_axis',(1.,0.,0.));
#1520=DIRECTION('center_axis',(0.,-1.,0.));
#1521=DIRECTION('ref_axis',(1.,0.,0.));
#1522=DIRECTION('center_axis',(0.,-1.,0.));
#1523=DIRECTION('ref_axis',(1.,0.,0.));
#1524=DIRECTION('center_axis',(0.,-1.,0.));
#1525=DIRECTION('ref_axis',(1.,0.,0.));
#1526=DIRECTION('center_axis',(0.,-1.,0.));
#1527=DIRECTION('ref_axis',(1.,0.,0.));
#1528=DIRECTION('center_axis',(0.,-1.,0.));
#1529=DIRECTION('ref_axis',(-1.,0.,1.22464679914735E-16));
#1530=DIRECTION('center_axis',(0.,-1.,0.));
#1531=DIRECTION('ref_axis',(1.,0.,0.));
#1532=DIRECTION('center_axis',(0.,-1.,0.));
#1533=DIRECTION('ref_axis',(1.,0.,0.));
#1534=DIRECTION('center_axis',(0.,-1.,0.));
#1535=DIRECTION('ref_axis',(1.,0.,0.));
#1536=DIRECTION('center_axis',(0.,-1.,0.));
#1537=DIRECTION('ref_axis',(1.,0.,0.));
#1538=DIRECTION('center_axis',(0.,-1.,0.));
#1539=DIRECTION('ref_axis',(1.,0.,0.));
#1540=DIRECTION('center_axis',(0.,-1.,0.));
#1541=DIRECTION('ref_axis',(1.,0.,0.));
#1542=DIRECTION('center_axis',(0.,-1.,0.));
#1543=DIRECTION('ref_axis',(1.,0.,0.));
#1544=DIRECTION('center_axis',(0.,-1.,0.));
#1545=DIRECTION('ref_axis',(1.,0.,0.));
#1546=DIRECTION('center_axis',(0.,-1.,0.));
#1547=DIRECTION('ref_axis',(1.,0.,0.));
#1548=DIRECTION('center_axis',(0.,-1.,0.));
#1549=DIRECTION('ref_axis',(1.,0.,0.));
#1550=DIRECTION('center_axis',(0.,-1.,0.));
#1551=DIRECTION('ref_axis',(1.,0.,0.));
#1552=DIRECTION('center_axis',(0.,-1.,0.));
#1553=DIRECTION('ref_axis',(1.,0.,0.));
#1554=DIRECTION('center_axis',(0.,-1.,0.));
#1555=DIRECTION('ref_axis',(1.,0.,0.));
#1556=DIRECTION('center_axis',(0.,-1.,0.));
#1557=DIRECTION('ref_axis',(1.,0.,0.));
#1558=DIRECTION('center_axis',(0.,-1.,0.));
#1559=DIRECTION('ref_axis',(1.,0.,0.));
#1560=DIRECTION('center_axis',(0.,-1.,0.));
#1561=DIRECTION('ref_axis',(1.,0.,0.));
#1562=DIRECTION('center_axis',(0.,-1.,0.));
#1563=DIRECTION('ref_axis',(1.,0.,0.));
#1564=DIRECTION('center_axis',(0.,-1.,0.));
#1565=DIRECTION('ref_axis',(1.,0.,0.));
#1566=DIRECTION('center_axis',(0.,-1.,0.));
#1567=DIRECTION('ref_axis',(1.,0.,0.));
#1568=DIRECTION('center_axis',(0.,-1.,0.));
#1569=DIRECTION('ref_axis',(1.,0.,0.));
#1570=DIRECTION('center_axis',(0.,-1.,0.));
#1571=DIRECTION('ref_axis',(1.,0.,0.));
#1572=DIRECTION('center_axis',(0.,-1.,0.));
#1573=DIRECTION('ref_axis',(1.,0.,0.));
#1574=DIRECTION('center_axis',(0.,-1.,0.));
#1575=DIRECTION('ref_axis',(1.,0.,0.));
#1576=DIRECTION('center_axis',(0.,1.,0.));
#1577=DIRECTION('ref_axis',(1.,0.,0.));
#1578=DIRECTION('center_axis',(0.5,0.,-0.866025403784439));
#1579=DIRECTION('ref_axis',(0.866025403784438,0.,0.5));
#1580=DIRECTION('',(0.,-1.,0.));
#1581=DIRECTION('center_axis',(-0.499999999999999,0.,-0.866025403784439));
#1582=DIRECTION('ref_axis',(0.866025403784439,0.,-0.499999999999999));
#1583=DIRECTION('',(0.,-1.,0.));
#1584=DIRECTION('center_axis',(-1.,0.,-7.40148683083438E-16));
#1585=DIRECTION('ref_axis',(7.40148683083438E-16,0.,-1.));
#1586=CARTESIAN_POINT('',(0.,0.,0.));
#1587=CARTESIAN_POINT('Origin',(0.,-1.5,-2.77555756156289E-16));
#1588=CARTESIAN_POINT('',(1.29903810567666,-1.5,0.750000000000001));
#1589=CARTESIAN_POINT('',(1.29903810567666,-1.5,-0.749999999999999));
#1590=CARTESIAN_POINT('',(1.29903810567666,-1.5,-0.375));
#1591=CARTESIAN_POINT('',(-1.38777878078145E-15,-1.5,1.5));
#1592=CARTESIAN_POINT('',(0.974278579257492,-1.5,0.937500000000001));
#1593=CARTESIAN_POINT('',(-1.29903810567666,-1.5,0.749999999999999));
#1594=CARTESIAN_POINT('',(-0.324759526419165,-1.5,1.3125));
#1595=CARTESIAN_POINT('',(-1.29903810567666,-1.5,-0.75));
#1596=CARTESIAN_POINT('',(-1.29903810567666,-1.5,0.374999999999999));
#1597=CARTESIAN_POINT('',(8.32667268468867E-16,-1.5,-1.5));
#1598=CARTESIAN_POINT('',(-0.974278579257492,-1.5,-0.9375));
#1599=CARTESIAN_POINT('',(0.324759526419165,-1.5,-1.3125));
#1600=CARTESIAN_POINT('Origin',(-1.38777878078145E-15,0.,1.5));
#1601=CARTESIAN_POINT('',(-1.32116539930394E-15,0.,1.5));
#1602=CARTESIAN_POINT('',(-1.32116539930394E-15,0.,1.5));
#1603=CARTESIAN_POINT('',(-1.29903810567666,0.,0.749999999999999));
#1604=CARTESIAN_POINT('',(-1.29903810567666,0.,0.749999999999999));
#1605=CARTESIAN_POINT('',(-1.29903810567666,0.,0.749999999999999));
#1606=CARTESIAN_POINT('Origin',(1.29903810567666,0.,0.750000000000001));
#1607=CARTESIAN_POINT('',(1.29903810567666,0.,0.750000000000001));
#1608=CARTESIAN_POINT('',(1.29903810567666,0.,0.750000000000001));
#1609=CARTESIAN_POINT('',(-1.32116539930394E-15,0.,1.5));
#1610=CARTESIAN_POINT('Origin',(1.29903810567666,0.,-0.749999999999999));
#1611=CARTESIAN_POINT('',(1.29903810567666,0.,-0.749999999999999));
#1612=CARTESIAN_POINT('',(1.29903810567666,0.,-0.749999999999999));
#1613=CARTESIAN_POINT('',(1.29903810567666,0.,0.750000000000001));
#1614=CARTESIAN_POINT('Origin',(0.,0.5,0.));
#1615=CARTESIAN_POINT('',(-0.499374616308567,0.5,4.97499999925494));
#1616=CARTESIAN_POINT('',(-8.39596156605315E-16,1.,4.49999999254942));
#1617=CARTESIAN_POINT('Ctrl Pts',(-0.499374616308567,0.5,4.97499999925494));
#1618=CARTESIAN_POINT('Ctrl Pts',(-0.499374616308567,0.510642768245711,
4.97499999925494));
#1619=CARTESIAN_POINT('Ctrl Pts',(-0.4993579581386,0.521307720234397,4.97466018946681));
#1620=CARTESIAN_POINT('Ctrl Pts',(-0.499097585106802,0.599273257593424,
4.96966434619464));
#1621=CARTESIAN_POINT('Ctrl Pts',(-0.498429134572263,0.662406977016821,
4.95194576641431));
#1622=CARTESIAN_POINT('Ctrl Pts',(-0.490840989817316,0.766510678953904,
4.90190611841097));
#1623=CARTESIAN_POINT('Ctrl Pts',(-0.484684629259219,0.810469778143535,
4.87145100094474));
#1624=CARTESIAN_POINT('Ctrl Pts',(-0.46292525290576,0.876634651686859,4.80896754545144));
#1625=CARTESIAN_POINT('Ctrl Pts',(-0.450343903535132,0.900872623574799,
4.78001660120036));
#1626=CARTESIAN_POINT('Ctrl Pts',(-0.410657870206292,0.947024250887289,
4.71128273804743));
#1627=CARTESIAN_POINT('Ctrl Pts',(-0.381599441509229,0.964828856467438,
4.67295901702208));
#1628=CARTESIAN_POINT('Ctrl Pts',(-0.312428533323,0.987232279811106,4.60706845190176));
#1629=CARTESIAN_POINT('Ctrl Pts',(-0.275327406722314,0.992749580110668,
4.58007067488141));
#1630=CARTESIAN_POINT('Ctrl Pts',(-0.185226145585892,0.999551178336694,
4.53224803655843));
#1631=CARTESIAN_POINT('Ctrl Pts',(-0.131579711223545,0.999837559299923,
4.51432088582037));
#1632=CARTESIAN_POINT('Ctrl Pts',(-0.0506227686469164,1.00001356275389,
4.50192348119846));
#1633=CARTESIAN_POINT('Ctrl Pts',(-0.0253166877036528,1.,4.49999999254942));
#1634=CARTESIAN_POINT('Ctrl Pts',(-8.39596156605315E-16,1.,4.49999999254942));
#1635=CARTESIAN_POINT('',(-1.53909064241726,1.,4.22861678653533));
#1636=CARTESIAN_POINT('Origin',(0.,1.,0.));
#1637=CARTESIAN_POINT('',(-1.23229157083742,0.5,4.84576696555283));
#1638=CARTESIAN_POINT('Ctrl Pts',(-1.53909064241726,1.,4.22861678653533));
#1639=CARTESIAN_POINT('Ctrl Pts',(-1.49224204594022,1.,4.24566828117012));
#1640=CARTESIAN_POINT('Ctrl Pts',(-1.44806949552746,1.00019814847436,4.26968562646828));
#1641=CARTESIAN_POINT('Ctrl Pts',(-1.35948187649939,0.998410918202909,4.33681060223151));
#1642=CARTESIAN_POINT('Ctrl Pts',(-1.31917947815492,0.995826183569901,4.38140019802428));
#1643=CARTESIAN_POINT('Ctrl Pts',(-1.26106515902879,0.979114718838571,4.47282225795241));
#1644=CARTESIAN_POINT('Ctrl Pts',(-1.24144274842918,0.966584105109591,4.5179655193308));
#1645=CARTESIAN_POINT('Ctrl Pts',(-1.21806131027232,0.928942777123864,4.60125556639243));
#1646=CARTESIAN_POINT('Ctrl Pts',(-1.21269105419728,0.906972559416491,4.63757827320914));
#1647=CARTESIAN_POINT('Ctrl Pts',(-1.20898540012257,0.851775100428421,4.70505069757709));
#1648=CARTESIAN_POINT('Ctrl Pts',(-1.21079512831463,0.819316303715991,4.73493235319788));
#1649=CARTESIAN_POINT('Ctrl Pts',(-1.21739513902583,0.74171876786077,4.78818514211773));
#1650=CARTESIAN_POINT('Ctrl Pts',(-1.22240742169663,0.696274303561923,4.80972389360353));
#1651=CARTESIAN_POINT('Ctrl Pts',(-1.22990159939528,0.600118815032511,4.83856723016344));
#1652=CARTESIAN_POINT('Ctrl Pts',(-1.23229157083742,0.550248769316381,4.84576696555282));
#1653=CARTESIAN_POINT('Ctrl Pts',(-1.23229157083742,0.5,4.84576696555282));
#1654=CARTESIAN_POINT('Origin',(0.,0.5,0.));
#1655=CARTESIAN_POINT('Origin',(-1.71010071662834,0.,4.69846310392954));
#1656=CARTESIAN_POINT('',(-2.17080885474333,0.5,4.50417460986671));
#1657=CARTESIAN_POINT('Ctrl Pts',(-2.17080885474333,0.5,4.50417460986671));
#1658=CARTESIAN_POINT('Ctrl Pts',(-2.17080885474333,0.550053719756768,4.50417460986671));
#1659=CARTESIAN_POINT('Ctrl Pts',(-2.16803600829434,0.599944278435704,4.49717361064679));
#1660=CARTESIAN_POINT('Ctrl Pts',(-2.15333772887432,0.710349047542603,4.46626908269694));
#1661=CARTESIAN_POINT('Ctrl Pts',(-2.13922747717765,0.766621043542902,4.43885337286904));
#1662=CARTESIAN_POINT('Ctrl Pts',(-2.1011337687696,0.846132688960305,4.38578289747958));
#1663=CARTESIAN_POINT('Ctrl Pts',(-2.08209511704066,0.874121980084463,4.3626885427143));
#1664=CARTESIAN_POINT('Ctrl Pts',(-2.02929173058358,0.92647653304597,4.31153133234726));
#1665=CARTESIAN_POINT('Ctrl Pts',(-1.9947019915565,0.947792620840951,4.28469441472913));
#1666=CARTESIAN_POINT('Ctrl Pts',(-1.91747439090365,0.97680012392275,4.2416055213286));
#1667=CARTESIAN_POINT('Ctrl Pts',(-1.87780575307677,0.985220742377889,4.22540812475528));
#1668=CARTESIAN_POINT('Ctrl Pts',(-1.78586386948438,0.996780429885471,4.20157890183881));
#1669=CARTESIAN_POINT('Ctrl Pts',(-1.73394794963372,0.998661938086494,4.19631101366451));
#1670=CARTESIAN_POINT('Ctrl Pts',(-1.63313821745536,1.00017819845974,4.20202086787301));
#1671=CARTESIAN_POINT('Ctrl Pts',(-1.58504336247469,1.,4.21189136425086));
#1672=CARTESIAN_POINT('Ctrl Pts',(-1.53909064241726,1.,4.22861678653533));
#1673=CARTESIAN_POINT('',(-2.17080885474333,-3.,4.50417460986671));
#1674=CARTESIAN_POINT('',(-2.17080885474333,0.,4.50417460986671));
#1675=CARTESIAN_POINT('',(-1.23229157083742,-3.,4.84576696555283));
#1676=CARTESIAN_POINT('Origin',(-1.71010071662834,-3.,4.69846310392954));
#1677=CARTESIAN_POINT('',(-1.23229157083742,0.,4.84576696555283));
#1678=CARTESIAN_POINT('Origin',(0.,1.,0.));
#1679=CARTESIAN_POINT('',(1.53909064241726,1.,4.22861678653533));
#1680=CARTESIAN_POINT('Origin',(0.,1.,0.));
#1681=CARTESIAN_POINT('',(2.89254423880029,1.,3.44719998832793));
#1682=CARTESIAN_POINT('Origin',(0.,1.,0.));
#1683=CARTESIAN_POINT('',(3.89711431057758,1.,2.24999999627471));
#1684=CARTESIAN_POINT('Origin',(0.,1.,0.));
#1685=CARTESIAN_POINT('',(4.43163488121755,1.,0.781416798207407));
#1686=CARTESIAN_POINT('Origin',(0.,1.,0.));
#1687=CARTESIAN_POINT('',(4.43163488121755,1.,-0.781416798207405));
#1688=CARTESIAN_POINT('Origin',(0.,1.,0.));
#1689=CARTESIAN_POINT('',(3.89711431057758,1.,-2.24999999627471));
#1690=CARTESIAN_POINT('Origin',(0.,1.,0.));
#1691=CARTESIAN_POINT('',(2.89254423880029,1.,-3.44719998832792));
#1692=CARTESIAN_POINT('Origin',(0.,1.,0.));
#1693=CARTESIAN_POINT('',(1.53909064241726,1.,-4.22861678653533));
#1694=CARTESIAN_POINT('Origin',(0.,1.,0.));
#1695=CARTESIAN_POINT('',(2.88505097901439E-16,1.,-4.49999999254942));
#1696=CARTESIAN_POINT('Origin',(0.,1.,0.));
#1697=CARTESIAN_POINT('',(-1.53909064241726,1.,-4.22861678653533));
#1698=CARTESIAN_POINT('Origin',(0.,1.,0.));
#1699=CARTESIAN_POINT('',(-2.89254423880029,1.,-3.44719998832793));
#1700=CARTESIAN_POINT('Origin',(0.,1.,0.));
#1701=CARTESIAN_POINT('',(-3.89711431057758,1.,-2.24999999627471));
#1702=CARTESIAN_POINT('Origin',(0.,1.,0.));
#1703=CARTESIAN_POINT('',(-4.43163488121755,1.,-0.781416798207408));
#1704=CARTESIAN_POINT('Origin',(0.,1.,0.));
#1705=CARTESIAN_POINT('',(-4.43163488121755,1.,0.781416798207406));
#1706=CARTESIAN_POINT('Origin',(0.,1.,0.));
#1707=CARTESIAN_POINT('',(-3.89711431057758,1.,2.24999999627471));
#1708=CARTESIAN_POINT('Origin',(0.,1.,0.));
#1709=CARTESIAN_POINT('',(-2.89254423880029,1.,3.44719998832792));
#1710=CARTESIAN_POINT('Origin',(0.,1.,0.));
#1711=CARTESIAN_POINT('Origin',(0.,1.,0.));
#1712=CARTESIAN_POINT('Origin',(0.,0.5,0.));
#1713=CARTESIAN_POINT('',(-2.81532520785377,0.5,4.13206291990128));
#1714=CARTESIAN_POINT('Ctrl Pts',(-2.89254423880029,1.,3.44719998832792));
#1715=CARTESIAN_POINT('Ctrl Pts',(-2.84784655690996,1.,3.48470579671658));
#1716=CARTESIAN_POINT('Ctrl Pts',(-2.81158460624831,1.00026238489508,3.52848554182657));
#1717=CARTESIAN_POINT('Ctrl Pts',(-2.75413820643004,0.997696804334218,3.62529351466559));
#1718=CARTESIAN_POINT('Ctrl Pts',(-2.73346764174629,0.994555800829026,3.68026210971423));
#1719=CARTESIAN_POINT('Ctrl Pts',(-2.71337287243936,0.975715360248913,3.78619939280388));
#1720=CARTESIAN_POINT('Ctrl Pts',(-2.71181763195369,0.961973443078765,3.83478139903538));
#1721=CARTESIAN_POINT('Ctrl Pts',(-2.72041168971468,0.922061866034772,3.91919517196942));
#1722=CARTESIAN_POINT('Ctrl Pts',(-2.72842619335679,0.899156633081135,3.95404590082311));
#1723=CARTESIAN_POINT('Ctrl Pts',(-2.74973429245691,0.83949830665524,4.01953714980294));
#1724=CARTESIAN_POINT('Ctrl Pts',(-2.76308924606566,0.8025381856133,4.04790451955326));
#1725=CARTESIAN_POINT('Ctrl Pts',(-2.78681353744932,0.722217233186973,4.09125214137654));
#1726=CARTESIAN_POINT('Ctrl Pts',(-2.79711901962711,0.679992584082443,4.10666121189794));
#1727=CARTESIAN_POINT('Ctrl Pts',(-2.81141725811743,0.591475246688789,4.12709142537737));
#1728=CARTESIAN_POINT('Ctrl Pts',(-2.81532520785377,0.545879012885984,4.13206291990128));
#1729=CARTESIAN_POINT('Ctrl Pts',(-2.81532520785377,0.5,4.13206291990128));
#1730=CARTESIAN_POINT('Origin',(0.,0.5,0.));
#1731=CARTESIAN_POINT('Origin',(-3.2139380484327,0.,3.83022221559489));
#1732=CARTESIAN_POINT('',(-3.58041150756947,0.5,3.49007928799105));
#1733=CARTESIAN_POINT('Ctrl Pts',(-3.58041150756947,0.5,3.49007928799105));
#1734=CARTESIAN_POINT('Ctrl Pts',(-3.58041150756947,0.501082789206733,3.49007928799105));
#1735=CARTESIAN_POINT('Ctrl Pts',(-3.58040911183441,0.502165904361617,3.49007670674684));
#1736=CARTESIAN_POINT('Ctrl Pts',(-3.58010565417685,0.570717988786206,3.48974977223522));
#1737=CARTESIAN_POINT('Ctrl Pts',(-3.5707883258831,0.634855000922109,3.47917376559685));
#1738=CARTESIAN_POINT('Ctrl Pts',(-3.53525561184194,0.750791015475445,3.44636352179226));
#1739=CARTESIAN_POINT('Ctrl Pts',(-3.50861993645017,0.802706865611023,3.42402713385644));
#1740=CARTESIAN_POINT('Ctrl Pts',(-3.44745132352524,0.875142450632336,3.3871757435416));
#1741=CARTESIAN_POINT('Ctrl Pts',(-3.41867221014212,0.900109568681693,3.37267745305127));
#1742=CARTESIAN_POINT('Ctrl Pts',(-3.34316548053339,0.946944174140437,3.34513451934293));
#1743=CARTESIAN_POINT('Ctrl Pts',(-3.29606528739397,0.964849094398886,3.33437901585104));
#1744=CARTESIAN_POINT('Ctrl Pts',(-3.200228322432,0.987320536391006,3.3283902102349));
#1745=CARTESIAN_POINT('Ctrl Pts',(-3.1542132637596,0.992833148419978,3.33161760571197));
#1746=CARTESIAN_POINT('Ctrl Pts',(-3.06793450861434,0.998648548185378,3.35020496702063));
#1747=CARTESIAN_POINT('Ctrl Pts',(-3.0281461715084,0.99943895424054,3.36410453383928));
#1748=CARTESIAN_POINT('Ctrl Pts',(-2.95537767581569,1.00007520593322,3.4004822698982));
#1749=CARTESIAN_POINT('Ctrl Pts',(-2.92254315688327,1.,3.42202790722877));
#1750=CARTESIAN_POINT('Ctrl Pts',(-2.89254423880029,1.,3.44719998832792));
#1751=CARTESIAN_POINT('',(-3.58041150756947,-3.,3.49007928799105));
#1752=CARTESIAN_POINT('',(-3.58041150756947,0.,3.49007928799105));
#1753=CARTESIAN_POINT('',(-2.81532520785377,-3.,4.13206291990128));
#1754=CARTESIAN_POINT('Origin',(-3.2139380484327,-3.,3.83022221559489));
#1755=CARTESIAN_POINT('',(-2.81532520785377,0.,4.13206291990128));
#1756=CARTESIAN_POINT('Origin',(0.,0.5,0.));
#1757=CARTESIAN_POINT('',(-4.05878907502806,0.5,2.9199711033558));
#1758=CARTESIAN_POINT('Ctrl Pts',(-3.89711431057758,1.,2.24999999627471));
#1759=CARTESIAN_POINT('Ctrl Pts',(-3.86885071555673,1.,2.29895397885538));
#1760=CARTESIAN_POINT('Ctrl Pts',(-3.85000495515921,1.00023671360428,2.35079952308746));
#1761=CARTESIAN_POINT('Ctrl Pts',(-3.82827137579611,0.997906732280086,2.46010730204306));
#1762=CARTESIAN_POINT('Ctrl Pts',(-3.82712136730386,0.994964943100571,2.51917768000934));
#1763=CARTESIAN_POINT('Ctrl Pts',(-3.8437191520458,0.976637749004798,2.62616904057218));
#1764=CARTESIAN_POINT('Ctrl Pts',(-3.85856231924377,0.963226088625062,2.67259991844274));
#1765=CARTESIAN_POINT('Ctrl Pts',(-3.89494882212551,0.924158269438911,2.74916503523072));
#1766=CARTESIAN_POINT('Ctrl Pts',(-3.91406752231612,0.901849988568875,2.77918799052819));
#1767=CARTESIAN_POINT('Ctrl Pts',(-3.9554313224929,0.844408378816116,2.83295182369004));
#1768=CARTESIAN_POINT('Ctrl Pts',(-3.9770031285427,0.809329216525694,2.85489324171815));
#1769=CARTESIAN_POINT('Ctrl Pts',(-4.01500967354557,0.73013224645942,2.88905148674647));
#1770=CARTESIAN_POINT('Ctrl Pts',(-4.03104615464907,0.686586051872086,2.90091430487796));
#1771=CARTESIAN_POINT('Ctrl Pts',(-4.05299189110318,0.594955049364565,2.91638317539156));
#1772=CARTESIAN_POINT('Ctrl Pts',(-4.05878907502806,0.54763701481485,2.9199711033558));
#1773=CARTESIAN_POINT('Ctrl Pts',(-4.05878907502806,0.5,2.9199711033558));
#1774=CARTESIAN_POINT('Origin',(0.,0.5,0.));
#1775=CARTESIAN_POINT('Origin',(-4.33012701892219,0.,2.5));
#1776=CARTESIAN_POINT('',(-4.55816369133663,0.5,2.05502889589914));
#1777=CARTESIAN_POINT('Ctrl Pts',(-4.55816369133663,0.5,2.05502889589914));
#1778=CARTESIAN_POINT('Ctrl Pts',(-4.55816369133663,0.565036784951683,2.05502889589914));
#1779=CARTESIAN_POINT('Ctrl Pts',(-4.5470058536216,0.627059546566925,2.04894450408081));
#1780=CARTESIAN_POINT('Ctrl Pts',(-4.5052247223305,0.742475984993921,2.03107937239714));
#1781=CARTESIAN_POINT('Ctrl Pts',(-4.47337606545525,0.795374550742823,2.01911245400637));
#1782=CARTESIAN_POINT('Ctrl Pts',(-4.40480916348318,0.8691735986565,2.00482044337957));
#1783=CARTESIAN_POINT('Ctrl Pts',(-4.37353311794632,0.894645531915316,2.0006700254043));
#1784=CARTESIAN_POINT('Ctrl Pts',(-4.29458761249134,0.942856861757869,1.99931805090323));
#1785=CARTESIAN_POINT('Ctrl Pts',(-4.24718329535034,0.961623572974547,2.00435074814598));
#1786=CARTESIAN_POINT('Ctrl Pts',(-4.15578999662194,0.98548345442094,2.02929254047983));
#1787=CARTESIAN_POINT('Ctrl Pts',(-4.11392784763834,0.99155074756904,2.04682982850381));
#1788=CARTESIAN_POINT('Ctrl Pts',(-4.03672430294226,0.998370146932148,2.0927576600537));
#1789=CARTESIAN_POINT('Ctrl Pts',(-4.0017985041293,0.999325312028297,2.12028875322102));
#1790=CARTESIAN_POINT('Ctrl Pts',(-3.94238129484097,1.00008991306378,2.18167799156602));
#1791=CARTESIAN_POINT('Ctrl Pts',(-3.91761096893749,1.,2.21449874260997));
#1792=CARTESIAN_POINT('Ctrl Pts',(-3.89711431057758,1.,2.24999999627471));
#1793=CARTESIAN_POINT('',(-4.55816369133663,-3.,2.05502889589914));
#1794=CARTESIAN_POINT('',(-4.55816369133663,0.,2.05502889589914));
#1795=CARTESIAN_POINT('',(-4.05878907502806,-3.,2.9199711033558));
#1796=CARTESIAN_POINT('Origin',(-4.33012701892219,-3.,2.5));
#1797=CARTESIAN_POINT('',(-4.05878907502806,0.,2.9199711033558));
#1798=CARTESIAN_POINT('Origin',(0.,0.5,0.));
#1799=CARTESIAN_POINT('',(-4.81270307840689,0.5,1.35568767756177));
#1800=CARTESIAN_POINT('Ctrl Pts',(-4.43163488121755,1.,0.781416798207406));
#1801=CARTESIAN_POINT('Ctrl Pts',(-4.42460377041078,1.,0.821292209097559));
#1802=CARTESIAN_POINT('Ctrl Pts',(-4.4224176975209,1.00008854998897,0.862033854488351));
#1803=CARTESIAN_POINT('Ctrl Pts',(-4.42958149435855,0.999180252680237,0.96571142884619));
#1804=CARTESIAN_POINT('Ctrl Pts',(-4.44573275291776,0.997550214924675,1.02560547605286));
#1805=CARTESIAN_POINT('Ctrl Pts',(-4.49254044573915,0.983546550165809,1.125995447691));
#1806=CARTESIAN_POINT('Ctrl Pts',(-4.52071435237353,0.972692379876171,1.16770874252844));
#1807=CARTESIAN_POINT('Ctrl Pts',(-4.58148318018239,0.937626770481967,1.23488417313296));
#1808=CARTESIAN_POINT('Ctrl Pts',(-4.61160528097598,0.916100540249375,1.26027151751641));
#1809=CARTESIAN_POINT('Ctrl Pts',(-4.66821719878076,0.863506808387202,1.29907042941632));
#1810=CARTESIAN_POINT('Ctrl Pts',(-4.69383956618263,0.83442541640087,1.31280741759383));
#1811=CARTESIAN_POINT('Ctrl Pts',(-4.7510692482923,0.752251961800136,1.33888747165972));
#1812=CARTESIAN_POINT('Ctrl Pts',(-4.77928002013007,0.694277466892714,1.34714064928497));
#1813=CARTESIAN_POINT('Ctrl Pts',(-4.80703774457573,0.587557177211966,1.35449242197711));
#1814=CARTESIAN_POINT('Ctrl Pts',(-4.81270307840689,0.543901425948525,1.35568767756177));
#1815=CARTESIAN_POINT('Ctrl Pts',(-4.81270307840689,0.5,1.35568767756177));
#1816=CARTESIAN_POINT('Origin',(0.,0.5,0.));
#1817=CARTESIAN_POINT('Origin',(-4.92403876506104,0.,0.868240888334651));
#1818=CARTESIAN_POINT('',(-4.9861340625971,0.5,0.372111689965427));
#1819=CARTESIAN_POINT('Ctrl Pts',(-4.9861340625971,0.5,0.372111689965427));
#1820=CARTESIAN_POINT('Ctrl Pts',(-4.9861340625971,0.534195071475056,0.372111689965427));
#1821=CARTESIAN_POINT('Ctrl Pts',(-4.98265182719699,0.568410365449466,0.371638482159763));
#1822=CARTESIAN_POINT('Ctrl Pts',(-4.96213722794715,0.667241945560329,0.369509187790425));
#1823=CARTESIAN_POINT('Ctrl Pts',(-4.93623232657567,0.726880004927981,0.367177427204697));
#1824=CARTESIAN_POINT('Ctrl Pts',(-4.87705940954588,0.814582724549121,0.369855114196994));
#1825=CARTESIAN_POINT('Ctrl Pts',(-4.84808496017593,0.847106571145399,0.372913789651669));
#1826=CARTESIAN_POINT('Ctrl Pts',(-4.78318501025944,0.903076708467999,0.387353533726416));
#1827=CARTESIAN_POINT('Ctrl Pts',(-4.74840354981284,0.925718704365087,0.398438015708526));
#1828=CARTESIAN_POINT('Ctrl Pts',(-4.677753636743,0.96084109579458,0.431410183828226));
#1829=CARTESIAN_POINT('Ctrl Pts',(-4.6434326667726,0.972873721548908,0.452328871504424));
#1830=CARTESIAN_POINT('Ctrl Pts',(-4.57478155965934,0.990540697605898,0.507430648797208));
#1831=CARTESIAN_POINT('Ctrl Pts',(-4.54220670576247,0.994962522010454,0.541933944378642));
#1832=CARTESIAN_POINT('Ctrl Pts',(-4.49332052623517,0.999106724876675,0.611566612201965));
#1833=CARTESIAN_POINT('Ctrl Pts',(-4.47524160162884,0.999624431757421,0.644634332400239));
#1834=CARTESIAN_POINT('Ctrl Pts',(-4.447648431343,1.00005099919534,0.712330519655216));
#1835=CARTESIAN_POINT('Ctrl Pts',(-4.43779352872345,1.,0.746489372573738));
#1836=CARTESIAN_POINT('Ctrl Pts',(-4.43163488121755,1.,0.781416798207406));
#1837=CARTESIAN_POINT('',(-4.9861340625971,-3.,0.372111689965427));
#1838=CARTESIAN_POINT('',(-4.9861340625971,0.,0.372111689965427));
#1839=CARTESIAN_POINT('',(-4.81270307840689,-3.,1.35568767756177));
#1840=CARTESIAN_POINT('Origin',(-4.92403876506104,-3.,0.868240888334651));
#1841=CARTESIAN_POINT('',(-4.81270307840689,0.,1.35568767756177));
#1842=CARTESIAN_POINT('Origin',(0.,0.5,0.));
#1843=CARTESIAN_POINT('',(-4.9861340625971,0.5,-0.372111689965429));
#1844=CARTESIAN_POINT('Ctrl Pts',(-4.43163488121755,1.,-0.781416798207408));
#1845=CARTESIAN_POINT('Ctrl Pts',(-4.43865365392482,1.,-0.741611360156642));
#1846=CARTESIAN_POINT('Ctrl Pts',(-4.45050467491621,1.00008794570598,-0.702645306274596));
#1847=CARTESIAN_POINT('Ctrl Pts',(-4.49263312105696,0.999184822382729,-0.607703839892354));
#1848=CARTESIAN_POINT('Ctrl Pts',(-4.52828397163275,0.997561469659577,-0.556921577224932));
#1849=CARTESIAN_POINT('Ctrl Pts',(-4.60658874884994,0.983578209348676,-0.47855605019674));
#1850=CARTESIAN_POINT('Ctrl Pts',(-4.64732690716844,0.972736872273321,-0.448975916957964));
#1851=CARTESIAN_POINT('Ctrl Pts',(-4.72742476715305,0.937690378862017,-0.406595271583366));
#1852=CARTESIAN_POINT('Ctrl Pts',(-4.76443335865794,0.916165639401771,-0.39302463330756));
#1853=CARTESIAN_POINT('Ctrl Pts',(-4.83090553539199,0.863589583886306,-0.375915865487141));
#1854=CARTESIAN_POINT('Ctrl Pts',(-4.85966970410089,0.834536006829275,-0.371765827554774));
#1855=CARTESIAN_POINT('Ctrl Pts',(-4.92237857323593,0.752410491391229,-0.366817807987515));
#1856=CARTESIAN_POINT('Ctrl Pts',(-4.95172944145587,0.69445241238744,-0.368706998838787));
#1857=CARTESIAN_POINT('Ctrl Pts',(-4.98038443938732,0.587687502727997,-0.371294489272718));
#1858=CARTESIAN_POINT('Ctrl Pts',(-4.9861340625971,0.543967175896353,-0.372111689965429));
#1859=CARTESIAN_POINT('Ctrl Pts',(-4.9861340625971,0.5,-0.372111689965429));
#1860=CARTESIAN_POINT('Origin',(0.,0.5,0.));
#1861=CARTESIAN_POINT('Origin',(-4.92403876506104,0.,-0.868240888334653));
#1862=CARTESIAN_POINT('',(-4.81270307840689,0.5,-1.35568767756177));
#1863=CARTESIAN_POINT('Ctrl Pts',(-4.81270307840689,0.5,-1.35568767756177));
#1864=CARTESIAN_POINT('Ctrl Pts',(-4.81270307840689,0.534195071475054,-1.35568767756177));
#1865=CARTESIAN_POINT('Ctrl Pts',(-4.80926900089605,0.568410365449461,-1.35494135279422));
#1866=CARTESIAN_POINT('Ctrl Pts',(-4.78926332179721,0.667241945560346,-1.34992582882486));
#1867=CARTESIAN_POINT('Ctrl Pts',(-4.7641231680465,0.726880004927994,-1.3432569689608));
#1868=CARTESIAN_POINT('Ctrl Pts',(-4.70943463745214,0.814582724549119,-1.32050243668984));
#1869=CARTESIAN_POINT('Ctrl Pts',(-4.68325368980525,0.847106571145397,-1.30771837660941));
#1870=CARTESIAN_POINT('Ctrl Pts',(-4.62720636911738,0.903076708467996,-1.27195236548407));
#1871=CARTESIAN_POINT('Ctrl Pts',(-4.59831360351177,0.925718704365084,-1.24964039947322));
#1872=CARTESIAN_POINT('Ctrl Pts',(-4.54320154720693,0.960841095794579,-1.19449300300574));
#1873=CARTESIAN_POINT('Ctrl Pts',(-4.51810499754473,0.972873721548907,-1.16309740349153));
#1874=CARTESIAN_POINT('Ctrl Pts',(-4.4724399765488,0.990540697605897,-1.08783860848298));
#1875=CARTESIAN_POINT('Ctrl Pts',(-4.4536304488187,0.994962522010453,-1.0442748600337));
#1876=CARTESIAN_POINT('Ctrl Pts',(-4.43150824168756,0.999106724876675,-0.962121497785902));
#1877=CARTESIAN_POINT('Ctrl Pts',(-4.42582943604491,0.999624431757421,-0.924864648744335));
#1878=CARTESIAN_POINT('Ctrl Pts',(-4.42305379721076,1.00005099919534,-0.851813621069523));
#1879=CARTESIAN_POINT('Ctrl Pts',(-4.42547623371164,1.,-0.816344223841078));
#1880=CARTESIAN_POINT('Ctrl Pts',(-4.43163488121755,1.,-0.781416798207408));
#1881=CARTESIAN_POINT('',(-4.81270307840689,-3.,-1.35568767756177));
#1882=CARTESIAN_POINT('',(-4.81270307840689,0.,-1.35568767756177));
#1883=CARTESIAN_POINT('',(-4.9861340625971,-3.,-0.372111689965429));
#1884=CARTESIAN_POINT('Origin',(-4.92403876506104,-3.,-0.868240888334653));
#1885=CARTESIAN_POINT('',(-4.9861340625971,0.,-0.372111689965429));
#1886=CARTESIAN_POINT('Origin',(0.,0.5,0.));
#1887=CARTESIAN_POINT('',(-4.55816369133663,0.5,-2.05502889589915));
#1888=CARTESIAN_POINT('Ctrl Pts',(-3.89711431057758,1.,-2.24999999627471));
#1889=CARTESIAN_POINT('Ctrl Pts',(-3.92536027048282,1.,-2.20107655861029));
#1890=CARTESIAN_POINT('Ctrl Pts',(-3.9608111281589,1.00023623522936,-2.15885371585064));
#1891=CARTESIAN_POINT('Ctrl Pts',(-4.04457741839007,0.997910659008875,-2.08537644350116));
#1892=CARTESIAN_POINT('Ctrl Pts',(-4.09515949892723,0.994972680857459,-2.05483311213456));
#1893=CARTESIAN_POINT('Ctrl Pts',(-4.19611801067091,0.976655330605272,-2.01569328005929));
#1894=CARTESIAN_POINT('Ctrl Pts',(-4.2437512147307,0.963249947340427,-2.00532476444354));
#1895=CARTESIAN_POINT('Ctrl Pts',(-4.32826174138399,0.924192489461788,-1.99854180077676));
#1896=CARTESIAN_POINT('Ctrl Pts',(-4.36382897850774,0.90188707414987,-2.00008392836845));
#1897=CARTESIAN_POINT('Ctrl Pts',(-4.43106601320735,0.84446600111814,-2.00901717808749));
#1898=CARTESIAN_POINT('Ctrl Pts',(-4.4608466303056,0.809410588340902,-2.01672165240809));
#1899=CARTESIAN_POINT('Ctrl Pts',(-4.50945281251644,0.730228796546222,-2.03255653272233));
#1900=CARTESIAN_POINT('Ctrl Pts',(-4.52776112162995,0.686666626981559,-2.04051906634366));
#1901=CARTESIAN_POINT('Ctrl Pts',(-4.55215248064977,0.594997674353717,-2.05179933154677));
#1902=CARTESIAN_POINT('Ctrl Pts',(-4.55816369133663,0.547658558885638,-2.05502889589915));
#1903=CARTESIAN_POINT('Ctrl Pts',(-4.55816369133663,0.5,-2.05502889589915));
#1904=CARTESIAN_POINT('Origin',(0.,0.5,0.));
#1905=CARTESIAN_POINT('Origin',(-4.33012701892219,0.,-2.5));
#1906=CARTESIAN_POINT('',(-4.05878907502806,0.5,-2.9199711033558));
#1907=CARTESIAN_POINT('Ctrl Pts',(-4.05878907502806,0.5,-2.9199711033558));
#1908=CARTESIAN_POINT('Ctrl Pts',(-4.05878907502806,0.565036784951671,-2.9199711033558));
#1909=CARTESIAN_POINT('Ctrl Pts',(-4.04794091828929,0.627059546566921,-2.91335032835245));
#1910=CARTESIAN_POINT('Ctrl Pts',(-4.01157869476373,0.742475984993934,-2.88609937309733));
#1911=CARTESIAN_POINT('Ctrl Pts',(-3.98529071099467,0.795374550742836,-2.86450108636233));
#1912=CARTESIAN_POINT('Ctrl Pts',(-3.93863001573467,0.869173598656511,-2.81226641270912));
#1913=CARTESIAN_POINT('Ctrl Pts',(-3.91939762556333,0.894645531915327,-2.78725577173191));
#1914=CARTESIAN_POINT('Ctrl Pts',(-3.87875402857265,0.942856861757879,-2.71956294574383));
#1915=CARTESIAN_POINT('Ctrl Pts',(-3.85941031366392,0.961623572974555,-2.67599325422929));
#1916=CARTESIAN_POINT('Ctrl Pts',(-3.83531389007676,0.985483454420944,-2.58437343962791));
#1917=CARTESIAN_POINT('Ctrl Pts',(-3.82957055252721,0.991550747569043,-2.53935111113911));
#1918=CARTESIAN_POINT('Ctrl Pts',(-3.83074344904212,0.998370146932149,-2.44952696439516));
#1919=CARTESIAN_POINT('Ctrl Pts',(-3.83712317571249,0.999325312028298,-2.40551478879201));
#1920=CARTESIAN_POINT('Ctrl Pts',(-3.86057921099408,1.00008991306378,-2.32336335695385));
#1921=CARTESIAN_POINT('Ctrl Pts',(-3.87661765221768,1.,-2.28550124993945));
#1922=CARTESIAN_POINT('Ctrl Pts',(-3.89711431057758,1.,-2.24999999627471));
#1923=CARTESIAN_POINT('',(-4.05878907502806,-3.,-2.9199711033558));
#1924=CARTESIAN_POINT('',(-4.05878907502806,0.,-2.9199711033558));
#1925=CARTESIAN_POINT('',(-4.55816369133663,-3.,-2.05502889589915));
#1926=CARTESIAN_POINT('Origin',(-4.33012701892219,-3.,-2.5));
#1927=CARTESIAN_POINT('',(-4.55816369133663,0.,-2.05502889589915));
#1928=CARTESIAN_POINT('Origin',(0.,0.5,0.));
#1929=CARTESIAN_POINT('',(-3.58041150756947,0.5,-3.49007928799105));
#1930=CARTESIAN_POINT('Ctrl Pts',(-2.89254423880029,1.,-3.44719998832793));
#1931=CARTESIAN_POINT('Ctrl Pts',(-2.9373250541304,1.,-3.40962442270061));
#1932=CARTESIAN_POINT('Ctrl Pts',(-2.98683369811616,1.00026397530185,-3.38148362558944));
#1933=CARTESIAN_POINT('Ctrl Pts',(-3.09223217207769,0.997683848147938,-3.34175825543161));
#1934=CARTESIAN_POINT('Ctrl Pts',(-3.14993993025692,0.994530825883294,-3.33098124794396));
#1935=CARTESIAN_POINT('Ctrl Pts',(-3.25773724770277,0.97565857713235,-3.32963728229294));
#1936=CARTESIAN_POINT('Ctrl Pts',(-3.30584520396764,0.96189465699095,-3.33656431993982));
#1937=CARTESIAN_POINT('Ctrl Pts',(-3.3874461558712,0.921944433434734,-3.35971429012341));
#1938=CARTESIAN_POINT('Ctrl Pts',(-3.42034954018213,0.89902853044229,-3.37366240318571));
#1939=CARTESIAN_POINT('Ctrl Pts',(-3.4811613857418,0.839291803210067,-3.40605154491295));
#1940=CARTESIAN_POINT('Ctrl Pts',(-3.5067950344933,0.802241368771751,-3.42416142026597));
#1941=CARTESIAN_POINT('Ctrl Pts',(-3.54529418983251,0.721863619005581,-3.45502710876711));
#1942=CARTESIAN_POINT('Ctrl Pts',(-3.55863255744856,0.679698556931778,-3.46781185894393));
#1943=CARTESIAN_POINT('Ctrl Pts',(-3.57620823795514,0.591320454853474,-3.48538370990468));
#1944=CARTESIAN_POINT('Ctrl Pts',(-3.58041150756947,0.545800848013898,-3.49007928799105));
#1945=CARTESIAN_POINT('Ctrl Pts',(-3.58041150756947,0.5,-3.49007928799105));
#1946=CARTESIAN_POINT('Origin',(0.,0.5,0.));
#1947=CARTESIAN_POINT('Origin',(-3.2139380484327,0.,-3.83022221559489));
#1948=CARTESIAN_POINT('',(-2.81532520785377,0.5,-4.13206291990128));
#1949=CARTESIAN_POINT('Ctrl Pts',(-2.81532520785377,0.5,-4.13206291990128));
#1950=CARTESIAN_POINT('Ctrl Pts',(-2.81532520785377,0.501082789206732,-4.13206291990128));
#1951=CARTESIAN_POINT('Ctrl Pts',(-2.81532308183949,0.502165904361615,-4.13206011233447));
#1952=CARTESIAN_POINT('Ctrl Pts',(-2.81505380906695,0.57071798878617,-4.13170449329843));
#1953=CARTESIAN_POINT('Ctrl Pts',(-2.80625641281251,0.634855000922075,-4.12069221187766));
#1954=CARTESIAN_POINT('Ctrl Pts',(-2.78011482137634,0.750791015475436,-4.08000188055888));
#1955=CARTESIAN_POINT('Ctrl Pts',(-2.76274300985556,0.802706865611016,-4.04989218786563));
#1956=CARTESIAN_POINT('Ctrl Pts',(-2.73707329312905,0.875142450632344,-3.98325368684348));
#1957=CARTESIAN_POINT('Ctrl Pts',(-2.7277927048426,0.900109568681695,-3.95239419113603));
#1958=CARTESIAN_POINT('Ctrl Pts',(-2.71377981618407,0.946944174140435,-3.87325179816671));
#1959=CARTESIAN_POINT('Ctrl Pts',(-2.71136657566413,0.964849094398884,-3.82499948921339));
#1960=CARTESIAN_POINT('Ctrl Pts',(-2.72211066778085,0.987320536391007,-3.72957855791203));
#1961=CARTESIAN_POINT('Ctrl Pts',(-2.7332794629524,0.992833148419978,-3.68482300271933));
#1962=CARTESIAN_POINT('Ctrl Pts',(-2.76656658907956,0.998648548185378,-3.60308267715093));
#1963=CARTESIAN_POINT('Ctrl Pts',(-2.78716416247692,0.99943895424054,-3.56631244873796));
#1964=CARTESIAN_POINT('Ctrl Pts',(-2.83562535565338,1.00007520593322,-3.50096639757902));
#1965=CARTESIAN_POINT('Ctrl Pts',(-2.86254532071731,1.,-3.47237206942707));
#1966=CARTESIAN_POINT('Ctrl Pts',(-2.89254423880029,1.,-3.44719998832793));
#1967=CARTESIAN_POINT('',(-2.81532520785377,-3.,-4.13206291990128));
#1968=CARTESIAN_POINT('',(-2.81532520785377,0.,-4.13206291990128));
#1969=CARTESIAN_POINT('',(-3.58041150756947,-3.,-3.49007928799105));
#1970=CARTESIAN_POINT('Origin',(-3.2139380484327,-3.,-3.83022221559489));
#1971=CARTESIAN_POINT('',(-3.58041150756947,0.,-3.49007928799105));
#1972=CARTESIAN_POINT('Origin',(0.,0.5,0.));
#1973=CARTESIAN_POINT('',(-2.17080885474333,0.5,-4.50417460986671));
#1974=CARTESIAN_POINT('Ctrl Pts',(-1.53909064241726,1.,-4.22861678653533));
#1975=CARTESIAN_POINT('Ctrl Pts',(-1.58590781205231,1.,-4.21157673033558));
#1976=CARTESIAN_POINT('Ctrl Pts',(-1.63514987480695,1.00019764090569,-4.20158329266104));
#1977=CARTESIAN_POINT('Ctrl Pts',(-1.74613239138005,0.99841430467109,-4.1960402403907));
#1978=CARTESIAN_POINT('Ctrl Pts',(-1.80567586931285,0.995833253838621,-4.20428256072154));
#1979=CARTESIAN_POINT('Ctrl Pts',(-1.90897193543303,0.979131827974619,-4.23694694917482));
#1980=CARTESIAN_POINT('Ctrl Pts',(-1.95302740540348,0.96660758148398,-4.25891025786675));
#1981=CARTESIAN_POINT('Ctrl Pts',(-2.02449396739058,0.928976323619083,-4.30768228280787));
#1982=CARTESIAN_POINT('Ctrl Pts',(-2.05196490416049,0.907008231806395,-4.33205787980725));
#1983=CARTESIAN_POINT('Ctrl Pts',(-2.09817663725002,0.851826536765366,-4.38135699594996));
#1984=CARTESIAN_POINT('Ctrl Pts',(-2.1159968983668,0.819387017504049,-4.40540295051813));
#1985=CARTESIAN_POINT('Ctrl Pts',(-2.14518665061887,0.741802096410769,-4.45045060104419));
#1986=CARTESIAN_POINT('Ctrl Pts',(-2.1552002025321,0.696344293482891,-4.47018587929704));
#1987=CARTESIAN_POINT('Ctrl Pts',(-2.16800978256074,0.600156102111312,-4.49711770599736));
#1988=CARTESIAN_POINT('Ctrl Pts',(-2.17080885474333,0.550267642247979,-4.50417460986671));
#1989=CARTESIAN_POINT('Ctrl Pts',(-2.17080885474333,0.5,-4.50417460986671));
#1990=CARTESIAN_POINT('Origin',(0.,0.5,0.));
#1991=CARTESIAN_POINT('Origin',(-1.71010071662834,0.,-4.69846310392954));
#1992=CARTESIAN_POINT('',(-1.23229157083742,0.5,-4.84576696555283));
#1993=CARTESIAN_POINT('Ctrl Pts',(-1.23229157083742,0.5,-4.84576696555283));
#1994=CARTESIAN_POINT('Ctrl Pts',(-1.23229157083742,0.550053719756771,-4.84576696555283));
#1995=CARTESIAN_POINT('Ctrl Pts',(-1.22991553889731,0.599944278435707,-4.83862153766315));
#1996=CARTESIAN_POINT('Ctrl Pts',(-1.22131002652105,0.710349047542606,-4.80549942386505));
#1997=CARTESIAN_POINT('Ctrl Pts',(-1.21449662783616,0.766621043542904,-4.77542787673704));
#1998=CARTESIAN_POINT('Ctrl Pts',(-1.20956505745942,0.846132688960308,-4.71028737019956));
#1999=CARTESIAN_POINT('Ctrl Pts',(-1.20930474572402,0.874121980084466,-4.6803582586277));
#2000=CARTESIAN_POINT('Ctrl Pts',(-1.21687126552727,0.926476533045975,-4.60722819933645));
#2001=CARTESIAN_POINT('Ctrl Pts',(-1.22611810477079,0.947792620840954,-4.56443607205574));
#2002=CARTESIAN_POINT('Ctrl Pts',(-1.25758087231335,0.976800123922752,-4.48178711988065));
#2003=CARTESIAN_POINT('Ctrl Pts',(-1.27755732606022,0.98522074237789,-4.44388068535441));
#2004=CARTESIAN_POINT('Ctrl Pts',(-1.3326717658369,0.996780429885472,-4.36652733797097));
#2005=CARTESIAN_POINT('Ctrl Pts',(-1.36905553450026,0.998661938086494,-4.32912099148259));
#2006=CARTESIAN_POINT('Ctrl Pts',(-1.44995049318614,1.00017819845974,-4.26869574678997));
#2007=CARTESIAN_POINT('Ctrl Pts',(-1.49313792235983,1.,-4.2453422088198));
#2008=CARTESIAN_POINT('Ctrl Pts',(-1.53909064241726,1.,-4.22861678653533));
#2009=CARTESIAN_POINT('',(-1.23229157083742,-3.,-4.84576696555283));
#2010=CARTESIAN_POINT('',(-1.23229157083742,0.,-4.84576696555283));
#2011=CARTESIAN_POINT('',(-2.17080885474333,-3.,-4.50417460986671));
#2012=CARTESIAN_POINT('Origin',(-1.71010071662834,-3.,-4.69846310392954));
#2013=CARTESIAN_POINT('',(-2.17080885474333,0.,-4.50417460986671));
#2014=CARTESIAN_POINT('Origin',(0.,0.5,0.));
#2015=CARTESIAN_POINT('',(-0.499374616308566,0.5,-4.97499999925494));
#2016=CARTESIAN_POINT('Ctrl Pts',(2.88505097901439E-16,1.,-4.49999999254942));
#2017=CARTESIAN_POINT('Ctrl Pts',(-0.0263844188843397,1.,-4.49999999254942));
#2018=CARTESIAN_POINT('Ctrl Pts',(-0.0528293595157338,1.00001635184262,
-4.5020889076543));
#2019=CARTESIAN_POINT('Ctrl Pts',(-0.144201296543153,0.999789499597975,
-4.51672315397572));
#2020=CARTESIAN_POINT('Ctrl Pts',(-0.204418954227074,0.999285723635721,
-4.53959548009076));
#2021=CARTESIAN_POINT('Ctrl Pts',(-0.300980079493071,0.989261697728446,
-4.5974601516807));
#2022=CARTESIAN_POINT('Ctrl Pts',(-0.339965343905192,0.981150399605739,
-4.63004354857823));
#2023=CARTESIAN_POINT('Ctrl Pts',(-0.404594634064149,0.950991830851347,
-4.7023982634445));
#2024=CARTESIAN_POINT('Ctrl Pts',(-0.429056449743088,0.930170832427032,
-4.73997154200955));
#2025=CARTESIAN_POINT('Ctrl Pts',(-0.46197594051585,0.879139642437532,-4.80600376258771));
#2026=CARTESIAN_POINT('Ctrl Pts',(-0.472217706225296,0.85268079828186,-4.8336135328241));
#2027=CARTESIAN_POINT('Ctrl Pts',(-0.490892305595789,0.775860702278653,
-4.89691080610523));
#2028=CARTESIAN_POINT('Ctrl Pts',(-0.495315189392054,0.720561513508711,
-4.92863621169765));
#2029=CARTESIAN_POINT('Ctrl Pts',(-0.499148023695314,0.607589191945403,
-4.96621334981145));
#2030=CARTESIAN_POINT('Ctrl Pts',(-0.499374616308566,0.554080870003504,
-4.97499999925494));
#2031=CARTESIAN_POINT('Ctrl Pts',(-0.499374616308566,0.5,-4.97499999925494));
#2032=CARTESIAN_POINT('Origin',(0.,0.5,0.));
#2033=CARTESIAN_POINT('Origin',(3.20561220421236E-16,0.,-5.));
#2034=CARTESIAN_POINT('',(0.499374616308567,0.5,-4.97499999925494));
#2035=CARTESIAN_POINT('Ctrl Pts',(0.499374616308567,0.5,-4.97499999925494));
#2036=CARTESIAN_POINT('Ctrl Pts',(0.499374616308567,0.567533454899253,-4.97499999925494));
#2037=CARTESIAN_POINT('Ctrl Pts',(0.499059866419357,0.631745985434212,-4.96130484641918));
#2038=CARTESIAN_POINT('Ctrl Pts',(0.493452431505344,0.741933971467029,-4.91653182701588));
#2039=CARTESIAN_POINT('Ctrl Pts',(0.488473547617587,0.790354844523532,-4.8865942498531));
#2040=CARTESIAN_POINT('Ctrl Pts',(0.469038519139271,0.861602400556494,-4.82477103626125));
#2041=CARTESIAN_POINT('Ctrl Pts',(0.458071835865508,0.8871413918768,-4.79683817934576));
#2042=CARTESIAN_POINT('Ctrl Pts',(0.422557050957109,0.936853514080139,-4.72925211080325));
#2043=CARTESIAN_POINT('Ctrl Pts',(0.395954518512685,0.95690032209895,-4.69061943970143));
#2044=CARTESIAN_POINT('Ctrl Pts',(0.331683714350231,0.98267755199228,-4.62338461700937));
#2045=CARTESIAN_POINT('Ctrl Pts',(0.297317774099077,0.98953311870956,-4.59550598604304));
#2046=CARTESIAN_POINT('Ctrl Pts',(0.213133529794297,0.998505037411582,-4.54454363510412));
#2047=CARTESIAN_POINT('Ctrl Pts',(0.162705822410423,0.999461174383383,-4.52409142695837));
#2048=CARTESIAN_POINT('Ctrl Pts',(0.0736646995837486,1.00005939106965,-4.50408635123898));
#2049=CARTESIAN_POINT('Ctrl Pts',(0.0368915294074171,1.,-4.49999999254942));
#2050=CARTESIAN_POINT('Ctrl Pts',(3.66337661044925E-16,1.,-4.49999999254942));
#2051=CARTESIAN_POINT('',(0.499374616308567,-3.,-4.97499999925494));
#2052=CARTESIAN_POINT('',(0.499374616308567,0.,-4.97499999925494));
#2053=CARTESIAN_POINT('',(-0.499374616308566,-3.,-4.97499999925494));
#2054=CARTESIAN_POINT('Origin',(3.20561220421236E-16,-3.,-5.));
#2055=CARTESIAN_POINT('',(-0.499374616308566,0.,-4.97499999925494));
#2056=CARTESIAN_POINT('Origin',(0.,0.5,0.));
#2057=CARTESIAN_POINT('',(1.23229157083743,0.5,-4.84576696555282));
#2058=CARTESIAN_POINT('Ctrl Pts',(1.53909064241726,1.,-4.22861678653533));
#2059=CARTESIAN_POINT('Ctrl Pts',(1.49224204594022,1.,-4.24566828117012));
#2060=CARTESIAN_POINT('Ctrl Pts',(1.44806949552746,1.00019814847436,-4.26968562646828));
#2061=CARTESIAN_POINT('Ctrl Pts',(1.35948187649939,0.998410918202909,-4.33681060223151));
#2062=CARTESIAN_POINT('Ctrl Pts',(1.31917947815492,0.9958261835699,-4.38140019802428));
#2063=CARTESIAN_POINT('Ctrl Pts',(1.26106515902879,0.97911471883857,-4.47282225795241));
#2064=CARTESIAN_POINT('Ctrl Pts',(1.24144274842918,0.966584105109589,-4.51796551933081));
#2065=CARTESIAN_POINT('Ctrl Pts',(1.21806131027232,0.928942777123861,-4.60125556639244));
#2066=CARTESIAN_POINT('Ctrl Pts',(1.21269105419728,0.906972559416485,-4.63757827320915));
#2067=CARTESIAN_POINT('Ctrl Pts',(1.20898540012257,0.851775100428419,-4.70505069757709));
#2068=CARTESIAN_POINT('Ctrl Pts',(1.21079512831464,0.819316303715987,-4.73493235319788));
#2069=CARTESIAN_POINT('Ctrl Pts',(1.21739513902583,0.74171876786077,-4.78818514211773));
#2070=CARTESIAN_POINT('Ctrl Pts',(1.22240742169663,0.696274303561926,-4.80972389360353));
#2071=CARTESIAN_POINT('Ctrl Pts',(1.22990159939528,0.600118815032508,-4.83856723016344));
#2072=CARTESIAN_POINT('Ctrl Pts',(1.23229157083743,0.550248769316375,-4.84576696555282));
#2073=CARTESIAN_POINT('Ctrl Pts',(1.23229157083743,0.5,-4.84576696555282));
#2074=CARTESIAN_POINT('Origin',(0.,0.5,0.));
#2075=CARTESIAN_POINT('Origin',(1.71010071662835,0.,-4.69846310392954));
#2076=CARTESIAN_POINT('',(2.17080885474333,0.5,-4.50417460986671));
#2077=CARTESIAN_POINT('Ctrl Pts',(2.17080885474333,0.5,-4.50417460986671));
#2078=CARTESIAN_POINT('Ctrl Pts',(2.17080885474333,0.550053719756777,-4.50417460986671));
#2079=CARTESIAN_POINT('Ctrl Pts',(2.16803600829434,0.599944278435719,-4.49717361064679));
#2080=CARTESIAN_POINT('Ctrl Pts',(2.15333772887432,0.710349047542621,-4.46626908269693));
#2081=CARTESIAN_POINT('Ctrl Pts',(2.13922747717764,0.766621043542919,-4.43885337286903));
#2082=CARTESIAN_POINT('Ctrl Pts',(2.1011337687696,0.846132688960319,-4.38578289747957));
#2083=CARTESIAN_POINT('Ctrl Pts',(2.08209511704065,0.874121980084475,-4.36268854271428));
#2084=CARTESIAN_POINT('Ctrl Pts',(2.02929173058356,0.926476533045984,-4.31153133234724));
#2085=CARTESIAN_POINT('Ctrl Pts',(1.99470199155648,0.947792620840963,-4.28469441472911));
#2086=CARTESIAN_POINT('Ctrl Pts',(1.91747439090363,0.976800123922758,-4.24160552132858));
#2087=CARTESIAN_POINT('Ctrl Pts',(1.87780575307674,0.985220742377895,-4.22540812475527));
#2088=CARTESIAN_POINT('Ctrl Pts',(1.78586386948434,0.996780429885474,-4.2015789018388));
#2089=CARTESIAN_POINT('Ctrl Pts',(1.73394794963368,0.998661938086495,-4.19631101366451));
#2090=CARTESIAN_POINT('Ctrl Pts',(1.63313821745533,1.00017819845974,-4.20202086787302));
#2091=CARTESIAN_POINT('Ctrl Pts',(1.58504336247468,1.,-4.21189136425086));
#2092=CARTESIAN_POINT('Ctrl Pts',(1.53909064241726,1.,-4.22861678653533));
#2093=CARTESIAN_POINT('',(2.17080885474333,-3.,-4.50417460986671));
#2094=CARTESIAN_POINT('',(2.17080885474333,0.,-4.50417460986671));
#2095=CARTESIAN_POINT('',(1.23229157083743,-3.,-4.84576696555282));
#2096=CARTESIAN_POINT('Origin',(1.71010071662835,-3.,-4.69846310392954));
#2097=CARTESIAN_POINT('',(1.23229157083743,0.,-4.84576696555282));
#2098=CARTESIAN_POINT('Origin',(0.,0.5,0.));
#2099=CARTESIAN_POINT('',(2.81532520785377,0.5,-4.13206291990128));
#2100=CARTESIAN_POINT('Ctrl Pts',(2.89254423880029,1.,-3.44719998832792));
#2101=CARTESIAN_POINT('Ctrl Pts',(2.84784655690999,1.,-3.48470579671655));
#2102=CARTESIAN_POINT('Ctrl Pts',(2.81158460624833,1.00026238489508,-3.52848554182654));
#2103=CARTESIAN_POINT('Ctrl Pts',(2.75413820643004,0.997696804334218,-3.62529351466559));
#2104=CARTESIAN_POINT('Ctrl Pts',(2.73346764174629,0.994555800829025,-3.68026210971423));
#2105=CARTESIAN_POINT('Ctrl Pts',(2.71337287243935,0.97571536024891,-3.78619939280389));
#2106=CARTESIAN_POINT('Ctrl Pts',(2.71181763195369,0.961973443078761,-3.83478139903539));
#2107=CARTESIAN_POINT('Ctrl Pts',(2.72041168971468,0.922061866034765,-3.91919517196943));
#2108=CARTESIAN_POINT('Ctrl Pts',(2.7284261933568,0.899156633081123,-3.95404590082312));
#2109=CARTESIAN_POINT('Ctrl Pts',(2.74973429245691,0.839498306655234,-4.01953714980294));
#2110=CARTESIAN_POINT('Ctrl Pts',(2.76308924606566,0.802538185613295,-4.04790451955327));
#2111=CARTESIAN_POINT('Ctrl Pts',(2.78681353744932,0.722217233186964,-4.09125214137655));
#2112=CARTESIAN_POINT('Ctrl Pts',(2.79711901962711,0.679992584082436,-4.10666121189795));
#2113=CARTESIAN_POINT('Ctrl Pts',(2.81141725811743,0.591475246688783,-4.12709142537737));
#2114=CARTESIAN_POINT('Ctrl Pts',(2.81532520785377,0.545879012885978,-4.13206291990128));
#2115=CARTESIAN_POINT('Ctrl Pts',(2.81532520785377,0.5,-4.13206291990128));
#2116=CARTESIAN_POINT('Origin',(0.,0.5,0.));
#2117=CARTESIAN_POINT('Origin',(3.2139380484327,0.,-3.83022221559489));
#2118=CARTESIAN_POINT('',(3.58041150756947,0.5,-3.49007928799105));
#2119=CARTESIAN_POINT('Ctrl Pts',(3.58041150756947,0.5,-3.49007928799105));
#2120=CARTESIAN_POINT('Ctrl Pts',(3.58041150756947,0.501082789206733,-3.49007928799105));
#2121=CARTESIAN_POINT('Ctrl Pts',(3.58040911183441,0.502165904361617,-3.49007670674684));
#2122=CARTESIAN_POINT('Ctrl Pts',(3.58010565417685,0.570717988786179,-3.48974977223522));
#2123=CARTESIAN_POINT('Ctrl Pts',(3.57078832588311,0.634855000922084,-3.47917376559686));
#2124=CARTESIAN_POINT('Ctrl Pts',(3.53525561184194,0.750791015475458,-3.44636352179226));
#2125=CARTESIAN_POINT('Ctrl Pts',(3.50861993645017,0.802706865611032,-3.42402713385643));
#2126=CARTESIAN_POINT('Ctrl Pts',(3.44745132352524,0.875142450632337,-3.3871757435416));
#2127=CARTESIAN_POINT('Ctrl Pts',(3.41867221014212,0.900109568681692,-3.37267745305127));
#2128=CARTESIAN_POINT('Ctrl Pts',(3.34316548053339,0.946944174140436,-3.34513451934293));
#2129=CARTESIAN_POINT('Ctrl Pts',(3.29606528739398,0.964849094398885,-3.33437901585104));
#2130=CARTESIAN_POINT('Ctrl Pts',(3.200228322432,0.987320536391007,-3.3283902102349));
#2131=CARTESIAN_POINT('Ctrl Pts',(3.15421326375959,0.992833148419978,-3.33161760571197));
#2132=CARTESIAN_POINT('Ctrl Pts',(3.06793450861433,0.998648548185379,-3.35020496702063));
#2133=CARTESIAN_POINT('Ctrl Pts',(3.02814617150839,0.99943895424054,-3.36410453383929));
#2134=CARTESIAN_POINT('Ctrl Pts',(2.95537767581569,1.00007520593322,-3.4004822698982));
#2135=CARTESIAN_POINT('Ctrl Pts',(2.92254315688328,1.,-3.42202790722877));
#2136=CARTESIAN_POINT('Ctrl Pts',(2.89254423880029,1.,-3.44719998832792));
#2137=CARTESIAN_POINT('',(3.58041150756947,-3.,-3.49007928799105));
#2138=CARTESIAN_POINT('',(3.58041150756947,0.,-3.49007928799105));
#2139=CARTESIAN_POINT('',(2.81532520785377,-3.,-4.13206291990128));
#2140=CARTESIAN_POINT('Origin',(3.2139380484327,-3.,-3.83022221559489));
#2141=CARTESIAN_POINT('',(2.81532520785377,0.,-4.13206291990128));
#2142=CARTESIAN_POINT('Origin',(0.,0.5,0.));
#2143=CARTESIAN_POINT('',(4.05878907502806,0.5,-2.9199711033558));
#2144=CARTESIAN_POINT('Ctrl Pts',(3.89711431057758,1.,-2.24999999627471));
#2145=CARTESIAN_POINT('Ctrl Pts',(3.86885071555668,1.,-2.29895397885546));
#2146=CARTESIAN_POINT('Ctrl Pts',(3.85000495515919,1.00023671360428,-2.35079952308756));
#2147=CARTESIAN_POINT('Ctrl Pts',(3.82827137579612,0.997906732280087,-2.46010730204304));
#2148=CARTESIAN_POINT('Ctrl Pts',(3.82712136730386,0.994964943100573,-2.51917768000933));
#2149=CARTESIAN_POINT('Ctrl Pts',(3.8437191520458,0.9766377490048,-2.62616904057218));
#2150=CARTESIAN_POINT('Ctrl Pts',(3.85856231924376,0.963226088625065,-2.67259991844274));
#2151=CARTESIAN_POINT('Ctrl Pts',(3.89494882212551,0.924158269438913,-2.74916503523071));
#2152=CARTESIAN_POINT('Ctrl Pts',(3.91406752231612,0.901849988568876,-2.77918799052819));
#2153=CARTESIAN_POINT('Ctrl Pts',(3.9554313224929,0.844408378816121,-2.83295182369004));
#2154=CARTESIAN_POINT('Ctrl Pts',(3.97700312854269,0.809329216525705,-2.85489324171815));
#2155=CARTESIAN_POINT('Ctrl Pts',(4.01500967354557,0.730132246459422,-2.88905148674648));
#2156=CARTESIAN_POINT('Ctrl Pts',(4.03104615464907,0.686586051872086,-2.90091430487797));
#2157=CARTESIAN_POINT('Ctrl Pts',(4.05299189110318,0.594955049364565,-2.91638317539156));
#2158=CARTESIAN_POINT('Ctrl Pts',(4.05878907502806,0.547637014814852,-2.9199711033558));
#2159=CARTESIAN_POINT('Ctrl Pts',(4.05878907502806,0.5,-2.9199711033558));
#2160=CARTESIAN_POINT('Origin',(0.,0.5,0.));
#2161=CARTESIAN_POINT('Origin',(4.33012701892219,0.,-2.5));
#2162=CARTESIAN_POINT('',(4.55816369133663,0.5,-2.05502889589915));
#2163=CARTESIAN_POINT('Ctrl Pts',(4.55816369133663,0.5,-2.05502889589915));
#2164=CARTESIAN_POINT('Ctrl Pts',(4.55816369133663,0.565036784951672,-2.05502889589915));
#2165=CARTESIAN_POINT('Ctrl Pts',(4.5470058536216,0.627059546566917,-2.04894450408081));
#2166=CARTESIAN_POINT('Ctrl Pts',(4.50522472233049,0.742475984993953,-2.03107937239714));
#2167=CARTESIAN_POINT('Ctrl Pts',(4.47337606545523,0.795374550742848,-2.01911245400637));
#2168=CARTESIAN_POINT('Ctrl Pts',(4.40480916348318,0.869173598656503,-2.00482044337957));
#2169=CARTESIAN_POINT('Ctrl Pts',(4.37353311794631,0.89464553191532,-2.00067002540431));
#2170=CARTESIAN_POINT('Ctrl Pts',(4.29458761249133,0.942856861757871,-1.99931805090323));
#2171=CARTESIAN_POINT('Ctrl Pts',(4.24718329535033,0.961623572974548,-2.00435074814598));
#2172=CARTESIAN_POINT('Ctrl Pts',(4.15578999662193,0.985483454420941,-2.02929254047983));
#2173=CARTESIAN_POINT('Ctrl Pts',(4.11392784763833,0.991550747569041,-2.04682982850381));
#2174=CARTESIAN_POINT('Ctrl Pts',(4.03672430294226,0.998370146932148,-2.0927576600537));
#2175=CARTESIAN_POINT('Ctrl Pts',(4.00179850412929,0.999325312028297,-2.12028875322102));
#2176=CARTESIAN_POINT('Ctrl Pts',(3.94238129484097,1.00008991306378,-2.18167799156603));
#2177=CARTESIAN_POINT('Ctrl Pts',(3.91761096893749,1.,-2.21449874260997));
#2178=CARTESIAN_POINT('Ctrl Pts',(3.89711431057758,1.,-2.24999999627471));
#2179=CARTESIAN_POINT('',(4.55816369133663,-3.,-2.05502889589915));
#2180=CARTESIAN_POINT('',(4.55816369133663,0.,-2.05502889589915));
#2181=CARTESIAN_POINT('',(4.05878907502806,-3.,-2.9199711033558));
#2182=CARTESIAN_POINT('Origin',(4.33012701892219,-3.,-2.5));
#2183=CARTESIAN_POINT('',(4.05878907502806,0.,-2.9199711033558));
#2184=CARTESIAN_POINT('Origin',(0.,0.5,0.));
#2185=CARTESIAN_POINT('',(4.81270307840689,0.5,-1.35568767756177));
#2186=CARTESIAN_POINT('Ctrl Pts',(4.43163488121755,1.,-0.781416798207405));
#2187=CARTESIAN_POINT('Ctrl Pts',(4.42460377041078,1.,-0.821292209097557));
#2188=CARTESIAN_POINT('Ctrl Pts',(4.4224176975209,1.00008854998897,-0.862033854488349));
#2189=CARTESIAN_POINT('Ctrl Pts',(4.42958149435855,0.999180252680237,-0.965711428846171));
#2190=CARTESIAN_POINT('Ctrl Pts',(4.44573275291776,0.997550214924677,-1.02560547605285));
#2191=CARTESIAN_POINT('Ctrl Pts',(4.49254044573915,0.983546550165809,-1.12599544769099));
#2192=CARTESIAN_POINT('Ctrl Pts',(4.52071435237353,0.972692379876172,-1.16770874252844));
#2193=CARTESIAN_POINT('Ctrl Pts',(4.58148318018239,0.937626770481968,-1.23488417313296));
#2194=CARTESIAN_POINT('Ctrl Pts',(4.61160528097598,0.916100540249376,-1.26027151751641));
#2195=CARTESIAN_POINT('Ctrl Pts',(4.66821719878076,0.863506808387204,-1.29907042941631));
#2196=CARTESIAN_POINT('Ctrl Pts',(4.69383956618263,0.834425416400875,-1.31280741759383));
#2197=CARTESIAN_POINT('Ctrl Pts',(4.75106924829231,0.75225196180012,-1.33888747165972));
#2198=CARTESIAN_POINT('Ctrl Pts',(4.77928002013008,0.694277466892693,-1.34714064928497));
#2199=CARTESIAN_POINT('Ctrl Pts',(4.80703774457573,0.587557177211966,-1.35449242197711));
#2200=CARTESIAN_POINT('Ctrl Pts',(4.81270307840689,0.54390142594852,-1.35568767756177));
#2201=CARTESIAN_POINT('Ctrl Pts',(4.81270307840689,0.5,-1.35568767756177));
#2202=CARTESIAN_POINT('Origin',(0.,0.5,0.));
#2203=CARTESIAN_POINT('Origin',(4.92403876506104,0.,-0.86824088833465));
#2204=CARTESIAN_POINT('',(4.9861340625971,0.5,-0.372111689965426));
#2205=CARTESIAN_POINT('Ctrl Pts',(4.9861340625971,0.5,-0.372111689965426));
#2206=CARTESIAN_POINT('Ctrl Pts',(4.9861340625971,0.534195071475054,-0.372111689965426));
#2207=CARTESIAN_POINT('Ctrl Pts',(4.98265182719699,0.568410365449462,-0.371638482159761));
#2208=CARTESIAN_POINT('Ctrl Pts',(4.96213722794715,0.66724194556032,-0.369509187790424));
#2209=CARTESIAN_POINT('Ctrl Pts',(4.93623232657567,0.726880004927973,-0.367177427204695));
#2210=CARTESIAN_POINT('Ctrl Pts',(4.87705940954589,0.814582724549118,-0.369855114196992));
#2211=CARTESIAN_POINT('Ctrl Pts',(4.84808496017593,0.847106571145397,-0.372913789651667));
#2212=CARTESIAN_POINT('Ctrl Pts',(4.78318501025944,0.903076708467995,-0.387353533726414));
#2213=CARTESIAN_POINT('Ctrl Pts',(4.74840354981285,0.925718704365085,-0.398438015708522));
#2214=CARTESIAN_POINT('Ctrl Pts',(4.677753636743,0.96084109579458,-0.431410183828223));
#2215=CARTESIAN_POINT('Ctrl Pts',(4.6434326667726,0.972873721548908,-0.452328871504422));
#2216=CARTESIAN_POINT('Ctrl Pts',(4.57478155965935,0.990540697605898,-0.507430648797204));
#2217=CARTESIAN_POINT('Ctrl Pts',(4.54220670576248,0.994962522010453,-0.541933944378638));
#2218=CARTESIAN_POINT('Ctrl Pts',(4.49332052623518,0.999106724876675,-0.611566612201958));
#2219=CARTESIAN_POINT('Ctrl Pts',(4.47524160162884,0.999624431757421,-0.644634332400229));
#2220=CARTESIAN_POINT('Ctrl Pts',(4.447648431343,1.00005099919534,-0.712330519655214));
#2221=CARTESIAN_POINT('Ctrl Pts',(4.43779352872345,1.,-0.746489372573737));
#2222=CARTESIAN_POINT('Ctrl Pts',(4.43163488121755,1.,-0.781416798207405));
#2223=CARTESIAN_POINT('',(4.9861340625971,-3.,-0.372111689965426));
#2224=CARTESIAN_POINT('',(4.9861340625971,0.,-0.372111689965426));
#2225=CARTESIAN_POINT('',(4.81270307840689,-3.,-1.35568767756177));
#2226=CARTESIAN_POINT('Origin',(4.92403876506104,-3.,-0.86824088833465));
#2227=CARTESIAN_POINT('',(4.81270307840689,0.,-1.35568767756177));
#2228=CARTESIAN_POINT('Origin',(0.,0.5,0.));
#2229=CARTESIAN_POINT('',(4.9861340625971,0.5,0.372111689965428));
#2230=CARTESIAN_POINT('Ctrl Pts',(4.43163488121755,1.,0.781416798207407));
#2231=CARTESIAN_POINT('Ctrl Pts',(4.43865365392482,1.,0.741611360156642));
#2232=CARTESIAN_POINT('Ctrl Pts',(4.45050467491621,1.00008794570598,0.702645306274598));
#2233=CARTESIAN_POINT('Ctrl Pts',(4.49263312105696,0.999184822382729,0.607703839892362));
#2234=CARTESIAN_POINT('Ctrl Pts',(4.52828397163274,0.997561469659578,0.556921577224937));
#2235=CARTESIAN_POINT('Ctrl Pts',(4.60658874884994,0.983578209348677,0.478556050196743));
#2236=CARTESIAN_POINT('Ctrl Pts',(4.64732690716844,0.972736872273322,0.448975916957966));
#2237=CARTESIAN_POINT('Ctrl Pts',(4.72742476715305,0.93769037886202,0.406595271583368));
#2238=CARTESIAN_POINT('Ctrl Pts',(4.76443335865793,0.916165639401777,0.393024633307561));
#2239=CARTESIAN_POINT('Ctrl Pts',(4.83090553539198,0.863589583886311,0.375915865487141));
#2240=CARTESIAN_POINT('Ctrl Pts',(4.85966970410089,0.834536006829279,0.371765827554773));
#2241=CARTESIAN_POINT('Ctrl Pts',(4.92237857323592,0.752410491391241,0.366817807987514));
#2242=CARTESIAN_POINT('Ctrl Pts',(4.95172944145587,0.694452412387455,0.368706998838785));
#2243=CARTESIAN_POINT('Ctrl Pts',(4.98038443938732,0.587687502728003,0.371294489272716));
#2244=CARTESIAN_POINT('Ctrl Pts',(4.9861340625971,0.543967175896355,0.372111689965428));
#2245=CARTESIAN_POINT('Ctrl Pts',(4.9861340625971,0.5,0.372111689965428));
#2246=CARTESIAN_POINT('Origin',(0.,0.5,0.));
#2247=CARTESIAN_POINT('Origin',(4.92403876506104,0.,0.868240888334652));
#2248=CARTESIAN_POINT('',(4.81270307840689,0.5,1.35568767756177));
#2249=CARTESIAN_POINT('Ctrl Pts',(4.81270307840689,0.5,1.35568767756177));
#2250=CARTESIAN_POINT('Ctrl Pts',(4.81270307840689,0.534195071475054,1.35568767756177));
#2251=CARTESIAN_POINT('Ctrl Pts',(4.80926900089605,0.568410365449461,1.35494135279422));
#2252=CARTESIAN_POINT('Ctrl Pts',(4.78926332179721,0.667241945560333,1.34992582882486));
#2253=CARTESIAN_POINT('Ctrl Pts',(4.76412316804651,0.726880004927984,1.3432569689608));
#2254=CARTESIAN_POINT('Ctrl Pts',(4.70943463745214,0.814582724549116,1.32050243668984));
#2255=CARTESIAN_POINT('Ctrl Pts',(4.68325368980525,0.847106571145396,1.30771837660941));
#2256=CARTESIAN_POINT('Ctrl Pts',(4.62720636911738,0.903076708467996,1.27195236548407));
#2257=CARTESIAN_POINT('Ctrl Pts',(4.59831360351177,0.925718704365084,1.24964039947322));
#2258=CARTESIAN_POINT('Ctrl Pts',(4.54320154720693,0.96084109579458,1.19449300300574));
#2259=CARTESIAN_POINT('Ctrl Pts',(4.51810499754473,0.972873721548907,1.16309740349153));
#2260=CARTESIAN_POINT('Ctrl Pts',(4.4724399765488,0.990540697605897,1.08783860848298));
#2261=CARTESIAN_POINT('Ctrl Pts',(4.4536304488187,0.994962522010453,1.04427486003369));
#2262=CARTESIAN_POINT('Ctrl Pts',(4.43150824168756,0.999106724876675,0.962121497785899));
#2263=CARTESIAN_POINT('Ctrl Pts',(4.42582943604491,0.999624431757421,0.924864648744329));
#2264=CARTESIAN_POINT('Ctrl Pts',(4.42305379721076,1.00005099919534,0.851813621069525));
#2265=CARTESIAN_POINT('Ctrl Pts',(4.42547623371164,1.,0.816344223841081));
#2266=CARTESIAN_POINT('Ctrl Pts',(4.43163488121755,1.,0.781416798207407));
#2267=CARTESIAN_POINT('',(4.81270307840689,-3.,1.35568767756177));
#2268=CARTESIAN_POINT('',(4.81270307840689,0.,1.35568767756177));
#2269=CARTESIAN_POINT('',(4.9861340625971,-3.,0.372111689965428));
#2270=CARTESIAN_POINT('Origin',(4.92403876506104,-3.,0.868240888334652));
#2271=CARTESIAN_POINT('',(4.9861340625971,0.,0.372111689965428));
#2272=CARTESIAN_POINT('Origin',(0.,0.5,0.));
#2273=CARTESIAN_POINT('',(4.55816369133663,0.5,2.05502889589915));
#2274=CARTESIAN_POINT('Ctrl Pts',(3.89711431057758,1.,2.24999999627471));
#2275=CARTESIAN_POINT('Ctrl Pts',(3.9253602704828,1.,2.20107655861032));
#2276=CARTESIAN_POINT('Ctrl Pts',(3.96081112815887,1.00023623522937,2.15885371585067));
#2277=CARTESIAN_POINT('Ctrl Pts',(4.04457741839007,0.997910659008875,2.08537644350116));
#2278=CARTESIAN_POINT('Ctrl Pts',(4.09515949892723,0.994972680857459,2.05483311213456));
#2279=CARTESIAN_POINT('Ctrl Pts',(4.19611801067091,0.976655330605272,2.01569328005929));
#2280=CARTESIAN_POINT('Ctrl Pts',(4.2437512147307,0.963249947340427,2.00532476444354));
#2281=CARTESIAN_POINT('Ctrl Pts',(4.32826174138399,0.924192489461788,1.99854180077676));
#2282=CARTESIAN_POINT('Ctrl Pts',(4.36382897850774,0.90188707414987,2.00008392836845));
#2283=CARTESIAN_POINT('Ctrl Pts',(4.43106601320735,0.844466001118137,2.00901717808749));
#2284=CARTESIAN_POINT('Ctrl Pts',(4.4608466303056,0.809410588340896,2.01672165240809));
#2285=CARTESIAN_POINT('Ctrl Pts',(4.50945281251644,0.730228796546218,2.03255653272233));
#2286=CARTESIAN_POINT('Ctrl Pts',(4.52776112162995,0.686666626981558,2.04051906634366));
#2287=CARTESIAN_POINT('Ctrl Pts',(4.55215248064977,0.594997674353712,2.05179933154677));
#2288=CARTESIAN_POINT('Ctrl Pts',(4.55816369133663,0.547658558885632,2.05502889589915));
#2289=CARTESIAN_POINT('Ctrl Pts',(4.55816369133663,0.5,2.05502889589915));
#2290=CARTESIAN_POINT('Origin',(0.,0.5,0.));
#2291=CARTESIAN_POINT('Origin',(4.33012701892219,0.,2.5));
#2292=CARTESIAN_POINT('',(4.05878907502806,0.5,2.9199711033558));
#2293=CARTESIAN_POINT('Ctrl Pts',(4.05878907502806,0.5,2.9199711033558));
#2294=CARTESIAN_POINT('Ctrl Pts',(4.05878907502806,0.565036784951691,2.9199711033558));
#2295=CARTESIAN_POINT('Ctrl Pts',(4.04794091828929,0.627059546566934,2.91335032835245));
#2296=CARTESIAN_POINT('Ctrl Pts',(4.01157869476373,0.742475984993933,2.88609937309734));
#2297=CARTESIAN_POINT('Ctrl Pts',(3.98529071099467,0.795374550742834,2.86450108636233));
#2298=CARTESIAN_POINT('Ctrl Pts',(3.93863001573468,0.869173598656498,2.81226641270913));
#2299=CARTESIAN_POINT('Ctrl Pts',(3.91939762556334,0.894645531915317,2.78725577173192));
#2300=CARTESIAN_POINT('Ctrl Pts',(3.87875402857265,0.942856861757872,2.71956294574384));
#2301=CARTESIAN_POINT('Ctrl Pts',(3.85941031366393,0.96162357297455,2.6759932542293));
#2302=CARTESIAN_POINT('Ctrl Pts',(3.83531389007676,0.985483454420941,2.58437343962792));
#2303=CARTESIAN_POINT('Ctrl Pts',(3.82957055252721,0.991550747569041,2.53935111113913));
#2304=CARTESIAN_POINT('Ctrl Pts',(3.83074344904211,0.998370146932149,2.44952696439517));
#2305=CARTESIAN_POINT('Ctrl Pts',(3.83712317571249,0.999325312028297,2.40551478879202));
#2306=CARTESIAN_POINT('Ctrl Pts',(3.86057921099408,1.00008991306378,2.32336335695386));
#2307=CARTESIAN_POINT('Ctrl Pts',(3.87661765221767,1.,2.28550124993946));
#2308=CARTESIAN_POINT('Ctrl Pts',(3.89711431057758,1.,2.24999999627471));
#2309=CARTESIAN_POINT('',(4.05878907502806,-3.,2.9199711033558));
#2310=CARTESIAN_POINT('',(4.05878907502806,0.,2.9199711033558));
#2311=CARTESIAN_POINT('',(4.55816369133663,-3.,2.05502889589915));
#2312=CARTESIAN_POINT('Origin',(4.33012701892219,-3.,2.5));
#2313=CARTESIAN_POINT('',(4.55816369133663,0.,2.05502889589915));
#2314=CARTESIAN_POINT('Origin',(0.,0.5,0.));
#2315=CARTESIAN_POINT('',(3.58041150756947,0.5,3.49007928799105));
#2316=CARTESIAN_POINT('Ctrl Pts',(2.89254423880029,1.,3.44719998832793));
#2317=CARTESIAN_POINT('Ctrl Pts',(2.93732505413041,1.,3.4096244227006));
#2318=CARTESIAN_POINT('Ctrl Pts',(2.98683369811616,1.00026397530185,3.38148362558944));
#2319=CARTESIAN_POINT('Ctrl Pts',(3.09223217207769,0.997683848147938,3.34175825543161));
#2320=CARTESIAN_POINT('Ctrl Pts',(3.14993993025692,0.994530825883294,3.33098124794396));
#2321=CARTESIAN_POINT('Ctrl Pts',(3.25773724770277,0.975658577132351,3.32963728229294));
#2322=CARTESIAN_POINT('Ctrl Pts',(3.30584520396763,0.961894656990952,3.33656431993982));
#2323=CARTESIAN_POINT('Ctrl Pts',(3.3874461558712,0.921944433434736,3.35971429012341));
#2324=CARTESIAN_POINT('Ctrl Pts',(3.42034954018213,0.899028530442291,3.3736624031857));
#2325=CARTESIAN_POINT('Ctrl Pts',(3.48116138574179,0.839291803210072,3.40605154491295));
#2326=CARTESIAN_POINT('Ctrl Pts',(3.5067950344933,0.802241368771758,3.42416142026597));
#2327=CARTESIAN_POINT('Ctrl Pts',(3.5452941898325,0.72186361900559,3.45502710876711));
#2328=CARTESIAN_POINT('Ctrl Pts',(3.55863255744856,0.679698556931785,3.46781185894393));
#2329=CARTESIAN_POINT('Ctrl Pts',(3.57620823795514,0.591320454853475,3.48538370990468));
#2330=CARTESIAN_POINT('Ctrl Pts',(3.58041150756947,0.545800848013895,3.49007928799105));
#2331=CARTESIAN_POINT('Ctrl Pts',(3.58041150756947,0.5,3.49007928799105));
#2332=CARTESIAN_POINT('Origin',(0.,0.5,0.));
#2333=CARTESIAN_POINT('Origin',(3.2139380484327,0.,3.83022221559489));
#2334=CARTESIAN_POINT('',(2.81532520785377,0.5,4.13206291990128));
#2335=CARTESIAN_POINT('Ctrl Pts',(2.81532520785377,0.5,4.13206291990128));
#2336=CARTESIAN_POINT('Ctrl Pts',(2.81532520785377,0.501082789206736,4.13206291990128));
#2337=CARTESIAN_POINT('Ctrl Pts',(2.81532308183949,0.502165904361625,4.13206011233447));
#2338=CARTESIAN_POINT('Ctrl Pts',(2.81505380906695,0.570717988786166,4.13170449329843));
#2339=CARTESIAN_POINT('Ctrl Pts',(2.80625641281252,0.634855000922073,4.12069221187766));
#2340=CARTESIAN_POINT('Ctrl Pts',(2.78011482137633,0.750791015475461,4.08000188055887));
#2341=CARTESIAN_POINT('Ctrl Pts',(2.76274300985555,0.802706865611035,4.04989218786562));
#2342=CARTESIAN_POINT('Ctrl Pts',(2.73707329312905,0.875142450632343,3.98325368684348));
#2343=CARTESIAN_POINT('Ctrl Pts',(2.7277927048426,0.900109568681698,3.95239419113602));
#2344=CARTESIAN_POINT('Ctrl Pts',(2.71377981618407,0.94694417414044,3.8732517981667));
#2345=CARTESIAN_POINT('Ctrl Pts',(2.71136657566414,0.964849094398889,3.82499948921337));
#2346=CARTESIAN_POINT('Ctrl Pts',(2.72211066778085,0.987320536391009,3.72957855791202));
#2347=CARTESIAN_POINT('Ctrl Pts',(2.73327946295241,0.992833148419979,3.68482300271932));
#2348=CARTESIAN_POINT('Ctrl Pts',(2.76656658907956,0.998648548185379,3.60308267715092));
#2349=CARTESIAN_POINT('Ctrl Pts',(2.78716416247693,0.99943895424054,3.56631244873795));
#2350=CARTESIAN_POINT('Ctrl Pts',(2.83562535565339,1.00007520593322,3.50096639757902));
#2351=CARTESIAN_POINT('Ctrl Pts',(2.8625453207173,1.,3.47237206942707));
#2352=CARTESIAN_POINT('Ctrl Pts',(2.89254423880029,1.,3.44719998832793));
#2353=CARTESIAN_POINT('',(2.81532520785377,-3.,4.13206291990128));
#2354=CARTESIAN_POINT('',(2.81532520785377,0.,4.13206291990128));
#2355=CARTESIAN_POINT('',(3.58041150756947,-3.,3.49007928799105));
#2356=CARTESIAN_POINT('Origin',(3.2139380484327,-3.,3.83022221559489));
#2357=CARTESIAN_POINT('',(3.58041150756947,0.,3.49007928799105));
#2358=CARTESIAN_POINT('Origin',(0.,0.5,0.));
#2359=CARTESIAN_POINT('',(2.17080885474333,0.5,4.50417460986671));
#2360=CARTESIAN_POINT('Ctrl Pts',(1.53909064241726,1.,4.22861678653533));
#2361=CARTESIAN_POINT('Ctrl Pts',(1.58590781205231,1.,4.21157673033558));
#2362=CARTESIAN_POINT('Ctrl Pts',(1.63514987480695,1.00019764090569,4.20158329266104));
#2363=CARTESIAN_POINT('Ctrl Pts',(1.74613239138001,0.99841430467109,4.1960402403907));
#2364=CARTESIAN_POINT('Ctrl Pts',(1.80567586931282,0.995833253838626,4.20428256072153));
#2365=CARTESIAN_POINT('Ctrl Pts',(1.90897193543303,0.97913182797462,4.23694694917482));
#2366=CARTESIAN_POINT('Ctrl Pts',(1.95302740540348,0.96660758148398,4.25891025786675));
#2367=CARTESIAN_POINT('Ctrl Pts',(2.02449396739058,0.928976323619083,4.30768228280787));
#2368=CARTESIAN_POINT('Ctrl Pts',(2.05196490416049,0.907008231806395,4.33205787980725));
#2369=CARTESIAN_POINT('Ctrl Pts',(2.09817663725003,0.851826536765363,4.38135699594996));
#2370=CARTESIAN_POINT('Ctrl Pts',(2.11599689836681,0.819387017504046,4.40540295051813));
#2371=CARTESIAN_POINT('Ctrl Pts',(2.14518665061888,0.741802096410763,4.45045060104419));
#2372=CARTESIAN_POINT('Ctrl Pts',(2.1552002025321,0.696344293482881,4.47018587929705));
#2373=CARTESIAN_POINT('Ctrl Pts',(2.16800978256074,0.600156102111312,4.49711770599736));
#2374=CARTESIAN_POINT('Ctrl Pts',(2.17080885474333,0.550267642247981,4.50417460986671));
#2375=CARTESIAN_POINT('Ctrl Pts',(2.17080885474333,0.5,4.50417460986671));
#2376=CARTESIAN_POINT('Origin',(0.,0.5,0.));
#2377=CARTESIAN_POINT('Origin',(1.71010071662834,0.,4.69846310392954));
#2378=CARTESIAN_POINT('',(1.23229157083742,0.5,4.84576696555283));
#2379=CARTESIAN_POINT('Ctrl Pts',(1.23229157083742,0.5,4.84576696555283));
#2380=CARTESIAN_POINT('Ctrl Pts',(1.23229157083742,0.550053719756766,4.84576696555283));
#2381=CARTESIAN_POINT('Ctrl Pts',(1.22991553889731,0.599944278435699,4.83862153766315));
#2382=CARTESIAN_POINT('Ctrl Pts',(1.22131002652105,0.710349047542609,4.80549942386505));
#2383=CARTESIAN_POINT('Ctrl Pts',(1.21449662783616,0.766621043542906,4.77542787673704));
#2384=CARTESIAN_POINT('Ctrl Pts',(1.20956505745942,0.8461326889603,4.71028737019957));
#2385=CARTESIAN_POINT('Ctrl Pts',(1.20930474572402,0.874121980084459,4.6803582586277));
#2386=CARTESIAN_POINT('Ctrl Pts',(1.21687126552727,0.926476533045966,4.60722819933646));
#2387=CARTESIAN_POINT('Ctrl Pts',(1.22611810477078,0.947792620840948,4.56443607205576));
#2388=CARTESIAN_POINT('Ctrl Pts',(1.25758087231334,0.976800123922748,4.48178711988067));
#2389=CARTESIAN_POINT('Ctrl Pts',(1.27755732606022,0.985220742377887,4.44388068535442));
#2390=CARTESIAN_POINT('Ctrl Pts',(1.33267176583689,0.996780429885471,4.36652733797098));
#2391=CARTESIAN_POINT('Ctrl Pts',(1.36905553450025,0.998661938086494,4.3291209914826));
#2392=CARTESIAN_POINT('Ctrl Pts',(1.44995049318613,1.00017819845974,4.26869574678998));
#2393=CARTESIAN_POINT('Ctrl Pts',(1.49313792235982,1.,4.24534220881981));
#2394=CARTESIAN_POINT('Ctrl Pts',(1.53909064241726,1.,4.22861678653533));
#2395=CARTESIAN_POINT('',(1.23229157083742,-3.,4.84576696555283));
#2396=CARTESIAN_POINT('',(1.23229157083742,0.,4.84576696555283));
#2397=CARTESIAN_POINT('',(2.17080885474333,-3.,4.50417460986671));
#2398=CARTESIAN_POINT('Origin',(1.71010071662834,-3.,4.69846310392954));
#2399=CARTESIAN_POINT('',(2.17080885474333,0.,4.50417460986671));
#2400=CARTESIAN_POINT('Origin',(0.,0.5,0.));
#2401=CARTESIAN_POINT('',(0.499374616308565,0.5,4.97499999925494));
#2402=CARTESIAN_POINT('Ctrl Pts',(-8.39596156605315E-16,1.,4.49999999254942));
#2403=CARTESIAN_POINT('Ctrl Pts',(0.0263791634085179,1.,4.49999999254942));
#2404=CARTESIAN_POINT('Ctrl Pts',(0.0528188533384325,1.00001633895796,4.50208807492655));
#2405=CARTESIAN_POINT('Ctrl Pts',(0.144186816609875,0.999789632236267,4.51671872595716));
#2406=CARTESIAN_POINT('Ctrl Pts',(0.204405749640269,0.999286202321011,4.53958955352628));
#2407=CARTESIAN_POINT('Ctrl Pts',(0.300969019709378,0.989263591423743,4.59745186393421));
#2408=CARTESIAN_POINT('Ctrl Pts',(0.339955454554177,0.98115324937683,4.63003439152788));
#2409=CARTESIAN_POINT('Ctrl Pts',(0.404589443740785,0.950995951055321,4.70239061072944));
#2410=CARTESIAN_POINT('Ctrl Pts',(0.429053712960733,0.93017437390032,4.73996652233649));
#2411=CARTESIAN_POINT('Ctrl Pts',(0.461973949713309,0.879143280337051,4.80599939938811));
#2412=CARTESIAN_POINT('Ctrl Pts',(0.472215484434353,0.852686854212422,4.83360740481704));
#2413=CARTESIAN_POINT('Ctrl Pts',(0.490890976779982,0.775870922662649,4.89690413949909));
#2414=CARTESIAN_POINT('Ctrl Pts',(0.495314438445844,0.720573024229397,4.9286305744999));
#2415=CARTESIAN_POINT('Ctrl Pts',(0.499148016454732,0.607598133395996,4.9662118615096));
#2416=CARTESIAN_POINT('Ctrl Pts',(0.499374616308565,0.554085451247043,4.97499999925494));
#2417=CARTESIAN_POINT('Ctrl Pts',(0.499374616308565,0.5,4.97499999925494));
#2418=CARTESIAN_POINT('Origin',(0.,0.5,0.));
#2419=CARTESIAN_POINT('Origin',(-9.32884619994912E-16,0.,5.));
#2420=CARTESIAN_POINT('',(-0.499374616308567,-3.,4.97499999925494));
#2421=CARTESIAN_POINT('',(-0.499374616308567,0.,4.97499999925494));
#2422=CARTESIAN_POINT('',(0.499374616308565,-3.,4.97499999925494));
#2423=CARTESIAN_POINT('Origin',(-9.32884619994912E-16,-3.,5.));
#2424=CARTESIAN_POINT('',(0.499374616308565,0.,4.97499999925494));
#2425=CARTESIAN_POINT('Origin',(0.,0.,0.));
#2426=CARTESIAN_POINT('',(-2.75,0.,3.36777869765522E-16));
#2427=CARTESIAN_POINT('Origin',(0.,0.,0.));
#2428=CARTESIAN_POINT('',(8.32667268468867E-16,0.,-1.5));
#2429=CARTESIAN_POINT('',(1.29903810567666,0.,-0.749999999999999));
#2430=CARTESIAN_POINT('',(-1.29903810567666,0.,-0.75));
#2431=CARTESIAN_POINT('',(8.32667268468867E-16,0.,-1.5));
#2432=CARTESIAN_POINT('',(-1.29903810567666,0.,-0.75));
#2433=CARTESIAN_POINT('Origin',(0.,0.,0.));
#2434=CARTESIAN_POINT('',(-2.75,-3.,3.36777869765522E-16));
#2435=CARTESIAN_POINT('Origin',(0.,-3.,0.));
#2436=CARTESIAN_POINT('',(-2.75,0.,-3.36777869765522E-16));
#2437=CARTESIAN_POINT('Origin',(0.,0.,0.));
#2438=CARTESIAN_POINT('Origin',(0.,-3.,0.));
#2439=CARTESIAN_POINT('Origin',(0.,0.,0.));
#2440=CARTESIAN_POINT('Origin',(0.,-3.,0.));
#2441=CARTESIAN_POINT('Origin',(0.,0.,0.));
#2442=CARTESIAN_POINT('Origin',(0.,-3.,0.));
#2443=CARTESIAN_POINT('Origin',(0.,0.,0.));
#2444=CARTESIAN_POINT('Origin',(0.,-3.,0.));
#2445=CARTESIAN_POINT('Origin',(0.,0.,0.));
#2446=CARTESIAN_POINT('Origin',(0.,-3.,0.));
#2447=CARTESIAN_POINT('Origin',(0.,0.,0.));
#2448=CARTESIAN_POINT('Origin',(0.,-3.,0.));
#2449=CARTESIAN_POINT('Origin',(0.,0.,0.));
#2450=CARTESIAN_POINT('Origin',(0.,-3.,0.));
#2451=CARTESIAN_POINT('Origin',(0.,0.,0.));
#2452=CARTESIAN_POINT('Origin',(0.,-3.,0.));
#2453=CARTESIAN_POINT('Origin',(0.,0.,0.));
#2454=CARTESIAN_POINT('Origin',(0.,-3.,0.));
#2455=CARTESIAN_POINT('Origin',(0.,0.,0.));
#2456=CARTESIAN_POINT('Origin',(0.,-3.,0.));
#2457=CARTESIAN_POINT('Origin',(0.,0.,0.));
#2458=CARTESIAN_POINT('Origin',(0.,-3.,0.));
#2459=CARTESIAN_POINT('Origin',(0.,0.,0.));
#2460=CARTESIAN_POINT('Origin',(0.,-3.,0.));
#2461=CARTESIAN_POINT('Origin',(0.,0.,0.));
#2462=CARTESIAN_POINT('Origin',(0.,-3.,0.));
#2463=CARTESIAN_POINT('Origin',(0.,0.,0.));
#2464=CARTESIAN_POINT('Origin',(0.,-3.,0.));
#2465=CARTESIAN_POINT('Origin',(0.,0.,0.));
#2466=CARTESIAN_POINT('Origin',(0.,-3.,0.));
#2467=CARTESIAN_POINT('Origin',(0.,0.,0.));
#2468=CARTESIAN_POINT('Origin',(0.,-3.,0.));
#2469=CARTESIAN_POINT('Origin',(0.,0.,0.));
#2470=CARTESIAN_POINT('Origin',(0.,-3.,0.));
#2471=CARTESIAN_POINT('Origin',(0.,0.,0.));
#2472=CARTESIAN_POINT('Origin',(0.,-3.,0.));
#2473=CARTESIAN_POINT('Origin',(0.,-3.,0.));
#2474=CARTESIAN_POINT('Origin',(8.32667268468867E-16,0.,-1.5));
#2475=CARTESIAN_POINT('',(8.32667268468867E-16,0.,-1.5));
#2476=CARTESIAN_POINT('Origin',(-1.29903810567666,0.,-0.75));
#2477=CARTESIAN_POINT('',(-1.29903810567666,0.,-0.75));
#2478=CARTESIAN_POINT('Origin',(-1.29903810567666,0.,0.749999999999999));
#2479=UNCERTAINTY_MEASURE_WITH_UNIT(LENGTH_MEASURE(0.01),#2483,
'DISTANCE_ACCURACY_VALUE',
'Maximum model space distance between geometric entities at asserted c
onnectivities');
#2480=UNCERTAINTY_MEASURE_WITH_UNIT(LENGTH_MEASURE(0.01),#2483,
'DISTANCE_ACCURACY_VALUE',
'Maximum model space distance between geometric entities at asserted c
onnectivities');
#2481=(
GEOMETRIC_REPRESENTATION_CONTEXT(3)
GLOBAL_UNCERTAINTY_ASSIGNED_CONTEXT((#2479))
GLOBAL_UNIT_ASSIGNED_CONTEXT((#2483,#2485,#2486))
REPRESENTATION_CONTEXT('','3D')
);
#2482=(
GEOMETRIC_REPRESENTATION_CONTEXT(3)
GLOBAL_UNCERTAINTY_ASSIGNED_CONTEXT((#2480))
GLOBAL_UNIT_ASSIGNED_CONTEXT((#2483,#2485,#2486))
REPRESENTATION_CONTEXT('','3D')
);
#2483=(
LENGTH_UNIT()
NAMED_UNIT(*)
SI_UNIT(.MILLI.,.METRE.)
);
#2484=(
LENGTH_UNIT()
NAMED_UNIT(*)
SI_UNIT($,.METRE.)
);
#2485=(
NAMED_UNIT(*)
PLANE_ANGLE_UNIT()
SI_UNIT($,.RADIAN.)
);
#2486=(
NAMED_UNIT(*)
SI_UNIT($,.STERADIAN.)
SOLID_ANGLE_UNIT()
);
#2487=SHAPE_DEFINITION_REPRESENTATION(#2488,#2489);
#2488=PRODUCT_DEFINITION_SHAPE('',$,#2491);
#2489=SHAPE_REPRESENTATION('',(#1111),#2481);
#2490=PRODUCT_DEFINITION_CONTEXT('part definition',#2495,'design');
#2491=PRODUCT_DEFINITION('R\X\E4ndelschraube','R\X\E4ndelschraube v1',#2492,
#2490);
#2492=PRODUCT_DEFINITION_FORMATION('',$,#2497);
#2493=PRODUCT_RELATED_PRODUCT_CATEGORY('R\X\E4ndelschraube v1',
'R\X\E4ndelschraube v1',(#2497));
#2494=APPLICATION_PROTOCOL_DEFINITION('international standard',
'automotive_design',2009,#2495);
#2495=APPLICATION_CONTEXT(
'Core Data for Automotive Mechanical Design Process');
#2496=PRODUCT_CONTEXT('part definition',#2495,'mechanical');
#2497=PRODUCT('R\X\E4ndelschraube','R\X\E4ndelschraube v1',$,(#2496));
#2498=PRESENTATION_STYLE_ASSIGNMENT((#2499));
#2499=SURFACE_STYLE_USAGE(.BOTH.,#2500);
#2500=SURFACE_SIDE_STYLE('',(#2501));
#2501=SURFACE_STYLE_FILL_AREA(#2502);
#2502=FILL_AREA_STYLE('Steel - Satin',(#2503));
#2503=FILL_AREA_STYLE_COLOUR('Steel - Satin',#2504);
#2504=COLOUR_RGB('Steel - Satin',0.627450980392157,0.627450980392157,0.627450980392157);
ENDSEC;
END-ISO-10303-21;
