ISO-10303-21;
HEADER;
/* Generated by software containing ST-Developer
 * from STEP Tools, Inc. (www.steptools.com) 
 */

FILE_DESCRIPTION(
/* description */ (''),
/* implementation_level */ '2;1');

FILE_NAME(
/* name */ 'Lickspout_Holder.step',
/* time_stamp */ '2026-02-24T16:49:45+01:00',
/* author */ (''),
/* organization */ (''),
/* preprocessor_version */ 'ST-DEVELOPER v20.1',
/* originating_system */ 'Autodesk Translation Framework v14.24.0.0',
/* authorisation */ '');

FILE_SCHEMA (('AUTOMOTIVE_DESIGN { 1 0 10303 214 3 1 1 }'));
ENDSEC;

DATA;
#10=MECHANICAL_DESIGN_GEOMETRIC_PRESENTATION_REPRESENTATION('',(#13),#4099);
#11=SHAPE_REPRESENTATION_RELATIONSHIP('SRR','None',#4106,#12);
#12=ADVANCED_BREP_SHAPE_REPRESENTATION('',(#14),#4098);
#13=STYLED_ITEM('',(#4115),#14);
#14=MANIFOLD_SOLID_BREP('Body1',#1167);
#15=FACE_BOUND('',#160,.T.);
#16=FACE_BOUND('',#162,.T.);
#17=FACE_BOUND('',#164,.T.);
#18=FACE_BOUND('',#171,.T.);
#19=FACE_BOUND('',#175,.T.);
#20=PLANE('',#1216);
#21=PLANE('',#1217);
#22=PLANE('',#1218);
#23=PLANE('',#1222);
#24=PLANE('',#1223);
#25=PLANE('',#1224);
#26=PLANE('',#1225);
#27=PLANE('',#1226);
#28=PLANE('',#1227);
#29=PLANE('',#1228);
#30=PLANE('',#1229);
#31=PLANE('',#1230);
#32=PLANE('',#1231);
#33=PLANE('',#1232);
#34=PLANE('',#1233);
#35=PLANE('',#1234);
#36=PLANE('',#1235);
#37=B_SPLINE_SURFACE_WITH_KNOTS('',3,3,((#2326,#2327,#2328,#2329,#2330,
#2331,#2332,#2333,#2334,#2335,#2336,#2337,#2338,#2339,#2340,#2341,#2342,
#2343,#2344,#2345,#2346,#2347,#2348,#2349,#2350,#2351,#2352,#2353,#2354,
#2355,#2356,#2357,#2358,#2359,#2360,#2361,#2362,#2363,#2364,#2365,#2366,
#2367,#2368,#2369,#2370,#2371,#2372,#2373,#2374,#2375,#2376,#2377,#2378,
#2379,#2380,#2381,#2382,#2383,#2384,#2385,#2386,#2387,#2388,#2389,#2390,
#2391,#2392,#2393,#2394,#2395,#2396,#2397,#2398,#2399,#2400,#2401,#2402,
#2403,#2404,#2405,#2406,#2407),(#2408,#2409,#2410,#2411,#2412,#2413,#2414,
#2415,#2416,#2417,#2418,#2419,#2420,#2421,#2422,#2423,#2424,#2425,#2426,
#2427,#2428,#2429,#2430,#2431,#2432,#2433,#2434,#2435,#2436,#2437,#2438,
#2439,#2440,#2441,#2442,#2443,#2444,#2445,#2446,#2447,#2448,#2449,#2450,
#2451,#2452,#2453,#2454,#2455,#2456,#2457,#2458,#2459,#2460,#2461,#2462,
#2463,#2464,#2465,#2466,#2467,#2468,#2469,#2470,#2471,#2472,#2473,#2474,
#2475,#2476,#2477,#2478,#2479,#2480,#2481,#2482,#2483,#2484,#2485,#2486,
#2487,#2488,#2489),(#2490,#2491,#2492,#2493,#2494,#2495,#2496,#2497,#2498,
#2499,#2500,#2501,#2502,#2503,#2504,#2505,#2506,#2507,#2508,#2509,#2510,
#2511,#2512,#2513,#2514,#2515,#2516,#2517,#2518,#2519,#2520,#2521,#2522,
#2523,#2524,#2525,#2526,#2527,#2528,#2529,#2530,#2531,#2532,#2533,#2534,
#2535,#2536,#2537,#2538,#2539,#2540,#2541,#2542,#2543,#2544,#2545,#2546,
#2547,#2548,#2549,#2550,#2551,#2552,#2553,#2554,#2555,#2556,#2557,#2558,
#2559,#2560,#2561,#2562,#2563,#2564,#2565,#2566,#2567,#2568,#2569,#2570,
#2571),(#2572,#2573,#2574,#2575,#2576,#2577,#2578,#2579,#2580,#2581,#2582,
#2583,#2584,#2585,#2586,#2587,#2588,#2589,#2590,#2591,#2592,#2593,#2594,
#2595,#2596,#2597,#2598,#2599,#2600,#2601,#2602,#2603,#2604,#2605,#2606,
#2607,#2608,#2609,#2610,#2611,#2612,#2613,#2614,#2615,#2616,#2617,#2618,
#2619,#2620,#2621,#2622,#2623,#2624,#2625,#2626,#2627,#2628,#2629,#2630,
#2631,#2632,#2633,#2634,#2635,#2636,#2637,#2638,#2639,#2640,#2641,#2642,
#2643,#2644,#2645,#2646,#2647,#2648,#2649,#2650,#2651,#2652,#2653)),
 .UNSPECIFIED.,.F.,.F.,.F.,(4,4),(4,1,1,1,1,1,1,1,1,1,1,1,1,1,1,1,1,1,1,
1,1,1,1,1,1,1,1,1,1,1,1,1,1,1,1,1,1,1,1,1,1,1,1,1,1,1,1,1,1,1,1,1,1,1,1,
1,1,1,1,1,1,1,1,1,1,1,1,1,1,1,1,1,1,1,1,1,1,1,1,4),(0.,0.032158409993862),
(14.3984001269718,15.3859163144491,16.3734325019264,17.3609486894036,18.3484648768809,
19.3359810643582,20.3234972518355,21.3110134393128,22.2985296267901,23.2860458142674,
24.2735620017447,25.2610781892219,26.2485943766992,27.2361105641765,28.2236267516538,
29.2111429391311,30.1986591266084,31.1861753140857,32.173691501563,33.1612076890402,
34.1487238765175,35.1362400639948,36.1237562514721,37.1112724389494,38.0987886264267,
39.086304813904,40.0738210013813,41.0613371888585,42.0488533763358,43.0363695638131,
44.0238857512904,45.0114019387677,45.998918126245,46.9864343137223,47.9739505011996,
48.9614666886768,49.9489828761541,50.9364990636314,51.9240152511087,52.911531438586,
53.8990476260633,54.8865638135406,55.8740800010179,56.8615961884951,57.8491123759724,
58.8366285634497,59.824144750927,60.8116609384043,61.7991771258816,62.7866933133589,
63.7742095008362,64.7617256883134,65.7492418757907,66.736758063268,67.7242742507453,
68.7117904382226,69.6993066256999,70.6868228131772,71.6743390006545,72.6618551881317,
73.649371375609,74.6368875630863,75.6244037505636,76.6119199380409,77.5994361255182,
78.5869523129955,79.5744685004728,80.56198468795,81.5495008754273,82.5370170629046,
83.5245332503819,84.5120494378592,85.4995656253365,86.4870818128138,87.4745980002911,
88.4621141877683,89.4496303752456,90.4371465627229,91.4246627502002,92.4121789376775),
 .UNSPECIFIED.);
#38=B_SPLINE_SURFACE_WITH_KNOTS('',3,3,((#2784,#2785,#2786,#2787,#2788,
#2789),(#2790,#2791,#2792,#2793,#2794,#2795),(#2796,#2797,#2798,#2799,#2800,
#2801),(#2802,#2803,#2804,#2805,#2806,#2807)),.UNSPECIFIED.,.F.,.F.,.F.,
(4,4),(4,1,1,4),(0.,0.032158409993862),(93.0406539852315,93.776149067652,
94.5116441500726,95.2471392324931),.UNSPECIFIED.);
#39=B_SPLINE_SURFACE_WITH_KNOTS('',3,3,((#2890,#2891,#2892,#2893,#2894),
(#2895,#2896,#2897,#2898,#2899),(#2900,#2901,#2902,#2903,#2904),(#2905,
#2906,#2907,#2908,#2909)),.UNSPECIFIED.,.F.,.F.,.F.,(4,4),(4,1,4),(0.,0.032158409993862),
(96.4344479549494,97.3635928552406,98.2927377555317),.UNSPECIFIED.);
#40=B_SPLINE_SURFACE_WITH_KNOTS('',3,3,((#2997,#2998,#2999,#3000,#3001),
(#3002,#3003,#3004,#3005,#3006),(#3007,#3008,#3009,#3010,#3011),(#3012,
#3013,#3014,#3015,#3016)),.UNSPECIFIED.,.F.,.F.,.F.,(4,4),(4,1,4),(0.,0.032158409993862),
(99.6526840684688,100.522326973952,101.391969879434),.UNSPECIFIED.);
#41=B_SPLINE_SURFACE_WITH_KNOTS('',3,3,((#3131,#3132,#3133,#3134,#3135,
#3136,#3137,#3138,#3139,#3140,#3141,#3142,#3143,#3144,#3145,#3146,#3147,
#3148,#3149,#3150,#3151,#3152,#3153,#3154,#3155,#3156,#3157,#3158,#3159,
#3160,#3161,#3162,#3163,#3164,#3165,#3166,#3167,#3168,#3169,#3170,#3171,
#3172,#3173,#3174,#3175,#3176,#3177,#3178,#3179,#3180,#3181,#3182,#3183,
#3184,#3185,#3186,#3187,#3188,#3189,#3190,#3191,#3192,#3193,#3194,#3195,
#3196,#3197,#3198,#3199,#3200,#3201,#3202,#3203,#3204,#3205,#3206,#3207,
#3208,#3209,#3210,#3211),(#3212,#3213,#3214,#3215,#3216,#3217,#3218,#3219,
#3220,#3221,#3222,#3223,#3224,#3225,#3226,#3227,#3228,#3229,#3230,#3231,
#3232,#3233,#3234,#3235,#3236,#3237,#3238,#3239,#3240,#3241,#3242,#3243,
#3244,#3245,#3246,#3247,#3248,#3249,#3250,#3251,#3252,#3253,#3254,#3255,
#3256,#3257,#3258,#3259,#3260,#3261,#3262,#3263,#3264,#3265,#3266,#3267,
#3268,#3269,#3270,#3271,#3272,#3273,#3274,#3275,#3276,#3277,#3278,#3279,
#3280,#3281,#3282,#3283,#3284,#3285,#3286,#3287,#3288,#3289,#3290,#3291,
#3292),(#3293,#3294,#3295,#3296,#3297,#3298,#3299,#3300,#3301,#3302,#3303,
#3304,#3305,#3306,#3307,#3308,#3309,#3310,#3311,#3312,#3313,#3314,#3315,
#3316,#3317,#3318,#3319,#3320,#3321,#3322,#3323,#3324,#3325,#3326,#3327,
#3328,#3329,#3330,#3331,#3332,#3333,#3334,#3335,#3336,#3337,#3338,#3339,
#3340,#3341,#3342,#3343,#3344,#3345,#3346,#3347,#3348,#3349,#3350,#3351,
#3352,#3353,#3354,#3355,#3356,#3357,#3358,#3359,#3360,#3361,#3362,#3363,
#3364,#3365,#3366,#3367,#3368,#3369,#3370,#3371,#3372,#3373),(#3374,#3375,
#3376,#3377,#3378,#3379,#3380,#3381,#3382,#3383,#3384,#3385,#3386,#3387,
#3388,#3389,#3390,#3391,#3392,#3393,#3394,#3395,#3396,#3397,#3398,#3399,
#3400,#3401,#3402,#3403,#3404,#3405,#3406,#3407,#3408,#3409,#3410,#3411,
#3412,#3413,#3414,#3415,#3416,#3417,#3418,#3419,#3420,#3421,#3422,#3423,
#3424,#3425,#3426,#3427,#3428,#3429,#3430,#3431,#3432,#3433,#3434,#3435,
#3436,#3437,#3438,#3439,#3440,#3441,#3442,#3443,#3444,#3445,#3446,#3447,
#3448,#3449,#3450,#3451,#3452,#3453,#3454)),.UNSPECIFIED.,.F.,.F.,.F.,(4,
4),(4,1,1,1,1,1,1,1,1,1,1,1,1,1,1,1,1,1,1,1,1,1,1,1,1,1,1,1,1,1,1,1,1,1,
1,1,1,1,1,1,1,1,1,1,1,1,1,1,1,1,1,1,1,1,1,1,1,1,1,1,1,1,1,1,1,1,1,1,1,1,
1,1,1,1,1,1,1,1,4),(0.,0.032158409993862),(11.8553612635793,12.8496287119613,
13.8438961603433,14.8381636087252,15.8324310571072,16.8266985054892,17.8209659538712,
18.8152334022532,19.8095008506352,20.8037682990172,21.7980357473991,22.7923031957811,
23.7865706441631,24.7808380925451,25.7751055409271,26.7693729893091,27.7636404376911,
28.757907886073,29.752175334455,30.746442782837,31.740710231219,32.734977679601,
33.729245127983,34.7235125763649,35.7177800247469,36.7120474731289,37.7063149215109,
38.7005823698929,39.6948498182749,40.6891172666569,41.6833847150388,42.6776521634208,
43.6719196118028,44.6661870601848,45.6604545085668,46.6547219569488,47.6489894053307,
48.6432568537127,49.6375243020947,50.6317917504767,51.6260591988587,52.6203266472407,
53.6145940956226,54.6088615440046,55.6031289923866,56.5973964407686,57.5916638891506,
58.5859313375326,59.5801987859146,60.5744662342965,61.5687336826785,62.5630011310605,
63.5572685794425,64.5515360278245,65.5458034762065,66.5400709245884,67.5343383729704,
68.5286058213524,69.5228732697344,70.5171407181164,71.5114081664984,72.5056756148804,
73.4999430632624,74.4942105116443,75.4884779600263,76.4827454084083,77.4770128567903,
78.4712803051723,79.4655477535542,80.4598152019362,81.4540826503182,82.4483500987002,
83.4426175470822,84.4368849954642,85.4311524438462,86.4254198922281,87.4196873406101,
88.4139547889921,89.4082222373741),.UNSPECIFIED.);
#42=B_SPLINE_SURFACE_WITH_KNOTS('',3,3,((#3568,#3569,#3570,#3571,#3572,
#3573),(#3574,#3575,#3576,#3577,#3578,#3579),(#3580,#3581,#3582,#3583,#3584,
#3585),(#3586,#3587,#3588,#3589,#3590,#3591)),.UNSPECIFIED.,.F.,.F.,.F.,
(4,4),(4,1,1,4),(0.,0.032158409993862),(89.7290227951915,90.5648245240208,
91.4006262528501,92.2364279816795),.UNSPECIFIED.);
#43=B_SPLINE_SURFACE_WITH_KNOTS('',3,3,((#3642,#3643,#3644,#3645,#3646,
#3647),(#3648,#3649,#3650,#3651,#3652,#3653),(#3654,#3655,#3656,#3657,#3658,
#3659),(#3660,#3661,#3662,#3663,#3664,#3665)),.UNSPECIFIED.,.F.,.F.,.F.,
(4,4),(4,1,1,4),(0.,0.032158409993862),(93.1740904879666,93.8584432434404,
94.5427959989143,95.2271487543881),.UNSPECIFIED.);
#44=B_SPLINE_SURFACE_WITH_KNOTS('',3,3,((#3707,#3708,#3709,#3710,#3711),
(#3712,#3713,#3714,#3715,#3716),(#3717,#3718,#3719,#3720,#3721),(#3722,
#3723,#3724,#3725,#3726)),.UNSPECIFIED.,.F.,.F.,.F.,(4,4),(4,1,4),(0.,0.032158409993862),
(96.4515712961016,97.3668272817083,98.2820832673151),.UNSPECIFIED.);
#45=B_SPLINE_SURFACE_WITH_KNOTS('',3,3,((#3765,#3766,#3767,#3768,#3769),
(#3770,#3771,#3772,#3773,#3774),(#3775,#3776,#3777,#3778,#3779),(#3780,
#3781,#3782,#3783,#3784)),.UNSPECIFIED.,.F.,.F.,.F.,(4,4),(4,1,4),(0.000883654853538941,
0.032158409993862),(99.6596837482345,100.52483177008,101.389979791926),
 .UNSPECIFIED.);
#46=B_SPLINE_SURFACE_WITH_KNOTS('',3,3,((#3862,#3863,#3864,#3865,#3866),
(#3867,#3868,#3869,#3870,#3871),(#3872,#3873,#3874,#3875,#3876),(#3877,
#3878,#3879,#3880,#3881)),.UNSPECIFIED.,.F.,.F.,.F.,(4,4),(4,1,4),(0.00782185276713794,
0.032158409993862),(102.854455931301,103.59125058931,104.328045247318),
 .UNSPECIFIED.);
#47=CIRCLE('',#1193,1.2645);
#48=CIRCLE('',#1207,1.54300000000001);
#49=CIRCLE('',#1220,1.00849999999997);
#50=CIRCLE('',#1221,1.00849999999997);
#51=FACE_OUTER_BOUND('',#112,.T.);
#52=FACE_OUTER_BOUND('',#113,.T.);
#53=FACE_OUTER_BOUND('',#114,.T.);
#54=FACE_OUTER_BOUND('',#115,.T.);
#55=FACE_OUTER_BOUND('',#116,.T.);
#56=FACE_OUTER_BOUND('',#117,.T.);
#57=FACE_OUTER_BOUND('',#118,.T.);
#58=FACE_OUTER_BOUND('',#119,.T.);
#59=FACE_OUTER_BOUND('',#120,.T.);
#60=FACE_OUTER_BOUND('',#121,.T.);
#61=FACE_OUTER_BOUND('',#122,.T.);
#62=FACE_OUTER_BOUND('',#123,.T.);
#63=FACE_OUTER_BOUND('',#124,.T.);
#64=FACE_OUTER_BOUND('',#125,.T.);
#65=FACE_OUTER_BOUND('',#126,.T.);
#66=FACE_OUTER_BOUND('',#127,.T.);
#67=FACE_OUTER_BOUND('',#128,.T.);
#68=FACE_OUTER_BOUND('',#129,.T.);
#69=FACE_OUTER_BOUND('',#130,.T.);
#70=FACE_OUTER_BOUND('',#131,.T.);
#71=FACE_OUTER_BOUND('',#132,.T.);
#72=FACE_OUTER_BOUND('',#133,.T.);
#73=FACE_OUTER_BOUND('',#134,.T.);
#74=FACE_OUTER_BOUND('',#135,.T.);
#75=FACE_OUTER_BOUND('',#136,.T.);
#76=FACE_OUTER_BOUND('',#137,.T.);
#77=FACE_OUTER_BOUND('',#138,.T.);
#78=FACE_OUTER_BOUND('',#139,.T.);
#79=FACE_OUTER_BOUND('',#140,.T.);
#80=FACE_OUTER_BOUND('',#141,.T.);
#81=FACE_OUTER_BOUND('',#142,.T.);
#82=FACE_OUTER_BOUND('',#143,.T.);
#83=FACE_OUTER_BOUND('',#144,.T.);
#84=FACE_OUTER_BOUND('',#145,.T.);
#85=FACE_OUTER_BOUND('',#146,.T.);
#86=FACE_OUTER_BOUND('',#147,.T.);
#87=FACE_OUTER_BOUND('',#148,.T.);
#88=FACE_OUTER_BOUND('',#149,.T.);
#89=FACE_OUTER_BOUND('',#150,.T.);
#90=FACE_OUTER_BOUND('',#151,.T.);
#91=FACE_OUTER_BOUND('',#152,.T.);
#92=FACE_OUTER_BOUND('',#153,.T.);
#93=FACE_OUTER_BOUND('',#154,.T.);
#94=FACE_OUTER_BOUND('',#155,.T.);
#95=FACE_OUTER_BOUND('',#156,.T.);
#96=FACE_OUTER_BOUND('',#157,.T.);
#97=FACE_OUTER_BOUND('',#158,.T.);
#98=FACE_OUTER_BOUND('',#159,.T.);
#99=FACE_OUTER_BOUND('',#161,.T.);
#100=FACE_OUTER_BOUND('',#163,.T.);
#101=FACE_OUTER_BOUND('',#165,.T.);
#102=FACE_OUTER_BOUND('',#166,.T.);
#103=FACE_OUTER_BOUND('',#167,.T.);
#104=FACE_OUTER_BOUND('',#168,.T.);
#105=FACE_OUTER_BOUND('',#169,.T.);
#106=FACE_OUTER_BOUND('',#170,.T.);
#107=FACE_OUTER_BOUND('',#172,.T.);
#108=FACE_OUTER_BOUND('',#173,.T.);
#109=FACE_OUTER_BOUND('',#174,.T.);
#110=FACE_OUTER_BOUND('',#176,.T.);
#111=FACE_OUTER_BOUND('',#177,.T.);
#112=EDGE_LOOP('',(#716,#717,#718,#719,#720,#721));
#113=EDGE_LOOP('',(#722,#723,#724,#725));
#114=EDGE_LOOP('',(#726,#727,#728,#729));
#115=EDGE_LOOP('',(#730,#731,#732,#733));
#116=EDGE_LOOP('',(#734,#735,#736,#737));
#117=EDGE_LOOP('',(#738,#739,#740,#741));
#118=EDGE_LOOP('',(#742,#743,#744,#745));
#119=EDGE_LOOP('',(#746,#747,#748,#749));
#120=EDGE_LOOP('',(#750,#751,#752,#753));
#121=EDGE_LOOP('',(#754,#755,#756,#757));
#122=EDGE_LOOP('',(#758,#759,#760,#761));
#123=EDGE_LOOP('',(#762,#763,#764,#765));
#124=EDGE_LOOP('',(#766,#767,#768,#769));
#125=EDGE_LOOP('',(#770,#771,#772,#773,#774,#775));
#126=EDGE_LOOP('',(#776,#777,#778,#779));
#127=EDGE_LOOP('',(#780,#781,#782,#783));
#128=EDGE_LOOP('',(#784,#785,#786,#787));
#129=EDGE_LOOP('',(#788,#789,#790,#791));
#130=EDGE_LOOP('',(#792,#793,#794,#795));
#131=EDGE_LOOP('',(#796,#797,#798,#799));
#132=EDGE_LOOP('',(#800,#801,#802,#803));
#133=EDGE_LOOP('',(#804,#805,#806,#807));
#134=EDGE_LOOP('',(#808,#809,#810,#811));
#135=EDGE_LOOP('',(#812,#813,#814,#815));
#136=EDGE_LOOP('',(#816,#817,#818,#819));
#137=EDGE_LOOP('',(#820,#821,#822,#823,#824,#825,#826,#827,#828,#829,#830,
#831,#832,#833,#834,#835,#836,#837,#838,#839,#840,#841,#842,#843,#844,#845,
#846,#847,#848));
#138=EDGE_LOOP('',(#849,#850,#851,#852));
#139=EDGE_LOOP('',(#853,#854,#855,#856));
#140=EDGE_LOOP('',(#857,#858,#859,#860));
#141=EDGE_LOOP('',(#861,#862,#863,#864));
#142=EDGE_LOOP('',(#865,#866,#867,#868));
#143=EDGE_LOOP('',(#869,#870,#871,#872));
#144=EDGE_LOOP('',(#873,#874,#875,#876));
#145=EDGE_LOOP('',(#877,#878,#879,#880,#881,#882,#883,#884,#885,#886,#887,
#888,#889,#890,#891,#892,#893,#894,#895,#896,#897,#898,#899,#900,#901,#902,
#903,#904));
#146=EDGE_LOOP('',(#905,#906,#907,#908,#909));
#147=EDGE_LOOP('',(#910,#911,#912,#913));
#148=EDGE_LOOP('',(#914,#915,#916,#917));
#149=EDGE_LOOP('',(#918,#919,#920,#921));
#150=EDGE_LOOP('',(#922,#923,#924,#925));
#151=EDGE_LOOP('',(#926,#927,#928,#929));
#152=EDGE_LOOP('',(#930,#931,#932,#933));
#153=EDGE_LOOP('',(#934,#935,#936,#937));
#154=EDGE_LOOP('',(#938,#939,#940,#941));
#155=EDGE_LOOP('',(#942,#943));
#156=EDGE_LOOP('',(#944,#945));
#157=EDGE_LOOP('',(#946,#947,#948,#949));
#158=EDGE_LOOP('',(#950,#951,#952,#953,#954,#955,#956,#957,#958,#959,#960,
#961,#962,#963,#964,#965,#966,#967,#968,#969,#970,#971,#972,#973,#974,#975,
#976,#977,#978,#979,#980,#981,#982,#983,#984,#985,#986,#987,#988,#989,#990,
#991));
#159=EDGE_LOOP('',(#992,#993,#994,#995));
#160=EDGE_LOOP('',(#996,#997,#998,#999));
#161=EDGE_LOOP('',(#1000,#1001,#1002,#1003,#1004,#1005));
#162=EDGE_LOOP('',(#1006));
#163=EDGE_LOOP('',(#1007,#1008,#1009,#1010,#1011,#1012));
#164=EDGE_LOOP('',(#1013,#1014,#1015,#1016));
#165=EDGE_LOOP('',(#1017,#1018,#1019,#1020));
#166=EDGE_LOOP('',(#1021,#1022,#1023,#1024));
#167=EDGE_LOOP('',(#1025,#1026,#1027,#1028));
#168=EDGE_LOOP('',(#1029,#1030,#1031,#1032));
#169=EDGE_LOOP('',(#1033,#1034,#1035,#1036));
#170=EDGE_LOOP('',(#1037,#1038,#1039,#1040));
#171=EDGE_LOOP('',(#1041,#1042,#1043,#1044));
#172=EDGE_LOOP('',(#1045,#1046,#1047,#1048));
#173=EDGE_LOOP('',(#1049,#1050,#1051,#1052,#1053,#1054));
#174=EDGE_LOOP('',(#1055,#1056,#1057,#1058,#1059,#1060,#1061,#1062));
#175=EDGE_LOOP('',(#1063));
#176=EDGE_LOOP('',(#1064,#1065,#1066,#1067));
#177=EDGE_LOOP('',(#1068,#1069,#1070,#1071));
#178=B_SPLINE_CURVE_WITH_KNOTS('',3,(#1422,#1423,#1424,#1425,#1426,#1427,
#1428),.UNSPECIFIED.,.F.,.F.,(4,3,4),(76.7077868271321,77.0262626232284,
78.0137788107057),.UNSPECIFIED.);
#179=B_SPLINE_CURVE_WITH_KNOTS('',3,(#1430,#1431,#1432,#1433,#1434,#1435,
#1436,#1437),.UNSPECIFIED.,.F.,.F.,(4,2,2,4),(0.45507393668854,0.488298394063971,
0.528359679892635,0.534347342673163),.UNSPECIFIED.);
#180=B_SPLINE_CURVE_WITH_KNOTS('',3,(#1439,#1440,#1441,#1442,#1443,#1444,
#1445,#1446,#1447,#1448),.UNSPECIFIED.,.F.,.F.,(4,3,3,4),(78.6422538582597,
79.3777489406802,80.1132440231008,80.8355960182546),.UNSPECIFIED.);
#181=B_SPLINE_CURVE_WITH_KNOTS('',3,(#1450,#1451,#1452,#1453),
 .UNSPECIFIED.,.F.,.F.,(4,4),(0.0850090189491841,0.10653429940483),
 .UNSPECIFIED.);
#182=B_SPLINE_CURVE_WITH_KNOTS('',3,(#1454,#1455,#1456,#1457,#1458,#1459,
#1460,#1461,#1462,#1463,#1464,#1465,#1466,#1467,#1468,#1469),
 .UNSPECIFIED.,.F.,.F.,(4,3,3,3,3,4),(-77.241029510183,-76.5585935254128,
-75.5643260770308,-74.5700586286489,-73.5757911802668,-72.9676403833451),
 .UNSPECIFIED.);
#183=B_SPLINE_CURVE_WITH_KNOTS('',3,(#1474,#1475,#1476,#1477,#1478,#1479,
#1480,#1481,#1482,#1483,#1484,#1485,#1486,#1487,#1488,#1489,#1490,#1491,
#1492,#1493,#1494,#1495),.UNSPECIFIED.,.F.,.F.,(4,3,3,3,3,3,3,4),(70.4246015199526,
71.1011654983647,72.088681685842,73.0761978733193,74.0637140607966,75.0512302482739,
76.0387464357511,76.7077868271321),.UNSPECIFIED.);
#184=B_SPLINE_CURVE_WITH_KNOTS('',3,(#1496,#1497,#1498,#1499,#1500,#1501,
#1502,#1503,#1504,#1505,#1506,#1507,#1508,#1509,#1510,#1511,#1512,#1513,
#1514,#1515,#1516,#1517),.UNSPECIFIED.,.F.,.F.,(4,3,3,3,3,3,3,4),(-72.9676403833451,
-72.5815237318849,-71.5872562835029,-70.5929888351209,-69.5987213867389,
-68.6044539383569,-67.610186489975,-66.6844550761655),.UNSPECIFIED.);
#185=B_SPLINE_CURVE_WITH_KNOTS('',3,(#1522,#1523,#1524,#1525,#1526,#1527,
#1528,#1529,#1530,#1531,#1532,#1533,#1534,#1535,#1536,#1537,#1538,#1539,
#1540,#1541,#1542,#1543,#1544,#1545,#1546),.UNSPECIFIED.,.F.,.F.,(4,3,3,
3,3,3,3,3,4),(64.1414162127729,64.1885521860237,65.176068373501,66.1635845609783,
67.1511007484555,68.1386169359328,69.1261331234101,70.1136493108874,70.4246015199526),
 .UNSPECIFIED.);
#186=B_SPLINE_CURVE_WITH_KNOTS('',3,(#1547,#1548,#1549,#1550,#1551,#1552,
#1553,#1554,#1555,#1556,#1557,#1558,#1559,#1560,#1561,#1562,#1563,#1564,
#1565,#1566,#1567,#1568,#1569,#1570,#1571),.UNSPECIFIED.,.F.,.F.,(4,3,3,
3,3,3,3,3,4),(-66.6844550761655,-66.615919041593,-65.621651593211,-64.627384144829,
-63.633116696447,-62.638849248065,-61.6445817996831,-60.6503143513011,-60.4012697689859),
 .UNSPECIFIED.);
#187=B_SPLINE_CURVE_WITH_KNOTS('',3,(#1576,#1577,#1578,#1579,#1580,#1581,
#1582,#1583,#1584,#1585,#1586,#1587,#1588,#1589,#1590,#1591,#1592,#1593,
#1594,#1595,#1596,#1597),.UNSPECIFIED.,.F.,.F.,(4,3,3,3,3,3,3,4),(57.8582309055933,
58.26345506116,59.2509712486373,60.2384874361145,61.2260036235918,62.2135198110691,
63.2010359985464,64.1414162127729),.UNSPECIFIED.);
#188=B_SPLINE_CURVE_WITH_KNOTS('',3,(#1598,#1599,#1600,#1601,#1602,#1603,
#1604,#1605,#1606,#1607,#1608,#1609,#1610,#1611,#1612,#1613,#1614,#1615,
#1616,#1617,#1618,#1619),.UNSPECIFIED.,.F.,.F.,(4,3,3,3,3,3,3,4),(-60.4012697689859,
-59.6560469029191,-58.6617794545371,-57.6675120061551,-56.6732445577731,
-55.6789771093911,-54.6847096610092,-54.1180844618063),.UNSPECIFIED.);
#189=B_SPLINE_CURVE_WITH_KNOTS('',3,(#1624,#1625,#1626,#1627,#1628,#1629,
#1630,#1631,#1632,#1633,#1634,#1635,#1636,#1637,#1638,#1639,#1640,#1641,
#1642,#1643,#1644,#1645),.UNSPECIFIED.,.F.,.F.,(4,3,3,3,3,3,3,4),(51.5750455984138,
52.3383579362962,53.3258741237735,54.3133903112508,55.3009064987281,56.2884226862054,
57.2759388736827,57.8582309055933),.UNSPECIFIED.);
#190=B_SPLINE_CURVE_WITH_KNOTS('',3,(#1646,#1647,#1648,#1649,#1650,#1651,
#1652,#1653,#1654,#1655,#1656,#1657,#1658,#1659,#1660,#1661,#1662,#1663,
#1664,#1665,#1666,#1667),.UNSPECIFIED.,.F.,.F.,(4,3,3,3,3,3,3,4),(-54.1180844618063,
-53.6904422126272,-52.6961747642452,-51.7019073158632,-50.7076398674812,
-49.7133724190992,-48.7191049707172,-47.8348991546267),.UNSPECIFIED.);
#191=B_SPLINE_CURVE_WITH_KNOTS('',3,(#1672,#1673,#1674,#1675,#1676,#1677,
#1678,#1679,#1680,#1681,#1682,#1683,#1684,#1685,#1686,#1687,#1688,#1689,
#1690,#1691,#1692,#1693,#1694,#1695,#1696),.UNSPECIFIED.,.F.,.F.,(4,3,3,
3,3,3,3,3,4),(45.2918602912342,45.4257446239552,46.4132608114325,47.4007769989098,
48.3882931863871,49.3758093738644,50.3633255613417,51.350841748819,51.5750455984138),
 .UNSPECIFIED.);
#192=B_SPLINE_CURVE_WITH_KNOTS('',3,(#1697,#1698,#1699,#1700,#1701,#1702,
#1703,#1704,#1705,#1706,#1707,#1708,#1709,#1710,#1711,#1712,#1713,#1714,
#1715,#1716,#1717,#1718,#1719,#1720,#1721),.UNSPECIFIED.,.F.,.F.,(4,3,3,
3,3,3,3,3,4),(-47.8348991546267,-47.7248375223353,-46.7305700739533,-45.7363026255713,
-44.7420351771893,-43.7477677288073,-42.7535002804253,-41.7592328320434,
-41.5517138474471),.UNSPECIFIED.);
#193=B_SPLINE_CURVE_WITH_KNOTS('',3,(#1726,#1727,#1728,#1729,#1730,#1731,
#1732,#1733,#1734,#1735,#1736,#1737,#1738,#1739,#1740,#1741,#1742,#1743,
#1744,#1745,#1746,#1747),.UNSPECIFIED.,.F.,.F.,(4,3,3,3,3,3,3,4),(39.0086749840546,
39.5006474990915,40.4881636865688,41.4756798740461,42.4631960615234,43.4507122490007,
44.4382284364779,45.2918602912342),.UNSPECIFIED.);
#194=B_SPLINE_CURVE_WITH_KNOTS('',3,(#1748,#1749,#1750,#1751,#1752,#1753,
#1754,#1755,#1756,#1757,#1758,#1759,#1760,#1761,#1762,#1763,#1764,#1765,
#1766,#1767,#1768,#1769),.UNSPECIFIED.,.F.,.F.,(4,3,3,3,3,3,3,4),(-41.5517138474471,
-40.7649653836614,-39.7706979352794,-38.7764304868974,-37.7821630385154,
-36.7878955901334,-35.7936281417514,-35.2685285402675),.UNSPECIFIED.);
#195=B_SPLINE_CURVE_WITH_KNOTS('',3,(#1774,#1775,#1776,#1777,#1778,#1779,
#1780,#1781,#1782,#1783,#1784,#1785,#1786,#1787,#1788,#1789,#1790,#1791,
#1792,#1793,#1794,#1795),.UNSPECIFIED.,.F.,.F.,(4,3,3,3,3,3,3,4),(32.725489676875,
33.5755503742278,34.5630665617051,35.5505827491824,36.5380989366596,37.5256151241369,
38.5131313116142,39.0086749840546),.UNSPECIFIED.);
#196=B_SPLINE_CURVE_WITH_KNOTS('',3,(#1796,#1797,#1798,#1799,#1800,#1801,
#1802,#1803,#1804,#1805,#1806,#1807,#1808,#1809,#1810,#1811,#1812,#1813,
#1814,#1815,#1816,#1817),.UNSPECIFIED.,.F.,.F.,(4,3,3,3,3,3,3,4),(-35.2685285402675,
-34.7993606933695,-33.8050932449875,-32.8108257966055,-31.8165583482235,
-30.8222908998415,-29.8280234514595,-28.9853432330879),.UNSPECIFIED.);
#197=B_SPLINE_CURVE_WITH_KNOTS('',3,(#1822,#1823,#1824,#1825,#1826,#1827,
#1828,#1829,#1830,#1831,#1832,#1833,#1834,#1835,#1836,#1837,#1838,#1839,
#1840,#1841,#1842,#1843,#1844,#1845,#1846),.UNSPECIFIED.,.F.,.F.,(4,3,3,
3,3,3,3,3,4),(26.4423043696954,26.6629370618868,27.6504532493641,28.6379694368413,
29.6254856243186,30.6130018117959,31.6005179992732,32.5880341867505,32.725489676875),
 .UNSPECIFIED.);
#198=B_SPLINE_CURVE_WITH_KNOTS('',3,(#1847,#1848,#1849,#1850,#1851,#1852,
#1853,#1854,#1855,#1856,#1857,#1858,#1859,#1860,#1861,#1862,#1863,#1864,
#1865,#1866,#1867,#1868,#1869,#1870,#1871),.UNSPECIFIED.,.F.,.F.,(4,3,3,
3,3,3,3,3,4),(-28.9853432330879,-28.8337560030776,-27.8394885546956,-26.8452211063136,
-25.8509536579316,-24.8566862095496,-23.8624187611676,-22.8681513127856,
-22.7021579259084),.UNSPECIFIED.);
#199=B_SPLINE_CURVE_WITH_KNOTS('',3,(#1876,#1877,#1878,#1879,#1880,#1881,
#1882,#1883,#1884,#1885,#1886,#1887,#1888,#1889,#1890,#1891,#1892,#1893,
#1894,#1895,#1896,#1897),.UNSPECIFIED.,.F.,.F.,(4,3,3,3,3,3,3,4),(20.1591190625158,
20.737839937023,21.7253561245003,22.7128723119776,23.7003884994549,24.6879046869322,
25.6754208744095,26.4423043696954),.UNSPECIFIED.);
#200=B_SPLINE_CURVE_WITH_KNOTS('',3,(#1898,#1899,#1900,#1901,#1902,#1903,
#1904,#1905,#1906,#1907,#1908,#1909,#1910,#1911,#1912,#1913,#1914,#1915,
#1916,#1917,#1918,#1919),.UNSPECIFIED.,.F.,.F.,(4,3,3,3,3,3,3,4),(-22.7021579259084,
-21.8738838644037,-20.8796164160217,-19.8853489676397,-18.8910815192577,
-17.8968140708757,-16.9025466224937,-16.4189726187288),.UNSPECIFIED.);
#201=B_SPLINE_CURVE_WITH_KNOTS('',3,(#1924,#1925,#1926,#1927,#1928,#1929,
#1930,#1931,#1932,#1933,#1934,#1935,#1936,#1937,#1938,#1939,#1940,#1941,
#1942,#1943,#1944,#1945),.UNSPECIFIED.,.F.,.F.,(4,3,3,3,3,3,3,4),(13.8759337553362,
14.8127428121593,15.8002589996366,16.7877751871139,17.7752913745912,18.7628075620685,
19.7503237495458,20.1591190625158),.UNSPECIFIED.);
#202=B_SPLINE_CURVE_WITH_KNOTS('',3,(#1946,#1947,#1948,#1949,#1950,#1951,
#1952,#1953,#1954,#1955,#1956,#1957,#1958,#1959,#1960,#1961,#1962,#1963,
#1964,#1965,#1966,#1967),.UNSPECIFIED.,.F.,.F.,(4,3,3,3,3,3,3,4),(-16.4189726187288,
-15.9082791741118,-14.9140117257298,-13.9197442773478,-12.9254768289658,
-11.9312093805838,-10.9369419322018,-10.1357873115492),.UNSPECIFIED.);
#203=B_SPLINE_CURVE_WITH_KNOTS('',3,(#1973,#1974,#1975,#1976,#1977,#1978,
#1979,#1980,#1981,#1982,#1983,#1984,#1985),.UNSPECIFIED.,.F.,.F.,(4,3,3,
3,4),(-3.85260200436958,-2.98280234514595,-1.98853489676397,-0.994267448381983,
0.),.UNSPECIFIED.);
#204=B_SPLINE_CURVE_WITH_KNOTS('',3,(#1988,#1989,#1990,#1991,#1992,#1993,
#1994,#1995,#1996,#1997,#1998,#1999,#2000,#2001,#2002,#2003,#2004,#2005,
#2006),.UNSPECIFIED.,.F.,.F.,(4,3,3,3,3,3,4),(2.02057249175696,2.96254856243186,
3.95006474990915,4.93758093738644,5.92509712486373,6.91261331234101,7.59274844815664),
 .UNSPECIFIED.);
#205=B_SPLINE_CURVE_WITH_KNOTS('',3,(#2012,#2013,#2014,#2015,#2016),
 .UNSPECIFIED.,.F.,.F.,(4,1,4),(91.106186954104,91.4006262528501,92.2364279816795),
 .UNSPECIFIED.);
#206=B_SPLINE_CURVE_WITH_KNOTS('',3,(#2018,#2019,#2020,#2021),
 .UNSPECIFIED.,.F.,.F.,(4,4),(0.222299104271701,0.2286354088714),
 .UNSPECIFIED.);
#207=B_SPLINE_CURVE_WITH_KNOTS('',3,(#2022,#2023,#2024,#2025,#2026),
 .UNSPECIFIED.,.F.,.F.,(4,1,4),(91.106186954104,91.4246627502002,92.2705775227636),
 .UNSPECIFIED.);
#208=B_SPLINE_CURVE_WITH_KNOTS('',3,(#2032,#2033,#2034,#2035,#2036,#2037,
#2038,#2039),.UNSPECIFIED.,.F.,.F.,(4,1,1,1,1,4),(84.8230016469244,85.4311524438462,
86.4254198922281,87.4196873406101,88.4139547889921,89.4082222373741),
 .UNSPECIFIED.);
#209=B_SPLINE_CURVE_WITH_KNOTS('',3,(#2041,#2042,#2043,#2044,#2045,#2046),
 .UNSPECIFIED.,.F.,.F.,(4,2,4),(-0.187428166660057,-0.157950453725243,-0.138599553131867),
 .UNSPECIFIED.);
#210=B_SPLINE_CURVE_WITH_KNOTS('',3,(#2047,#2048,#2049,#2050,#2051),
 .UNSPECIFIED.,.F.,.F.,(4,1,4),(89.7290227951915,90.5648245240208,91.106186954104),
 .UNSPECIFIED.);
#211=B_SPLINE_CURVE_WITH_KNOTS('',3,(#2052,#2053,#2054,#2055,#2056,#2057,
#2058,#2059,#2060,#2061),.UNSPECIFIED.,.F.,.F.,(4,1,1,1,1,1,1,4),(84.8230016469244,
85.4995656253365,86.4870818128138,87.4745980002911,88.4621141877683,89.4496303752456,
90.4371465627229,91.106186954104),.UNSPECIFIED.);
#212=B_SPLINE_CURVE_WITH_KNOTS('',3,(#2066,#2067,#2068,#2069,#2070,#2071,
#2072,#2073,#2074,#2075),.UNSPECIFIED.,.F.,.F.,(4,1,1,1,1,1,1,4),(78.5398163397448,
79.4655477535542,80.4598152019362,81.4540826503182,82.4483500987002,83.4426175470822,
84.4368849954642,84.8230016469244),.UNSPECIFIED.);
#213=B_SPLINE_CURVE_WITH_KNOTS('',3,(#2076,#2077,#2078,#2079,#2080,#2081,
#2082,#2083,#2084,#2085,#2086),.UNSPECIFIED.,.F.,.F.,(4,1,1,1,1,1,1,1,4),
(78.5398163397448,78.5869523129955,79.5744685004728,80.56198468795,81.5495008754273,
82.5370170629046,83.5245332503819,84.5120494378592,84.8230016469244),
 .UNSPECIFIED.);
#214=B_SPLINE_CURVE_WITH_KNOTS('',3,(#2091,#2092,#2093,#2094,#2095,#2096,
#2097,#2098,#2099,#2100,#2101),.UNSPECIFIED.,.F.,.F.,(4,1,1,1,1,1,1,1,4),
(72.2566310325652,72.5056756148804,73.4999430632624,74.4942105116443,75.4884779600263,
76.4827454084083,77.4770128567903,78.4712803051723,78.5398163397448),
 .UNSPECIFIED.);
#215=B_SPLINE_CURVE_WITH_KNOTS('',3,(#2102,#2103,#2104,#2105,#2106,#2107,
#2108,#2109,#2110,#2111),.UNSPECIFIED.,.F.,.F.,(4,1,1,1,1,1,1,4),(72.2566310325652,
72.6618551881317,73.649371375609,74.6368875630863,75.6244037505636,76.6119199380409,
77.5994361255182,78.5398163397448),.UNSPECIFIED.);
#216=B_SPLINE_CURVE_WITH_KNOTS('',3,(#2116,#2117,#2118,#2119,#2120,#2121,
#2122,#2123,#2124,#2125),.UNSPECIFIED.,.F.,.F.,(4,1,1,1,1,1,1,4),(65.9734457253856,
66.5400709245884,67.5343383729704,68.5286058213524,69.5228732697344,70.5171407181164,
71.5114081664984,72.2566310325652),.UNSPECIFIED.);
#217=B_SPLINE_CURVE_WITH_KNOTS('',3,(#2126,#2127,#2128,#2129,#2130,#2131,
#2132,#2133,#2134,#2135),.UNSPECIFIED.,.F.,.F.,(4,1,1,1,1,1,1,4),(65.9734457253856,
66.736758063268,67.7242742507453,68.7117904382226,69.6993066256999,70.6868228131772,
71.6743390006545,72.2566310325652),.UNSPECIFIED.);
#218=B_SPLINE_CURVE_WITH_KNOTS('',3,(#2140,#2141,#2142,#2143,#2144,#2145,
#2146,#2147,#2148,#2149),.UNSPECIFIED.,.F.,.F.,(4,1,1,1,1,1,1,4),(59.690260418206,
60.5744662342965,61.5687336826785,62.5630011310605,63.5572685794425,64.5515360278245,
65.5458034762065,65.9734457253856),.UNSPECIFIED.);
#219=B_SPLINE_CURVE_WITH_KNOTS('',3,(#2150,#2151,#2152,#2153,#2154,#2155,
#2156,#2157,#2158,#2159,#2160),.UNSPECIFIED.,.F.,.F.,(4,1,1,1,1,1,1,1,4),
(59.690260418206,59.824144750927,60.8116609384043,61.7991771258816,62.7866933133589,
63.7742095008362,64.7617256883134,65.7492418757907,65.9734457253856),
 .UNSPECIFIED.);
#220=B_SPLINE_CURVE_WITH_KNOTS('',3,(#2165,#2166,#2167,#2168,#2169,#2170,
#2171,#2172,#2173,#2174,#2175),.UNSPECIFIED.,.F.,.F.,(4,1,1,1,1,1,1,1,4),
(53.4070751110264,53.6145940956226,54.6088615440046,55.6031289923866,56.5973964407686,
57.5916638891506,58.5859313375326,59.5801987859146,59.690260418206),
 .UNSPECIFIED.);
#221=B_SPLINE_CURVE_WITH_KNOTS('',3,(#2176,#2177,#2178,#2179,#2180,#2181,
#2182,#2183,#2184,#2185),.UNSPECIFIED.,.F.,.F.,(4,1,1,1,1,1,1,4),(53.4070751110264,
53.8990476260633,54.8865638135406,55.8740800010179,56.8615961884951,57.8491123759724,
58.8366285634497,59.690260418206),.UNSPECIFIED.);
#222=B_SPLINE_CURVE_WITH_KNOTS('',3,(#2190,#2191,#2192,#2193,#2194,#2195,
#2196,#2197,#2198,#2199),.UNSPECIFIED.,.F.,.F.,(4,1,1,1,1,1,1,4),(47.1238898038468,
47.6489894053307,48.6432568537127,49.6375243020947,50.6317917504767,51.6260591988587,
52.6203266472407,53.4070751110264),.UNSPECIFIED.);
#223=B_SPLINE_CURVE_WITH_KNOTS('',3,(#2200,#2201,#2202,#2203,#2204,#2205,
#2206,#2207,#2208,#2209),.UNSPECIFIED.,.F.,.F.,(4,1,1,1,1,1,1,4),(47.1238898038468,
47.9739505011996,48.9614666886768,49.9489828761541,50.9364990636314,51.9240152511087,
52.911531438586,53.4070751110264),.UNSPECIFIED.);
#224=B_SPLINE_CURVE_WITH_KNOTS('',3,(#2214,#2215,#2216,#2217,#2218,#2219,
#2220,#2221,#2222,#2223),.UNSPECIFIED.,.F.,.F.,(4,1,1,1,1,1,1,4),(40.8407044966673,
41.6833847150388,42.6776521634208,43.6719196118028,44.6661870601848,45.6604545085668,
46.6547219569488,47.1238898038468),.UNSPECIFIED.);
#225=B_SPLINE_CURVE_WITH_KNOTS('',3,(#2224,#2225,#2226,#2227,#2228,#2229,
#2230,#2231,#2232,#2233,#2234),.UNSPECIFIED.,.F.,.F.,(4,1,1,1,1,1,1,1,4),
(40.8407044966673,41.0613371888585,42.0488533763358,43.0363695638131,44.0238857512904,
45.0114019387677,45.998918126245,46.9864343137223,47.1238898038468),
 .UNSPECIFIED.);
#226=B_SPLINE_CURVE_WITH_KNOTS('',3,(#2239,#2240,#2241,#2242,#2243,#2244,
#2245,#2246,#2247,#2248,#2249),.UNSPECIFIED.,.F.,.F.,(4,1,1,1,1,1,1,1,4),
(34.5575191894876,34.7235125763649,35.7177800247469,36.7120474731289,37.7063149215109,
38.7005823698929,39.6948498182749,40.6891172666569,40.8407044966673),
 .UNSPECIFIED.);
#227=B_SPLINE_CURVE_WITH_KNOTS('',3,(#2250,#2251,#2252,#2253,#2254,#2255,
#2256,#2257,#2258,#2259),.UNSPECIFIED.,.F.,.F.,(4,1,1,1,1,1,1,4),(34.5575191894877,
35.1362400639948,36.1237562514721,37.1112724389494,38.0987886264267,39.086304813904,
40.0738210013813,40.8407044966673),.UNSPECIFIED.);
#228=B_SPLINE_CURVE_WITH_KNOTS('',3,(#2264,#2265,#2266,#2267,#2268,#2269,
#2270,#2271,#2272,#2273),.UNSPECIFIED.,.F.,.F.,(4,1,1,1,1,1,1,4),(28.2743338823081,
28.757907886073,29.752175334455,30.746442782837,31.740710231219,32.734977679601,
33.729245127983,34.5575191894876),.UNSPECIFIED.);
#229=B_SPLINE_CURVE_WITH_KNOTS('',3,(#2274,#2275,#2276,#2277,#2278,#2279,
#2280,#2281,#2282,#2283),.UNSPECIFIED.,.F.,.F.,(4,1,1,1,1,1,1,4),(28.2743338823081,
29.2111429391311,30.1986591266084,31.1861753140857,32.173691501563,33.1612076890402,
34.1487238765175,34.5575191894877),.UNSPECIFIED.);
#230=B_SPLINE_CURVE_WITH_KNOTS('',3,(#2288,#2289,#2290,#2291,#2292,#2293,
#2294,#2295,#2296,#2297),.UNSPECIFIED.,.F.,.F.,(4,1,1,1,1,1,1,4),(21.9911485751285,
22.7923031957811,23.7865706441631,24.7808380925451,25.7751055409271,26.7693729893091,
27.7636404376911,28.2743338823081),.UNSPECIFIED.);
#231=B_SPLINE_CURVE_WITH_KNOTS('',3,(#2298,#2299,#2300,#2301,#2302,#2303,
#2304,#2305,#2306,#2307,#2308),.UNSPECIFIED.,.F.,.F.,(4,1,1,1,1,1,1,1,4),
(21.9911485751285,22.2985296267901,23.2860458142674,24.2735620017447,25.2610781892219,
26.2485943766992,27.2361105641765,28.2236267516538,28.2743338823081),
 .UNSPECIFIED.);
#232=B_SPLINE_CURVE_WITH_KNOTS('',3,(#2314,#2315,#2316,#2317,#2318),
 .UNSPECIFIED.,.F.,.F.,(4,1,4),(14.3984001269718,15.3859163144491,15.7079632679489),
 .UNSPECIFIED.);
#233=B_SPLINE_CURVE_WITH_KNOTS('',3,(#2321,#2322,#2323,#2324,#2325),
 .UNSPECIFIED.,.F.,.F.,(4,1,4),(13.8759337553362,14.8381636087252,15.7079632679489),
 .UNSPECIFIED.);
#234=B_SPLINE_CURVE_WITH_KNOTS('',3,(#2654,#2655,#2656,#2657,#2658,#2659,
#2660,#2661,#2662,#2663,#2664,#2665,#2666,#2667,#2668,#2669),
 .UNSPECIFIED.,.F.,.F.,(4,3,3,3,3,4),(0.,0.00792656232038432,0.016529381889057,
0.020217575836687,0.02898795493119,0.0376007495394446),.UNSPECIFIED.);
#235=B_SPLINE_CURVE_WITH_KNOTS('',3,(#2670,#2671,#2672,#2673,#2674,#2675,
#2676,#2677,#2678,#2679,#2680,#2681,#2682,#2683,#2684,#2685,#2686,#2687,
#2688,#2689,#2690,#2691,#2692,#2693,#2694),.UNSPECIFIED.,.F.,.F.,(4,3,3,
3,3,3,3,3,4),(7.59274844815664,7.9001294998183,8.88764568729559,9.87516187477287,
10.8626780622502,11.8501942497275,12.8377104372047,13.825226624682,13.8759337553362),
 .UNSPECIFIED.);
#236=B_SPLINE_CURVE_WITH_KNOTS('',3,(#2695,#2696,#2697,#2698,#2699,#2700,
#2701,#2702,#2703,#2704,#2705,#2706,#2707,#2708,#2709,#2710,#2711,#2712,
#2713,#2714,#2715,#2716,#2717,#2718,#2719,#2720,#2721,#2722,#2723,#2724,
#2725,#2726,#2727,#2728,#2729,#2730,#2731,#2732,#2733,#2734,#2735,#2736,
#2737,#2738,#2739,#2740,#2741,#2742,#2743,#2744,#2745,#2746,#2747,#2748,
#2749,#2750,#2751,#2752,#2753,#2754,#2755,#2756,#2757,#2758,#2759,#2760,
#2761,#2762,#2763,#2764,#2765,#2766,#2767,#2768,#2769,#2770,#2771,#2772,
#2773),.UNSPECIFIED.,.F.,.F.,(4,3,3,3,3,3,3,3,3,3,3,3,3,3,3,3,3,3,3,3,3,
3,3,3,3,3,4),(0.,0.018363073739661,0.0366022450454973,0.0503900381544711,
0.0575733942141293,0.0609188762902408,0.0786703833606626,0.0960662103076638,
0.10877580521007,0.115350572409909,0.118062314397157,0.134918682286613,
0.146904589917288,0.163606033543945,0.169206589311631,0.173090721117216,
0.189860961525861,0.206612756507728,0.21730972812937,0.222797618574268,
0.226153614944373,0.242245480064107,0.252429201187557,0.25615872045717,
0.271663774879554,0.280516138930544,0.286347380332246),.UNSPECIFIED.);
#237=B_SPLINE_CURVE_WITH_KNOTS('',3,(#2774,#2775,#2776,#2777,#2778,#2779,
#2780,#2781,#2782,#2783),.UNSPECIFIED.,.F.,.F.,(4,1,1,1,1,1,1,4),(15.7079632679489,
16.3734325019264,17.3609486894036,18.3484648768809,19.3359810643582,20.3234972518355,
21.3110134393128,21.9911485751285),.UNSPECIFIED.);
#238=B_SPLINE_CURVE_WITH_KNOTS('',3,(#2809,#2810,#2811,#2812,#2813,#2814,
#2815,#2816,#2817,#2818,#2819,#2820,#2821,#2822,#2823,#2824,#2825,#2826,
#2827,#2828,#2829,#2830,#2831,#2832,#2833,#2834,#2835,#2836,#2837,#2838,
#2839,#2840,#2841,#2842,#2843,#2844,#2845,#2846,#2847,#2848,#2849,#2850,
#2851,#2852,#2853,#2854,#2855,#2856,#2857,#2858,#2859,#2860,#2861,#2862,
#2863,#2864,#2865,#2866,#2867,#2868,#2869),.UNSPECIFIED.,.F.,.F.,(4,3,3,
3,3,3,3,3,3,3,3,3,3,3,3,3,3,3,3,3,4),(0.,0.000766895483798147,0.00228951205790826,
0.00372185690423056,0.0050694880940927,0.00633757922039836,0.00753095117190831,
0.00865410021487651,0.00971122377620871,0.0107062440448307,0.0116428295332331,
0.0125244147477845,0.0133542180953079,0.0141352581750516,0.0148703685815178,
0.0155622113652129,0.0162132892607269,0.0240295496844653,0.0273855434167305,
0.0347347023829137,0.0358239529381879),.UNSPECIFIED.);
#239=B_SPLINE_CURVE_WITH_KNOTS('',3,(#2871,#2872,#2873,#2874,#2875,#2876),
 .UNSPECIFIED.,.F.,.F.,(4,1,1,4),(93.141918484473,93.776149067652,94.5116441500726,
95.2471392324931),.UNSPECIFIED.);
#240=B_SPLINE_CURVE_WITH_KNOTS('',3,(#2877,#2878,#2879,#2880,#2881,#2882,
#2883,#2884,#2885,#2886,#2887,#2888,#2889),.UNSPECIFIED.,.F.,.F.,(4,3,3,
3,4),(0.,0.00821874526644693,0.0160740398595824,0.0253234586635108,0.032276088572637),
 .UNSPECIFIED.);
#241=B_SPLINE_CURVE_WITH_KNOTS('',3,(#2912,#2913,#2914,#2915,#2916,#2917,
#2918,#2919,#2920,#2921,#2922,#2923,#2924,#2925,#2926,#2927,#2928,#2929,
#2930,#2931,#2932,#2933,#2934,#2935,#2936,#2937,#2938,#2939,#2940,#2941,
#2942,#2943,#2944,#2945,#2946,#2947,#2948,#2949,#2950,#2951,#2952,#2953,
#2954,#2955,#2956,#2957,#2958,#2959,#2960,#2961,#2962,#2963,#2964,#2965,
#2966,#2967,#2968,#2969),.UNSPECIFIED.,.F.,.F.,(4,3,3,3,3,3,3,3,3,3,3,3,
3,3,3,3,3,3,3,4),(0.,0.000688117045652428,0.00223707309240573,0.00368800303642798,
0.00504715852931485,0.00632038896585562,0.00751316748288271,0.00863061530699634,
0.0102280015287382,0.0115108560648645,0.0129065539964404,0.014046385456707,
0.0149974328566231,0.0158047550128143,0.0164998552255361,0.0177537257000271,
0.0182261676183157,0.0186689392027464,0.0258797279307813,0.0329632511321357),
 .UNSPECIFIED.);
#242=B_SPLINE_CURVE_WITH_KNOTS('',3,(#2971,#2972,#2973,#2974,#2975),
 .UNSPECIFIED.,.F.,.F.,(4,1,4),(96.4344479549494,97.3635928552406,98.2927377555317),
 .UNSPECIFIED.);
#243=B_SPLINE_CURVE_WITH_KNOTS('',3,(#2977,#2978,#2979,#2980,#2981,#2982,
#2983,#2984,#2985,#2986,#2987,#2988,#2989),.UNSPECIFIED.,.F.,.F.,(4,3,3,
3,4),(0.,0.0116292622713084,0.0177118604825323,0.0317513253823473,0.0355059032021228),
 .UNSPECIFIED.);
#244=B_SPLINE_CURVE_WITH_KNOTS('',3,(#2990,#2991,#2992,#2993,#2994,#2995,
#2996),.UNSPECIFIED.,.F.,.F.,(4,3,4),(82.0941267135904,82.9651927282688,
83.7921840273089),.UNSPECIFIED.);
#245=B_SPLINE_CURVE_WITH_KNOTS('',3,(#3019,#3020,#3021,#3022,#3023,#3024,
#3025,#3026,#3027,#3028,#3029,#3030,#3031,#3032,#3033,#3034,#3035,#3036,
#3037,#3038,#3039,#3040),.UNSPECIFIED.,.F.,.F.,(4,3,3,3,3,3,3,4),(0.,0.000712356533495307,
0.012755055667889,0.0145335225544096,0.0204658880055399,0.0245059103166273,
0.0290199174763102,0.0376014942869275),.UNSPECIFIED.);
#246=B_SPLINE_CURVE_WITH_KNOTS('',3,(#3042,#3043,#3044,#3045,#3046),
 .UNSPECIFIED.,.F.,.F.,(4,1,4),(99.6526840684688,100.522326973952,101.391969879434),
 .UNSPECIFIED.);
#247=B_SPLINE_CURVE_WITH_KNOTS('',3,(#3048,#3049,#3050,#3051,#3052,#3053,
#3054,#3055,#3056,#3057,#3058,#3059,#3060),.UNSPECIFIED.,.F.,.F.,(4,3,3,
3,4),(0.,0.0122832572286096,0.0207321656241846,0.0342013020201146,0.0407535879238856),
 .UNSPECIFIED.);
#248=B_SPLINE_CURVE_WITH_KNOTS('',3,(#3061,#3062,#3063,#3064,#3065,#3066,
#3067),.UNSPECIFIED.,.F.,.F.,(4,3,4),(85.4000889686829,86.1239268469799,
86.8209249602739),.UNSPECIFIED.);
#249=B_SPLINE_CURVE_WITH_KNOTS('',3,(#3069,#3070,#3071,#3072,#3073,#3074,
#3075,#3076,#3077,#3078,#3079),.UNSPECIFIED.,.F.,.F.,(4,1,1,1,1,1,1,1,4),
(15.7079632679489,15.8324310571072,16.8266985054892,17.8209659538712,18.8152334022532,
19.8095008506352,20.8037682990172,21.7980357473991,21.9911485751285),
 .UNSPECIFIED.);
#250=B_SPLINE_CURVE_WITH_KNOTS('',3,(#3082,#3083,#3084,#3085,#3086,#3087),
 .UNSPECIFIED.,.F.,.F.,(4,2,4),(0.0759080930254007,0.0793690900817706,0.0825122122513034),
 .UNSPECIFIED.);
#251=B_SPLINE_CURVE_WITH_KNOTS('',3,(#3089,#3090,#3091,#3092,#3093,#3094),
 .UNSPECIFIED.,.F.,.F.,(4,1,1,4),(93.1740904879666,93.8584432434404,94.5427959989143,
95.2271487543881),.UNSPECIFIED.);
#252=B_SPLINE_CURVE_WITH_KNOTS('',3,(#3095,#3096,#3097,#3098),
 .UNSPECIFIED.,.F.,.F.,(4,4),(-0.0595875584666287,-0.0547817979618664),
 .UNSPECIFIED.);
#253=B_SPLINE_CURVE_WITH_KNOTS('',3,(#3101,#3102,#3103,#3104),
 .UNSPECIFIED.,.F.,.F.,(4,4),(-0.272185180523416,-0.267405772989527),
 .UNSPECIFIED.);
#254=B_SPLINE_CURVE_WITH_KNOTS('',3,(#3106,#3107,#3108,#3109,#3110),
 .UNSPECIFIED.,.F.,.F.,(4,1,4),(96.4515712961016,97.3668272817083,98.2820832673151),
 .UNSPECIFIED.);
#255=B_SPLINE_CURVE_WITH_KNOTS('',3,(#3111,#3112,#3113,#3114),
 .UNSPECIFIED.,.F.,.F.,(4,4),(0.283379914862252,0.287582576925734),
 .UNSPECIFIED.);
#256=B_SPLINE_CURVE_WITH_KNOTS('',3,(#3117,#3118,#3119,#3120),
 .UNSPECIFIED.,.F.,.F.,(4,4),(0.0172584530345055,0.02147574380605),
 .UNSPECIFIED.);
#257=B_SPLINE_CURVE_WITH_KNOTS('',3,(#3122,#3123,#3124,#3125,#3126),
 .UNSPECIFIED.,.F.,.F.,(4,1,4),(99.6596837482345,100.52483177008,101.389979791926),
 .UNSPECIFIED.);
#258=B_SPLINE_CURVE_WITH_KNOTS('',3,(#3127,#3128,#3129,#3130),
 .UNSPECIFIED.,.F.,.F.,(4,4),(-0.00769250433419214,-0.00357656294063928),
 .UNSPECIFIED.);
#259=B_SPLINE_CURVE_WITH_KNOTS('',3,(#3455,#3456,#3457,#3458,#3459,#3460),
 .UNSPECIFIED.,.F.,.F.,(4,2,4),(0.,0.0181393391434979,0.0510694677660622),
 .UNSPECIFIED.);
#260=B_SPLINE_CURVE_WITH_KNOTS('',3,(#3461,#3462,#3463,#3464,#3465,#3466,
#3467,#3468,#3469,#3470,#3471,#3472,#3473,#3474,#3475,#3476,#3477,#3478,
#3479,#3480,#3481,#3482,#3483,#3484,#3485,#3486,#3487,#3488,#3489,#3490,
#3491,#3492,#3493,#3494,#3495,#3496,#3497,#3498,#3499,#3500,#3501,#3502,
#3503,#3504,#3505,#3506,#3507,#3508,#3509,#3510,#3511,#3512,#3513,#3514,
#3515,#3516,#3517,#3518,#3519,#3520,#3521,#3522,#3523,#3524,#3525,#3526,
#3527,#3528,#3529,#3530,#3531,#3532,#3533,#3534,#3535,#3536,#3537,#3538,
#3539,#3540,#3541,#3542),.UNSPECIFIED.,.F.,.F.,(4,3,3,3,3,3,3,3,3,3,3,3,
3,3,3,3,3,3,3,3,3,3,3,3,3,3,3,4),(0.,0.0151370824723138,0.0309551443412715,
0.0437761944730949,0.0496226101813765,0.0523636468413159,0.0686747367589213,
0.0852822352295481,0.0973425627711258,0.102254694098731,0.105135149356439,
0.122211755902015,0.133523545395859,0.150163632869572,0.154749230193,0.158580168285162,
0.175607285816064,0.193042258345137,0.203937330403038,0.209184731183621,
0.212468408150345,0.215886228171829,0.233885317409941,0.246545687666011,
0.251341223537829,0.269530161786246,0.280202834808348,0.285142803995162),
 .UNSPECIFIED.);
#261=B_SPLINE_CURVE_WITH_KNOTS('',3,(#3543,#3544,#3545,#3546,#3547,#3548,
#3549,#3550,#3551,#3552,#3553,#3554,#3555,#3556,#3557,#3558,#3559,#3560,
#3561,#3562,#3563,#3564,#3565,#3566,#3567),.UNSPECIFIED.,.F.,.F.,(4,3,3,
3,3,3,3,3,4),(-10.1357873115492,-9.94267448381985,-8.94840703543786,-7.95413958705588,
-6.9598721386739,-5.96560469029191,-4.97133724190992,-3.97706979352794,
-3.85260200436958),.UNSPECIFIED.);
#262=B_SPLINE_CURVE_WITH_KNOTS('',3,(#3593,#3594,#3595,#3596,#3597,#3598,
#3599,#3600,#3601,#3602,#3603,#3604,#3605),.UNSPECIFIED.,.F.,.F.,(4,3,3,
3,4),(0.,0.0150530536098558,0.0223648478614295,0.0377816880533242,0.0455099285299972),
 .UNSPECIFIED.);
#263=B_SPLINE_CURVE_WITH_KNOTS('',3,(#3607,#3608,#3609,#3610,#3611,#3612,
#3613,#3614,#3615,#3616,#3617,#3618,#3619,#3620,#3621,#3622,#3623,#3624,
#3625,#3626,#3627,#3628,#3629,#3630,#3631),.UNSPECIFIED.,.F.,.F.,(4,3,3,
3,3,3,3,3,4),(0.,0.00116464897401752,0.0111408853551012,0.0213458818451261,
0.0283477036061858,0.0366892148113496,0.0450034151576425,0.0532602955429508,
0.0583822066709803),.UNSPECIFIED.);
#264=B_SPLINE_CURVE_WITH_KNOTS('',3,(#3632,#3633,#3634,#3635,#3636,#3637,
#3638,#3639,#3640,#3641),.UNSPECIFIED.,.F.,.F.,(4,3,3,4),(-80.1432297788633,
-79.5452649892708,-78.7094632604415,-78.2146425354267),.UNSPECIFIED.);
#265=B_SPLINE_CURVE_WITH_KNOTS('',3,(#3667,#3668,#3669,#3670,#3671,#3672,
#3673,#3674,#3675,#3676,#3677,#3678,#3679,#3680,#3681,#3682),
 .UNSPECIFIED.,.F.,.F.,(4,3,3,3,3,4),(0.,0.000918758355410556,0.0152219568540203,
0.0262527457019575,0.0409878286167747,0.0494260812192774),.UNSPECIFIED.);
#266=B_SPLINE_CURVE_WITH_KNOTS('',3,(#3684,#3685,#3686,#3687,#3688,#3689,
#3690,#3691,#3692,#3693),.UNSPECIFIED.,.F.,.F.,(4,3,3,4),(-83.134089136285,
-82.687434735335,-82.0030819798612,-81.5817417119561),.UNSPECIFIED.);
#267=B_SPLINE_CURVE_WITH_KNOTS('',3,(#3694,#3695,#3696,#3697,#3698,#3699,
#3700,#3701,#3702,#3703,#3704,#3705,#3706),.UNSPECIFIED.,.F.,.F.,(4,3,3,
3,4),(0.,0.0181681601558425,0.0219845117759039,0.0363545073810334,0.0455375792514694),
 .UNSPECIFIED.);
#268=B_SPLINE_CURVE_WITH_KNOTS('',3,(#3728,#3729,#3730,#3731,#3732,#3733,
#3734,#3735,#3736,#3737,#3738,#3739,#3740,#3741,#3742,#3743),
 .UNSPECIFIED.,.F.,.F.,(4,3,3,3,3,4),(0.,0.000796240158744923,0.0155891510122475,
0.0257396951035844,0.0439688057070596,0.048091375313004),.UNSPECIFIED.);
#269=B_SPLINE_CURVE_WITH_KNOTS('',3,(#3745,#3746,#3747,#3748,#3749,#3750,
#3751),.UNSPECIFIED.,.F.,.F.,(4,3,4),(-86.1944383621659,-85.511466018129,
-84.8468295481089),.UNSPECIFIED.);
#270=B_SPLINE_CURVE_WITH_KNOTS('',3,(#3752,#3753,#3754,#3755,#3756,#3757,
#3758,#3759,#3760,#3761,#3762,#3763,#3764),.UNSPECIFIED.,.F.,.F.,(4,3,3,
3,4),(0.,0.0173483421397803,0.0215984288572026,0.0344542597111527,0.0450332472347432),
 .UNSPECIFIED.);
#271=B_SPLINE_CURVE_WITH_KNOTS('',3,(#3786,#3787,#3788,#3789,#3790,#3791,
#3792,#3793,#3794,#3795,#3796,#3797,#3798),.UNSPECIFIED.,.F.,.F.,(4,3,3,
3,4),(0.00135753123432052,0.01606702854271,0.0241494374167307,0.0399138735727031,
0.0453502374927102),.UNSPECIFIED.);
#272=B_SPLINE_CURVE_WITH_KNOTS('',3,(#3800,#3801,#3802,#3803,#3804,#3805,
#3806,#3807,#3808,#3809,#3810,#3811,#3812,#3813,#3814,#3815,#3816,#3817,
#3818,#3819,#3820,#3821,#3822,#3823,#3824,#3825,#3826,#3827,#3828,#3829,
#3830,#3831,#3832,#3833,#3834,#3835,#3836,#3837,#3838,#3839,#3840,#3841,
#3842,#3843,#3844,#3845,#3846,#3847,#3848,#3849,#3850,#3851,#3852,#3853,
#3854,#3855,#3856,#3857),.UNSPECIFIED.,.F.,.F.,(4,3,3,3,3,3,3,3,3,3,3,3,
3,3,3,3,3,3,3,4),(-0.210839837512977,-0.193444597449781,-0.175916616249901,
-0.165589644457497,-0.157359000545536,-0.1543645684472,-0.137387939276815,
-0.12066580011894,-0.106983321014807,-0.10240213489258,-0.0993859330842058,
-0.0933008419106732,-0.076835905593727,-0.0602784875576493,-0.053341654506198,
-0.0501387396799008,-0.0472160173026398,-0.0311467281794962,-0.0153722172576699,
-0.00709227506076802),.UNSPECIFIED.);
#273=B_SPLINE_CURVE_WITH_KNOTS('',3,(#3858,#3859,#3860,#3861),
 .UNSPECIFIED.,.F.,.F.,(4,4),(0.,0.00984055833441705),.UNSPECIFIED.);
#274=B_SPLINE_CURVE_WITH_KNOTS('',3,(#3884,#3885,#3886,#3887,#3888,#3889,
#3890,#3891,#3892,#3893,#3894,#3895,#3896),.UNSPECIFIED.,.F.,.F.,(4,3,3,
3,4),(0.00984331920854926,0.025240358686977,0.0319068262110055,0.0326065550052599,
0.0425404386158572),.UNSPECIFIED.);
#275=B_SPLINE_CURVE_WITH_KNOTS('',3,(#3898,#3899,#3900,#3901,#3902,#3903,
#3904,#3905,#3906,#3907,#3908,#3909,#3910,#3911,#3912,#3913,#3914,#3915,
#3916,#3917,#3918,#3919,#3920,#3921,#3922,#3923,#3924,#3925,#3926,#3927,
#3928,#3929,#3930,#3931,#3932,#3933,#3934,#3935,#3936,#3937,#3938,#3939,
#3940,#3941,#3942,#3943,#3944,#3945,#3946,#3947,#3948,#3949,#3950,#3951,
#3952,#3953,#3954,#3955,#3956,#3957,#3958),.UNSPECIFIED.,.F.,.F.,(4,3,3,
3,3,3,3,3,3,3,3,3,3,3,3,3,3,3,3,3,4),(-0.279233234865159,-0.266916609258276,
-0.257677437893028,-0.252922149766407,-0.23682209415585,-0.228695418065496,
-0.22471375512932,-0.221415784947767,-0.20481177457635,-0.18813087060919,
-0.18070023001009,-0.173491810561013,-0.170520915395601,-0.153883097855458,
-0.136856270131069,-0.121325492385256,-0.117019089787366,-0.11398819257306,
-0.0964112268496051,-0.0787701524908116,-0.0747331591478193),
 .UNSPECIFIED.);
#276=B_SPLINE_CURVE_WITH_KNOTS('',3,(#3960,#3961,#3962,#3963),
 .UNSPECIFIED.,.F.,.F.,(4,4),(0.,0.00135744468202955),.UNSPECIFIED.);
#277=B_SPLINE_CURVE_WITH_KNOTS('',3,(#3964,#3965,#3966,#3967,#3968,#3969,
#3970),.UNSPECIFIED.,.F.,.F.,(4,3,4),(88.6189150378136,89.192850462338,
89.9217499807114),.UNSPECIFIED.);
#278=B_SPLINE_CURVE_WITH_KNOTS('',3,(#3973,#3974,#3975,#3976),
 .UNSPECIFIED.,.F.,.F.,(4,4),(0.37831756179412,0.394918221367828),
 .UNSPECIFIED.);
#279=B_SPLINE_CURVE_WITH_KNOTS('',3,(#3977,#3978,#3979,#3980,#3981,#3982),
 .UNSPECIFIED.,.F.,.F.,(4,2,4),(0.232762264484607,0.242888703011983,0.255383899747415),
 .UNSPECIFIED.);
#280=B_SPLINE_CURVE_WITH_KNOTS('',3,(#3984,#3985,#3986,#3987),
 .UNSPECIFIED.,.F.,.F.,(4,4),(0.0257346025505542,0.040169462340061),
 .UNSPECIFIED.);
#281=B_SPLINE_CURVE_WITH_KNOTS('',3,(#3988,#3989,#3990,#3991,#3992,#3993),
 .UNSPECIFIED.,.F.,.F.,(4,2,4),(0.596442767467257,0.609742745569963,0.613080117980301),
 .UNSPECIFIED.);
#282=B_SPLINE_CURVE_WITH_KNOTS('',3,(#3995,#3996,#3997,#3998),
 .UNSPECIFIED.,.F.,.F.,(4,4),(0.32603700977141,0.339745222812355),
 .UNSPECIFIED.);
#283=B_SPLINE_CURVE_WITH_KNOTS('',3,(#3999,#4000,#4001,#4002,#4003,#4004),
 .UNSPECIFIED.,.F.,.F.,(4,2,4),(0.300188576411778,0.304871372784981,0.314592458198148),
 .UNSPECIFIED.);
#284=LINE('',#1420,#352);
#285=LINE('',#1473,#353);
#286=LINE('',#1521,#354);
#287=LINE('',#1575,#355);
#288=LINE('',#1623,#356);
#289=LINE('',#1671,#357);
#290=LINE('',#1725,#358);
#291=LINE('',#1773,#359);
#292=LINE('',#1821,#360);
#293=LINE('',#1875,#361);
#294=LINE('',#1923,#362);
#295=LINE('',#1971,#363);
#296=LINE('',#2010,#364);
#297=LINE('',#2030,#365);
#298=LINE('',#2065,#366);
#299=LINE('',#2090,#367);
#300=LINE('',#2115,#368);
#301=LINE('',#2139,#369);
#302=LINE('',#2164,#370);
#303=LINE('',#2189,#371);
#304=LINE('',#2213,#372);
#305=LINE('',#2238,#373);
#306=LINE('',#2263,#374);
#307=LINE('',#2287,#375);
#308=LINE('',#2312,#376);
#309=LINE('',#4006,#377);
#310=LINE('',#4008,#378);
#311=LINE('',#4012,#379);
#312=LINE('',#4014,#380);
#313=LINE('',#4016,#381);
#314=LINE('',#4017,#382);
#315=LINE('',#4021,#383);
#316=LINE('',#4023,#384);
#317=LINE('',#4027,#385);
#318=LINE('',#4029,#386);
#319=LINE('',#4030,#387);
#320=LINE('',#4034,#388);
#321=LINE('',#4036,#389);
#322=LINE('',#4037,#390);
#323=LINE('',#4038,#391);
#324=LINE('',#4042,#392);
#325=LINE('',#4044,#393);
#326=LINE('',#4046,#394);
#327=LINE('',#4047,#395);
#328=LINE('',#4048,#396);
#329=LINE('',#4051,#397);
#330=LINE('',#4053,#398);
#331=LINE('',#4055,#399);
#332=LINE('',#4056,#400);
#333=LINE('',#4059,#401);
#334=LINE('',#4061,#402);
#335=LINE('',#4062,#403);
#336=LINE('',#4065,#404);
#337=LINE('',#4066,#405);
#338=LINE('',#4069,#406);
#339=LINE('',#4070,#407);
#340=LINE('',#4072,#408);
#341=LINE('',#4075,#409);
#342=LINE('',#4077,#410);
#343=LINE('',#4078,#411);
#344=LINE('',#4082,#412);
#345=LINE('',#4083,#413);
#346=LINE('',#4084,#414);
#347=LINE('',#4086,#415);
#348=LINE('',#4089,#416);
#349=LINE('',#4090,#417);
#350=LINE('',#4092,#418);
#351=LINE('',#4093,#419);
#352=VECTOR('',#1240,1.4);
#353=VECTOR('',#1243,1.4);
#354=VECTOR('',#1246,1.4);
#355=VECTOR('',#1249,1.4);
#356=VECTOR('',#1252,1.4);
#357=VECTOR('',#1255,1.4);
#358=VECTOR('',#1258,1.4);
#359=VECTOR('',#1261,1.4);
#360=VECTOR('',#1264,1.4);
#361=VECTOR('',#1267,1.4);
#362=VECTOR('',#1270,1.4);
#363=VECTOR('',#1273,1.4);
#364=VECTOR('',#1278,1.54300000000001);
#365=VECTOR('',#1281,1.54300000000001);
#366=VECTOR('',#1284,1.54300000000001);
#367=VECTOR('',#1287,1.54300000000001);
#368=VECTOR('',#1290,1.54300000000001);
#369=VECTOR('',#1293,1.54300000000001);
#370=VECTOR('',#1296,1.54300000000001);
#371=VECTOR('',#1299,1.54300000000001);
#372=VECTOR('',#1302,1.54300000000001);
#373=VECTOR('',#1305,1.54300000000001);
#374=VECTOR('',#1308,1.54300000000001);
#375=VECTOR('',#1311,1.54300000000001);
#376=VECTOR('',#1314,1.54300000000001);
#377=VECTOR('',#1335,10.);
#378=VECTOR('',#1338,10.);
#379=VECTOR('',#1341,1.);
#380=VECTOR('',#1342,1.);
#381=VECTOR('',#1343,0.5);
#382=VECTOR('',#1344,1.);
#383=VECTOR('',#1349,1.00849999999997);
#384=VECTOR('',#1350,1.00849999999997);
#385=VECTOR('',#1355,0.7);
#386=VECTOR('',#1356,0.5);
#387=VECTOR('',#1357,0.7);
#388=VECTOR('',#1360,1.65);
#389=VECTOR('',#1361,0.45);
#390=VECTOR('',#1362,1.65);
#391=VECTOR('',#1363,0.45);
#392=VECTOR('',#1366,1.65);
#393=VECTOR('',#1367,3.25);
#394=VECTOR('',#1368,0.700000000000007);
#395=VECTOR('',#1369,3.25);
#396=VECTOR('',#1370,0.5);
#397=VECTOR('',#1371,1.);
#398=VECTOR('',#1372,1.);
#399=VECTOR('',#1373,1.);
#400=VECTOR('',#1374,1.);
#401=VECTOR('',#1377,0.45085);
#402=VECTOR('',#1378,1.);
#403=VECTOR('',#1379,0.45085);
#404=VECTOR('',#1382,1.);
#405=VECTOR('',#1383,0.45085);
#406=VECTOR('',#1386,1.);
#407=VECTOR('',#1387,0.45085);
#408=VECTOR('',#1390,1.);
#409=VECTOR('',#1393,0.25);
#410=VECTOR('',#1394,0.700000000000007);
#411=VECTOR('',#1395,0.25);
#412=VECTOR('',#1398,1.);
#413=VECTOR('',#1399,3.25);
#414=VECTOR('',#1400,3.25);
#415=VECTOR('',#1403,1.);
#416=VECTOR('',#1406,0.45);
#417=VECTOR('',#1407,0.5);
#418=VECTOR('',#1410,1.65);
#419=VECTOR('',#1411,0.45);
#420=VERTEX_POINT('',#1418);
#421=VERTEX_POINT('',#1419);
#422=VERTEX_POINT('',#1421);
#423=VERTEX_POINT('',#1429);
#424=VERTEX_POINT('',#1438);
#425=VERTEX_POINT('',#1449);
#426=VERTEX_POINT('',#1471);
#427=VERTEX_POINT('',#1472);
#428=VERTEX_POINT('',#1519);
#429=VERTEX_POINT('',#1520);
#430=VERTEX_POINT('',#1573);
#431=VERTEX_POINT('',#1574);
#432=VERTEX_POINT('',#1621);
#433=VERTEX_POINT('',#1622);
#434=VERTEX_POINT('',#1669);
#435=VERTEX_POINT('',#1670);
#436=VERTEX_POINT('',#1723);
#437=VERTEX_POINT('',#1724);
#438=VERTEX_POINT('',#1771);
#439=VERTEX_POINT('',#1772);
#440=VERTEX_POINT('',#1819);
#441=VERTEX_POINT('',#1820);
#442=VERTEX_POINT('',#1873);
#443=VERTEX_POINT('',#1874);
#444=VERTEX_POINT('',#1921);
#445=VERTEX_POINT('',#1922);
#446=VERTEX_POINT('',#1969);
#447=VERTEX_POINT('',#1970);
#448=VERTEX_POINT('',#1972);
#449=VERTEX_POINT('',#1986);
#450=VERTEX_POINT('',#2008);
#451=VERTEX_POINT('',#2009);
#452=VERTEX_POINT('',#2011);
#453=VERTEX_POINT('',#2017);
#454=VERTEX_POINT('',#2028);
#455=VERTEX_POINT('',#2029);
#456=VERTEX_POINT('',#2031);
#457=VERTEX_POINT('',#2040);
#458=VERTEX_POINT('',#2063);
#459=VERTEX_POINT('',#2064);
#460=VERTEX_POINT('',#2088);
#461=VERTEX_POINT('',#2089);
#462=VERTEX_POINT('',#2113);
#463=VERTEX_POINT('',#2114);
#464=VERTEX_POINT('',#2137);
#465=VERTEX_POINT('',#2138);
#466=VERTEX_POINT('',#2162);
#467=VERTEX_POINT('',#2163);
#468=VERTEX_POINT('',#2187);
#469=VERTEX_POINT('',#2188);
#470=VERTEX_POINT('',#2211);
#471=VERTEX_POINT('',#2212);
#472=VERTEX_POINT('',#2236);
#473=VERTEX_POINT('',#2237);
#474=VERTEX_POINT('',#2261);
#475=VERTEX_POINT('',#2262);
#476=VERTEX_POINT('',#2285);
#477=VERTEX_POINT('',#2286);
#478=VERTEX_POINT('',#2310);
#479=VERTEX_POINT('',#2311);
#480=VERTEX_POINT('',#2313);
#481=VERTEX_POINT('',#2319);
#482=VERTEX_POINT('',#2808);
#483=VERTEX_POINT('',#2870);
#484=VERTEX_POINT('',#2910);
#485=VERTEX_POINT('',#2911);
#486=VERTEX_POINT('',#2970);
#487=VERTEX_POINT('',#2976);
#488=VERTEX_POINT('',#3017);
#489=VERTEX_POINT('',#3018);
#490=VERTEX_POINT('',#3041);
#491=VERTEX_POINT('',#3047);
#492=VERTEX_POINT('',#3081);
#493=VERTEX_POINT('',#3088);
#494=VERTEX_POINT('',#3100);
#495=VERTEX_POINT('',#3105);
#496=VERTEX_POINT('',#3116);
#497=VERTEX_POINT('',#3121);
#498=VERTEX_POINT('',#3592);
#499=VERTEX_POINT('',#3606);
#500=VERTEX_POINT('',#3666);
#501=VERTEX_POINT('',#3683);
#502=VERTEX_POINT('',#3727);
#503=VERTEX_POINT('',#3744);
#504=VERTEX_POINT('',#3785);
#505=VERTEX_POINT('',#3799);
#506=VERTEX_POINT('',#3882);
#507=VERTEX_POINT('',#3883);
#508=VERTEX_POINT('',#3897);
#509=VERTEX_POINT('',#3959);
#510=VERTEX_POINT('',#4010);
#511=VERTEX_POINT('',#4011);
#512=VERTEX_POINT('',#4013);
#513=VERTEX_POINT('',#4015);
#514=VERTEX_POINT('',#4019);
#515=VERTEX_POINT('',#4022);
#516=VERTEX_POINT('',#4026);
#517=VERTEX_POINT('',#4028);
#518=VERTEX_POINT('',#4032);
#519=VERTEX_POINT('',#4033);
#520=VERTEX_POINT('',#4035);
#521=VERTEX_POINT('',#4040);
#522=VERTEX_POINT('',#4041);
#523=VERTEX_POINT('',#4043);
#524=VERTEX_POINT('',#4045);
#525=VERTEX_POINT('',#4049);
#526=VERTEX_POINT('',#4050);
#527=VERTEX_POINT('',#4052);
#528=VERTEX_POINT('',#4054);
#529=VERTEX_POINT('',#4058);
#530=VERTEX_POINT('',#4060);
#531=VERTEX_POINT('',#4064);
#532=VERTEX_POINT('',#4068);
#533=VERTEX_POINT('',#4074);
#534=VERTEX_POINT('',#4076);
#535=VERTEX_POINT('',#4080);
#536=VERTEX_POINT('',#4081);
#537=VERTEX_POINT('',#4088);
#538=EDGE_CURVE('',#420,#421,#284,.T.);
#539=EDGE_CURVE('',#421,#422,#178,.T.);
#540=EDGE_CURVE('',#423,#422,#179,.F.);
#541=EDGE_CURVE('',#423,#424,#180,.T.);
#542=EDGE_CURVE('',#425,#424,#181,.F.);
#543=EDGE_CURVE('',#425,#420,#182,.T.);
#544=EDGE_CURVE('',#426,#427,#285,.T.);
#545=EDGE_CURVE('',#427,#421,#183,.T.);
#546=EDGE_CURVE('',#420,#426,#184,.T.);
#547=EDGE_CURVE('',#428,#429,#286,.T.);
#548=EDGE_CURVE('',#429,#427,#185,.T.);
#549=EDGE_CURVE('',#426,#428,#186,.T.);
#550=EDGE_CURVE('',#430,#431,#287,.T.);
#551=EDGE_CURVE('',#431,#429,#187,.T.);
#552=EDGE_CURVE('',#428,#430,#188,.T.);
#553=EDGE_CURVE('',#432,#433,#288,.T.);
#554=EDGE_CURVE('',#433,#431,#189,.T.);
#555=EDGE_CURVE('',#430,#432,#190,.T.);
#556=EDGE_CURVE('',#434,#435,#289,.T.);
#557=EDGE_CURVE('',#435,#433,#191,.T.);
#558=EDGE_CURVE('',#432,#434,#192,.T.);
#559=EDGE_CURVE('',#436,#437,#290,.T.);
#560=EDGE_CURVE('',#437,#435,#193,.T.);
#561=EDGE_CURVE('',#434,#436,#194,.T.);
#562=EDGE_CURVE('',#438,#439,#291,.T.);
#563=EDGE_CURVE('',#439,#437,#195,.T.);
#564=EDGE_CURVE('',#436,#438,#196,.T.);
#565=EDGE_CURVE('',#440,#441,#292,.T.);
#566=EDGE_CURVE('',#441,#439,#197,.T.);
#567=EDGE_CURVE('',#438,#440,#198,.T.);
#568=EDGE_CURVE('',#442,#443,#293,.T.);
#569=EDGE_CURVE('',#443,#441,#199,.T.);
#570=EDGE_CURVE('',#440,#442,#200,.T.);
#571=EDGE_CURVE('',#444,#445,#294,.T.);
#572=EDGE_CURVE('',#445,#443,#201,.T.);
#573=EDGE_CURVE('',#442,#444,#202,.T.);
#574=EDGE_CURVE('',#446,#447,#295,.T.);
#575=EDGE_CURVE('',#446,#448,#203,.T.);
#576=EDGE_CURVE('',#449,#448,#47,.F.);
#577=EDGE_CURVE('',#449,#447,#204,.T.);
#578=EDGE_CURVE('',#450,#451,#296,.T.);
#579=EDGE_CURVE('',#451,#452,#205,.T.);
#580=EDGE_CURVE('',#453,#452,#206,.T.);
#581=EDGE_CURVE('',#450,#453,#207,.T.);
#582=EDGE_CURVE('',#454,#455,#297,.T.);
#583=EDGE_CURVE('',#455,#456,#208,.T.);
#584=EDGE_CURVE('',#457,#456,#209,.T.);
#585=EDGE_CURVE('',#457,#451,#210,.T.);
#586=EDGE_CURVE('',#454,#450,#211,.T.);
#587=EDGE_CURVE('',#458,#459,#298,.T.);
#588=EDGE_CURVE('',#459,#455,#212,.T.);
#589=EDGE_CURVE('',#458,#454,#213,.T.);
#590=EDGE_CURVE('',#460,#461,#299,.T.);
#591=EDGE_CURVE('',#461,#459,#214,.T.);
#592=EDGE_CURVE('',#460,#458,#215,.T.);
#593=EDGE_CURVE('',#462,#463,#300,.T.);
#594=EDGE_CURVE('',#463,#461,#216,.T.);
#595=EDGE_CURVE('',#462,#460,#217,.T.);
#596=EDGE_CURVE('',#464,#465,#301,.T.);
#597=EDGE_CURVE('',#465,#463,#218,.T.);
#598=EDGE_CURVE('',#464,#462,#219,.T.);
#599=EDGE_CURVE('',#466,#467,#302,.T.);
#600=EDGE_CURVE('',#467,#465,#220,.T.);
#601=EDGE_CURVE('',#466,#464,#221,.T.);
#602=EDGE_CURVE('',#468,#469,#303,.T.);
#603=EDGE_CURVE('',#469,#467,#222,.T.);
#604=EDGE_CURVE('',#468,#466,#223,.T.);
#605=EDGE_CURVE('',#470,#471,#304,.T.);
#606=EDGE_CURVE('',#471,#469,#224,.T.);
#607=EDGE_CURVE('',#470,#468,#225,.T.);
#608=EDGE_CURVE('',#472,#473,#305,.T.);
#609=EDGE_CURVE('',#473,#471,#226,.T.);
#610=EDGE_CURVE('',#472,#470,#227,.T.);
#611=EDGE_CURVE('',#474,#475,#306,.T.);
#612=EDGE_CURVE('',#475,#473,#228,.T.);
#613=EDGE_CURVE('',#474,#472,#229,.T.);
#614=EDGE_CURVE('',#476,#477,#307,.T.);
#615=EDGE_CURVE('',#477,#475,#230,.T.);
#616=EDGE_CURVE('',#476,#474,#231,.T.);
#617=EDGE_CURVE('',#478,#479,#308,.T.);
#618=EDGE_CURVE('',#480,#478,#232,.T.);
#619=EDGE_CURVE('',#481,#480,#48,.T.);
#620=EDGE_CURVE('',#481,#479,#233,.T.);
#621=EDGE_CURVE('',#422,#453,#234,.T.);
#622=EDGE_CURVE('',#447,#445,#235,.T.);
#623=EDGE_CURVE('',#480,#449,#236,.T.);
#624=EDGE_CURVE('',#478,#476,#237,.T.);
#625=EDGE_CURVE('',#482,#423,#238,.T.);
#626=EDGE_CURVE('',#482,#483,#239,.T.);
#627=EDGE_CURVE('',#424,#483,#240,.T.);
#628=EDGE_CURVE('',#484,#485,#241,.T.);
#629=EDGE_CURVE('',#484,#486,#242,.T.);
#630=EDGE_CURVE('',#487,#486,#243,.T.);
#631=EDGE_CURVE('',#485,#487,#244,.T.);
#632=EDGE_CURVE('',#488,#489,#245,.T.);
#633=EDGE_CURVE('',#488,#490,#246,.T.);
#634=EDGE_CURVE('',#491,#490,#247,.T.);
#635=EDGE_CURVE('',#489,#491,#248,.T.);
#636=EDGE_CURVE('',#479,#477,#249,.T.);
#637=EDGE_CURVE('',#492,#482,#250,.T.);
#638=EDGE_CURVE('',#492,#493,#251,.T.);
#639=EDGE_CURVE('',#483,#493,#252,.T.);
#640=EDGE_CURVE('',#494,#484,#253,.T.);
#641=EDGE_CURVE('',#494,#495,#254,.T.);
#642=EDGE_CURVE('',#486,#495,#255,.T.);
#643=EDGE_CURVE('',#496,#488,#256,.T.);
#644=EDGE_CURVE('',#496,#497,#257,.T.);
#645=EDGE_CURVE('',#490,#497,#258,.T.);
#646=EDGE_CURVE('',#456,#425,#259,.T.);
#647=EDGE_CURVE('',#448,#481,#260,.T.);
#648=EDGE_CURVE('',#444,#446,#261,.T.);
#649=EDGE_CURVE('',#452,#498,#262,.T.);
#650=EDGE_CURVE('',#499,#457,#263,.T.);
#651=EDGE_CURVE('',#498,#499,#264,.T.);
#652=EDGE_CURVE('',#500,#492,#265,.T.);
#653=EDGE_CURVE('',#501,#500,#266,.T.);
#654=EDGE_CURVE('',#493,#501,#267,.T.);
#655=EDGE_CURVE('',#502,#494,#268,.T.);
#656=EDGE_CURVE('',#503,#502,#269,.T.);
#657=EDGE_CURVE('',#495,#503,#270,.T.);
#658=EDGE_CURVE('',#504,#496,#271,.T.);
#659=EDGE_CURVE('',#505,#504,#272,.T.);
#660=EDGE_CURVE('',#497,#505,#273,.T.);
#661=EDGE_CURVE('',#506,#507,#274,.T.);
#662=EDGE_CURVE('',#508,#506,#275,.T.);
#663=EDGE_CURVE('',#509,#508,#276,.T.);
#664=EDGE_CURVE('',#507,#509,#277,.T.);
#665=EDGE_CURVE('',#498,#487,#278,.F.);
#666=EDGE_CURVE('',#485,#499,#279,.F.);
#667=EDGE_CURVE('',#501,#491,#280,.F.);
#668=EDGE_CURVE('',#489,#500,#281,.F.);
#669=EDGE_CURVE('',#503,#509,#282,.F.);
#670=EDGE_CURVE('',#507,#502,#283,.F.);
#671=EDGE_CURVE('',#508,#506,#309,.T.);
#672=EDGE_CURVE('',#505,#504,#310,.T.);
#673=EDGE_CURVE('',#510,#511,#311,.T.);
#674=EDGE_CURVE('',#512,#510,#312,.T.);
#675=EDGE_CURVE('',#513,#512,#313,.T.);
#676=EDGE_CURVE('',#511,#513,#314,.T.);
#677=EDGE_CURVE('',#514,#514,#49,.T.);
#678=EDGE_CURVE('',#514,#505,#315,.T.);
#679=EDGE_CURVE('',#504,#515,#316,.T.);
#680=EDGE_CURVE('',#515,#515,#50,.T.);
#681=EDGE_CURVE('',#516,#512,#317,.T.);
#682=EDGE_CURVE('',#517,#516,#318,.T.);
#683=EDGE_CURVE('',#513,#517,#319,.T.);
#684=EDGE_CURVE('',#518,#519,#320,.T.);
#685=EDGE_CURVE('',#519,#520,#321,.T.);
#686=EDGE_CURVE('',#520,#511,#322,.T.);
#687=EDGE_CURVE('',#517,#518,#323,.T.);
#688=EDGE_CURVE('',#521,#522,#324,.T.);
#689=EDGE_CURVE('',#521,#523,#325,.T.);
#690=EDGE_CURVE('',#523,#524,#326,.T.);
#691=EDGE_CURVE('',#519,#524,#327,.T.);
#692=EDGE_CURVE('',#518,#522,#328,.T.);
#693=EDGE_CURVE('',#525,#526,#329,.T.);
#694=EDGE_CURVE('',#526,#527,#330,.T.);
#695=EDGE_CURVE('',#527,#528,#331,.T.);
#696=EDGE_CURVE('',#528,#525,#332,.T.);
#697=EDGE_CURVE('',#529,#527,#333,.T.);
#698=EDGE_CURVE('',#530,#529,#334,.T.);
#699=EDGE_CURVE('',#528,#530,#335,.T.);
#700=EDGE_CURVE('',#531,#530,#336,.T.);
#701=EDGE_CURVE('',#531,#525,#337,.T.);
#702=EDGE_CURVE('',#532,#531,#338,.T.);
#703=EDGE_CURVE('',#526,#532,#339,.T.);
#704=EDGE_CURVE('',#529,#532,#340,.T.);
#705=EDGE_CURVE('',#533,#523,#341,.T.);
#706=EDGE_CURVE('',#534,#533,#342,.T.);
#707=EDGE_CURVE('',#524,#534,#343,.T.);
#708=EDGE_CURVE('',#535,#536,#344,.T.);
#709=EDGE_CURVE('',#535,#534,#345,.T.);
#710=EDGE_CURVE('',#536,#533,#346,.T.);
#711=EDGE_CURVE('',#536,#521,#347,.T.);
#712=EDGE_CURVE('',#537,#535,#348,.T.);
#713=EDGE_CURVE('',#520,#537,#349,.T.);
#714=EDGE_CURVE('',#510,#537,#350,.T.);
#715=EDGE_CURVE('',#522,#516,#351,.T.);
#716=ORIENTED_EDGE('',*,*,#538,.T.);
#717=ORIENTED_EDGE('',*,*,#539,.T.);
#718=ORIENTED_EDGE('',*,*,#540,.F.);
#719=ORIENTED_EDGE('',*,*,#541,.T.);
#720=ORIENTED_EDGE('',*,*,#542,.F.);
#721=ORIENTED_EDGE('',*,*,#543,.T.);
#722=ORIENTED_EDGE('',*,*,#544,.T.);
#723=ORIENTED_EDGE('',*,*,#545,.T.);
#724=ORIENTED_EDGE('',*,*,#538,.F.);
#725=ORIENTED_EDGE('',*,*,#546,.T.);
#726=ORIENTED_EDGE('',*,*,#547,.T.);
#727=ORIENTED_EDGE('',*,*,#548,.T.);
#728=ORIENTED_EDGE('',*,*,#544,.F.);
#729=ORIENTED_EDGE('',*,*,#549,.T.);
#730=ORIENTED_EDGE('',*,*,#550,.T.);
#731=ORIENTED_EDGE('',*,*,#551,.T.);
#732=ORIENTED_EDGE('',*,*,#547,.F.);
#733=ORIENTED_EDGE('',*,*,#552,.T.);
#734=ORIENTED_EDGE('',*,*,#553,.T.);
#735=ORIENTED_EDGE('',*,*,#554,.T.);
#736=ORIENTED_EDGE('',*,*,#550,.F.);
#737=ORIENTED_EDGE('',*,*,#555,.T.);
#738=ORIENTED_EDGE('',*,*,#556,.T.);
#739=ORIENTED_EDGE('',*,*,#557,.T.);
#740=ORIENTED_EDGE('',*,*,#553,.F.);
#741=ORIENTED_EDGE('',*,*,#558,.T.);
#742=ORIENTED_EDGE('',*,*,#559,.T.);
#743=ORIENTED_EDGE('',*,*,#560,.T.);
#744=ORIENTED_EDGE('',*,*,#556,.F.);
#745=ORIENTED_EDGE('',*,*,#561,.T.);
#746=ORIENTED_EDGE('',*,*,#562,.T.);
#747=ORIENTED_EDGE('',*,*,#563,.T.);
#748=ORIENTED_EDGE('',*,*,#559,.F.);
#749=ORIENTED_EDGE('',*,*,#564,.T.);
#750=ORIENTED_EDGE('',*,*,#565,.T.);
#751=ORIENTED_EDGE('',*,*,#566,.T.);
#752=ORIENTED_EDGE('',*,*,#562,.F.);
#753=ORIENTED_EDGE('',*,*,#567,.T.);
#754=ORIENTED_EDGE('',*,*,#568,.T.);
#755=ORIENTED_EDGE('',*,*,#569,.T.);
#756=ORIENTED_EDGE('',*,*,#565,.F.);
#757=ORIENTED_EDGE('',*,*,#570,.T.);
#758=ORIENTED_EDGE('',*,*,#571,.T.);
#759=ORIENTED_EDGE('',*,*,#572,.T.);
#760=ORIENTED_EDGE('',*,*,#568,.F.);
#761=ORIENTED_EDGE('',*,*,#573,.T.);
#762=ORIENTED_EDGE('',*,*,#574,.F.);
#763=ORIENTED_EDGE('',*,*,#575,.T.);
#764=ORIENTED_EDGE('',*,*,#576,.F.);
#765=ORIENTED_EDGE('',*,*,#577,.T.);
#766=ORIENTED_EDGE('',*,*,#578,.T.);
#767=ORIENTED_EDGE('',*,*,#579,.T.);
#768=ORIENTED_EDGE('',*,*,#580,.F.);
#769=ORIENTED_EDGE('',*,*,#581,.F.);
#770=ORIENTED_EDGE('',*,*,#582,.T.);
#771=ORIENTED_EDGE('',*,*,#583,.T.);
#772=ORIENTED_EDGE('',*,*,#584,.F.);
#773=ORIENTED_EDGE('',*,*,#585,.T.);
#774=ORIENTED_EDGE('',*,*,#578,.F.);
#775=ORIENTED_EDGE('',*,*,#586,.F.);
#776=ORIENTED_EDGE('',*,*,#587,.T.);
#777=ORIENTED_EDGE('',*,*,#588,.T.);
#778=ORIENTED_EDGE('',*,*,#582,.F.);
#779=ORIENTED_EDGE('',*,*,#589,.F.);
#780=ORIENTED_EDGE('',*,*,#590,.T.);
#781=ORIENTED_EDGE('',*,*,#591,.T.);
#782=ORIENTED_EDGE('',*,*,#587,.F.);
#783=ORIENTED_EDGE('',*,*,#592,.F.);
#784=ORIENTED_EDGE('',*,*,#593,.T.);
#785=ORIENTED_EDGE('',*,*,#594,.T.);
#786=ORIENTED_EDGE('',*,*,#590,.F.);
#787=ORIENTED_EDGE('',*,*,#595,.F.);
#788=ORIENTED_EDGE('',*,*,#596,.T.);
#789=ORIENTED_EDGE('',*,*,#597,.T.);
#790=ORIENTED_EDGE('',*,*,#593,.F.);
#791=ORIENTED_EDGE('',*,*,#598,.F.);
#792=ORIENTED_EDGE('',*,*,#599,.T.);
#793=ORIENTED_EDGE('',*,*,#600,.T.);
#794=ORIENTED_EDGE('',*,*,#596,.F.);
#795=ORIENTED_EDGE('',*,*,#601,.F.);
#796=ORIENTED_EDGE('',*,*,#602,.T.);
#797=ORIENTED_EDGE('',*,*,#603,.T.);
#798=ORIENTED_EDGE('',*,*,#599,.F.);
#799=ORIENTED_EDGE('',*,*,#604,.F.);
#800=ORIENTED_EDGE('',*,*,#605,.T.);
#801=ORIENTED_EDGE('',*,*,#606,.T.);
#802=ORIENTED_EDGE('',*,*,#602,.F.);
#803=ORIENTED_EDGE('',*,*,#607,.F.);
#804=ORIENTED_EDGE('',*,*,#608,.T.);
#805=ORIENTED_EDGE('',*,*,#609,.T.);
#806=ORIENTED_EDGE('',*,*,#605,.F.);
#807=ORIENTED_EDGE('',*,*,#610,.F.);
#808=ORIENTED_EDGE('',*,*,#611,.T.);
#809=ORIENTED_EDGE('',*,*,#612,.T.);
#810=ORIENTED_EDGE('',*,*,#608,.F.);
#811=ORIENTED_EDGE('',*,*,#613,.F.);
#812=ORIENTED_EDGE('',*,*,#614,.T.);
#813=ORIENTED_EDGE('',*,*,#615,.T.);
#814=ORIENTED_EDGE('',*,*,#611,.F.);
#815=ORIENTED_EDGE('',*,*,#616,.F.);
#816=ORIENTED_EDGE('',*,*,#617,.F.);
#817=ORIENTED_EDGE('',*,*,#618,.F.);
#818=ORIENTED_EDGE('',*,*,#619,.F.);
#819=ORIENTED_EDGE('',*,*,#620,.T.);
#820=ORIENTED_EDGE('',*,*,#621,.F.);
#821=ORIENTED_EDGE('',*,*,#539,.F.);
#822=ORIENTED_EDGE('',*,*,#545,.F.);
#823=ORIENTED_EDGE('',*,*,#548,.F.);
#824=ORIENTED_EDGE('',*,*,#551,.F.);
#825=ORIENTED_EDGE('',*,*,#554,.F.);
#826=ORIENTED_EDGE('',*,*,#557,.F.);
#827=ORIENTED_EDGE('',*,*,#560,.F.);
#828=ORIENTED_EDGE('',*,*,#563,.F.);
#829=ORIENTED_EDGE('',*,*,#566,.F.);
#830=ORIENTED_EDGE('',*,*,#569,.F.);
#831=ORIENTED_EDGE('',*,*,#572,.F.);
#832=ORIENTED_EDGE('',*,*,#622,.F.);
#833=ORIENTED_EDGE('',*,*,#577,.F.);
#834=ORIENTED_EDGE('',*,*,#623,.F.);
#835=ORIENTED_EDGE('',*,*,#618,.T.);
#836=ORIENTED_EDGE('',*,*,#624,.T.);
#837=ORIENTED_EDGE('',*,*,#616,.T.);
#838=ORIENTED_EDGE('',*,*,#613,.T.);
#839=ORIENTED_EDGE('',*,*,#610,.T.);
#840=ORIENTED_EDGE('',*,*,#607,.T.);
#841=ORIENTED_EDGE('',*,*,#604,.T.);
#842=ORIENTED_EDGE('',*,*,#601,.T.);
#843=ORIENTED_EDGE('',*,*,#598,.T.);
#844=ORIENTED_EDGE('',*,*,#595,.T.);
#845=ORIENTED_EDGE('',*,*,#592,.T.);
#846=ORIENTED_EDGE('',*,*,#589,.T.);
#847=ORIENTED_EDGE('',*,*,#586,.T.);
#848=ORIENTED_EDGE('',*,*,#581,.T.);
#849=ORIENTED_EDGE('',*,*,#625,.F.);
#850=ORIENTED_EDGE('',*,*,#626,.T.);
#851=ORIENTED_EDGE('',*,*,#627,.F.);
#852=ORIENTED_EDGE('',*,*,#541,.F.);
#853=ORIENTED_EDGE('',*,*,#628,.F.);
#854=ORIENTED_EDGE('',*,*,#629,.T.);
#855=ORIENTED_EDGE('',*,*,#630,.F.);
#856=ORIENTED_EDGE('',*,*,#631,.F.);
#857=ORIENTED_EDGE('',*,*,#632,.F.);
#858=ORIENTED_EDGE('',*,*,#633,.T.);
#859=ORIENTED_EDGE('',*,*,#634,.F.);
#860=ORIENTED_EDGE('',*,*,#635,.F.);
#861=ORIENTED_EDGE('',*,*,#617,.T.);
#862=ORIENTED_EDGE('',*,*,#636,.T.);
#863=ORIENTED_EDGE('',*,*,#614,.F.);
#864=ORIENTED_EDGE('',*,*,#624,.F.);
#865=ORIENTED_EDGE('',*,*,#637,.F.);
#866=ORIENTED_EDGE('',*,*,#638,.T.);
#867=ORIENTED_EDGE('',*,*,#639,.F.);
#868=ORIENTED_EDGE('',*,*,#626,.F.);
#869=ORIENTED_EDGE('',*,*,#640,.F.);
#870=ORIENTED_EDGE('',*,*,#641,.T.);
#871=ORIENTED_EDGE('',*,*,#642,.F.);
#872=ORIENTED_EDGE('',*,*,#629,.F.);
#873=ORIENTED_EDGE('',*,*,#643,.F.);
#874=ORIENTED_EDGE('',*,*,#644,.T.);
#875=ORIENTED_EDGE('',*,*,#645,.F.);
#876=ORIENTED_EDGE('',*,*,#633,.F.);
#877=ORIENTED_EDGE('',*,*,#646,.F.);
#878=ORIENTED_EDGE('',*,*,#583,.F.);
#879=ORIENTED_EDGE('',*,*,#588,.F.);
#880=ORIENTED_EDGE('',*,*,#591,.F.);
#881=ORIENTED_EDGE('',*,*,#594,.F.);
#882=ORIENTED_EDGE('',*,*,#597,.F.);
#883=ORIENTED_EDGE('',*,*,#600,.F.);
#884=ORIENTED_EDGE('',*,*,#603,.F.);
#885=ORIENTED_EDGE('',*,*,#606,.F.);
#886=ORIENTED_EDGE('',*,*,#609,.F.);
#887=ORIENTED_EDGE('',*,*,#612,.F.);
#888=ORIENTED_EDGE('',*,*,#615,.F.);
#889=ORIENTED_EDGE('',*,*,#636,.F.);
#890=ORIENTED_EDGE('',*,*,#620,.F.);
#891=ORIENTED_EDGE('',*,*,#647,.F.);
#892=ORIENTED_EDGE('',*,*,#575,.F.);
#893=ORIENTED_EDGE('',*,*,#648,.F.);
#894=ORIENTED_EDGE('',*,*,#573,.F.);
#895=ORIENTED_EDGE('',*,*,#570,.F.);
#896=ORIENTED_EDGE('',*,*,#567,.F.);
#897=ORIENTED_EDGE('',*,*,#564,.F.);
#898=ORIENTED_EDGE('',*,*,#561,.F.);
#899=ORIENTED_EDGE('',*,*,#558,.F.);
#900=ORIENTED_EDGE('',*,*,#555,.F.);
#901=ORIENTED_EDGE('',*,*,#552,.F.);
#902=ORIENTED_EDGE('',*,*,#549,.F.);
#903=ORIENTED_EDGE('',*,*,#546,.F.);
#904=ORIENTED_EDGE('',*,*,#543,.F.);
#905=ORIENTED_EDGE('',*,*,#649,.F.);
#906=ORIENTED_EDGE('',*,*,#579,.F.);
#907=ORIENTED_EDGE('',*,*,#585,.F.);
#908=ORIENTED_EDGE('',*,*,#650,.F.);
#909=ORIENTED_EDGE('',*,*,#651,.F.);
#910=ORIENTED_EDGE('',*,*,#652,.F.);
#911=ORIENTED_EDGE('',*,*,#653,.F.);
#912=ORIENTED_EDGE('',*,*,#654,.F.);
#913=ORIENTED_EDGE('',*,*,#638,.F.);
#914=ORIENTED_EDGE('',*,*,#655,.F.);
#915=ORIENTED_EDGE('',*,*,#656,.F.);
#916=ORIENTED_EDGE('',*,*,#657,.F.);
#917=ORIENTED_EDGE('',*,*,#641,.F.);
#918=ORIENTED_EDGE('',*,*,#658,.F.);
#919=ORIENTED_EDGE('',*,*,#659,.F.);
#920=ORIENTED_EDGE('',*,*,#660,.F.);
#921=ORIENTED_EDGE('',*,*,#644,.F.);
#922=ORIENTED_EDGE('',*,*,#661,.F.);
#923=ORIENTED_EDGE('',*,*,#662,.F.);
#924=ORIENTED_EDGE('',*,*,#663,.F.);
#925=ORIENTED_EDGE('',*,*,#664,.F.);
#926=ORIENTED_EDGE('',*,*,#574,.T.);
#927=ORIENTED_EDGE('',*,*,#622,.T.);
#928=ORIENTED_EDGE('',*,*,#571,.F.);
#929=ORIENTED_EDGE('',*,*,#648,.T.);
#930=ORIENTED_EDGE('',*,*,#631,.T.);
#931=ORIENTED_EDGE('',*,*,#665,.F.);
#932=ORIENTED_EDGE('',*,*,#651,.T.);
#933=ORIENTED_EDGE('',*,*,#666,.F.);
#934=ORIENTED_EDGE('',*,*,#635,.T.);
#935=ORIENTED_EDGE('',*,*,#667,.F.);
#936=ORIENTED_EDGE('',*,*,#653,.T.);
#937=ORIENTED_EDGE('',*,*,#668,.F.);
#938=ORIENTED_EDGE('',*,*,#664,.T.);
#939=ORIENTED_EDGE('',*,*,#669,.F.);
#940=ORIENTED_EDGE('',*,*,#656,.T.);
#941=ORIENTED_EDGE('',*,*,#670,.F.);
#942=ORIENTED_EDGE('',*,*,#671,.F.);
#943=ORIENTED_EDGE('',*,*,#662,.T.);
#944=ORIENTED_EDGE('',*,*,#672,.F.);
#945=ORIENTED_EDGE('',*,*,#659,.T.);
#946=ORIENTED_EDGE('',*,*,#673,.F.);
#947=ORIENTED_EDGE('',*,*,#674,.F.);
#948=ORIENTED_EDGE('',*,*,#675,.F.);
#949=ORIENTED_EDGE('',*,*,#676,.F.);
#950=ORIENTED_EDGE('',*,*,#677,.F.);
#951=ORIENTED_EDGE('',*,*,#678,.T.);
#952=ORIENTED_EDGE('',*,*,#672,.T.);
#953=ORIENTED_EDGE('',*,*,#679,.T.);
#954=ORIENTED_EDGE('',*,*,#680,.F.);
#955=ORIENTED_EDGE('',*,*,#679,.F.);
#956=ORIENTED_EDGE('',*,*,#658,.T.);
#957=ORIENTED_EDGE('',*,*,#643,.T.);
#958=ORIENTED_EDGE('',*,*,#632,.T.);
#959=ORIENTED_EDGE('',*,*,#668,.T.);
#960=ORIENTED_EDGE('',*,*,#652,.T.);
#961=ORIENTED_EDGE('',*,*,#637,.T.);
#962=ORIENTED_EDGE('',*,*,#625,.T.);
#963=ORIENTED_EDGE('',*,*,#540,.T.);
#964=ORIENTED_EDGE('',*,*,#621,.T.);
#965=ORIENTED_EDGE('',*,*,#580,.T.);
#966=ORIENTED_EDGE('',*,*,#649,.T.);
#967=ORIENTED_EDGE('',*,*,#665,.T.);
#968=ORIENTED_EDGE('',*,*,#630,.T.);
#969=ORIENTED_EDGE('',*,*,#642,.T.);
#970=ORIENTED_EDGE('',*,*,#657,.T.);
#971=ORIENTED_EDGE('',*,*,#669,.T.);
#972=ORIENTED_EDGE('',*,*,#663,.T.);
#973=ORIENTED_EDGE('',*,*,#671,.T.);
#974=ORIENTED_EDGE('',*,*,#661,.T.);
#975=ORIENTED_EDGE('',*,*,#670,.T.);
#976=ORIENTED_EDGE('',*,*,#655,.T.);
#977=ORIENTED_EDGE('',*,*,#640,.T.);
#978=ORIENTED_EDGE('',*,*,#628,.T.);
#979=ORIENTED_EDGE('',*,*,#666,.T.);
#980=ORIENTED_EDGE('',*,*,#650,.T.);
#981=ORIENTED_EDGE('',*,*,#584,.T.);
#982=ORIENTED_EDGE('',*,*,#646,.T.);
#983=ORIENTED_EDGE('',*,*,#542,.T.);
#984=ORIENTED_EDGE('',*,*,#627,.T.);
#985=ORIENTED_EDGE('',*,*,#639,.T.);
#986=ORIENTED_EDGE('',*,*,#654,.T.);
#987=ORIENTED_EDGE('',*,*,#667,.T.);
#988=ORIENTED_EDGE('',*,*,#634,.T.);
#989=ORIENTED_EDGE('',*,*,#645,.T.);
#990=ORIENTED_EDGE('',*,*,#660,.T.);
#991=ORIENTED_EDGE('',*,*,#678,.F.);
#992=ORIENTED_EDGE('',*,*,#675,.T.);
#993=ORIENTED_EDGE('',*,*,#681,.F.);
#994=ORIENTED_EDGE('',*,*,#682,.F.);
#995=ORIENTED_EDGE('',*,*,#683,.F.);
#996=ORIENTED_EDGE('',*,*,#623,.T.);
#997=ORIENTED_EDGE('',*,*,#576,.T.);
#998=ORIENTED_EDGE('',*,*,#647,.T.);
#999=ORIENTED_EDGE('',*,*,#619,.T.);
#1000=ORIENTED_EDGE('',*,*,#684,.T.);
#1001=ORIENTED_EDGE('',*,*,#685,.T.);
#1002=ORIENTED_EDGE('',*,*,#686,.T.);
#1003=ORIENTED_EDGE('',*,*,#676,.T.);
#1004=ORIENTED_EDGE('',*,*,#683,.T.);
#1005=ORIENTED_EDGE('',*,*,#687,.T.);
#1006=ORIENTED_EDGE('',*,*,#680,.T.);
#1007=ORIENTED_EDGE('',*,*,#688,.F.);
#1008=ORIENTED_EDGE('',*,*,#689,.T.);
#1009=ORIENTED_EDGE('',*,*,#690,.T.);
#1010=ORIENTED_EDGE('',*,*,#691,.F.);
#1011=ORIENTED_EDGE('',*,*,#684,.F.);
#1012=ORIENTED_EDGE('',*,*,#692,.T.);
#1013=ORIENTED_EDGE('',*,*,#693,.T.);
#1014=ORIENTED_EDGE('',*,*,#694,.T.);
#1015=ORIENTED_EDGE('',*,*,#695,.T.);
#1016=ORIENTED_EDGE('',*,*,#696,.T.);
#1017=ORIENTED_EDGE('',*,*,#695,.F.);
#1018=ORIENTED_EDGE('',*,*,#697,.F.);
#1019=ORIENTED_EDGE('',*,*,#698,.F.);
#1020=ORIENTED_EDGE('',*,*,#699,.F.);
#1021=ORIENTED_EDGE('',*,*,#696,.F.);
#1022=ORIENTED_EDGE('',*,*,#699,.T.);
#1023=ORIENTED_EDGE('',*,*,#700,.F.);
#1024=ORIENTED_EDGE('',*,*,#701,.T.);
#1025=ORIENTED_EDGE('',*,*,#693,.F.);
#1026=ORIENTED_EDGE('',*,*,#701,.F.);
#1027=ORIENTED_EDGE('',*,*,#702,.F.);
#1028=ORIENTED_EDGE('',*,*,#703,.F.);
#1029=ORIENTED_EDGE('',*,*,#694,.F.);
#1030=ORIENTED_EDGE('',*,*,#703,.T.);
#1031=ORIENTED_EDGE('',*,*,#704,.F.);
#1032=ORIENTED_EDGE('',*,*,#697,.T.);
#1033=ORIENTED_EDGE('',*,*,#705,.F.);
#1034=ORIENTED_EDGE('',*,*,#706,.F.);
#1035=ORIENTED_EDGE('',*,*,#707,.F.);
#1036=ORIENTED_EDGE('',*,*,#690,.F.);
#1037=ORIENTED_EDGE('',*,*,#708,.F.);
#1038=ORIENTED_EDGE('',*,*,#709,.T.);
#1039=ORIENTED_EDGE('',*,*,#706,.T.);
#1040=ORIENTED_EDGE('',*,*,#710,.F.);
#1041=ORIENTED_EDGE('',*,*,#702,.T.);
#1042=ORIENTED_EDGE('',*,*,#700,.T.);
#1043=ORIENTED_EDGE('',*,*,#698,.T.);
#1044=ORIENTED_EDGE('',*,*,#704,.T.);
#1045=ORIENTED_EDGE('',*,*,#711,.F.);
#1046=ORIENTED_EDGE('',*,*,#710,.T.);
#1047=ORIENTED_EDGE('',*,*,#705,.T.);
#1048=ORIENTED_EDGE('',*,*,#689,.F.);
#1049=ORIENTED_EDGE('',*,*,#712,.F.);
#1050=ORIENTED_EDGE('',*,*,#713,.F.);
#1051=ORIENTED_EDGE('',*,*,#685,.F.);
#1052=ORIENTED_EDGE('',*,*,#691,.T.);
#1053=ORIENTED_EDGE('',*,*,#707,.T.);
#1054=ORIENTED_EDGE('',*,*,#709,.F.);
#1055=ORIENTED_EDGE('',*,*,#714,.T.);
#1056=ORIENTED_EDGE('',*,*,#712,.T.);
#1057=ORIENTED_EDGE('',*,*,#708,.T.);
#1058=ORIENTED_EDGE('',*,*,#711,.T.);
#1059=ORIENTED_EDGE('',*,*,#688,.T.);
#1060=ORIENTED_EDGE('',*,*,#715,.T.);
#1061=ORIENTED_EDGE('',*,*,#681,.T.);
#1062=ORIENTED_EDGE('',*,*,#674,.T.);
#1063=ORIENTED_EDGE('',*,*,#677,.T.);
#1064=ORIENTED_EDGE('',*,*,#715,.F.);
#1065=ORIENTED_EDGE('',*,*,#692,.F.);
#1066=ORIENTED_EDGE('',*,*,#687,.F.);
#1067=ORIENTED_EDGE('',*,*,#682,.T.);
#1068=ORIENTED_EDGE('',*,*,#673,.T.);
#1069=ORIENTED_EDGE('',*,*,#686,.F.);
#1070=ORIENTED_EDGE('',*,*,#713,.T.);
#1071=ORIENTED_EDGE('',*,*,#714,.F.);
#1072=CYLINDRICAL_SURFACE('',#1181,1.2645);
#1073=CYLINDRICAL_SURFACE('',#1182,1.2645);
#1074=CYLINDRICAL_SURFACE('',#1183,1.2645);
#1075=CYLINDRICAL_SURFACE('',#1184,1.2645);
#1076=CYLINDRICAL_SURFACE('',#1185,1.2645);
#1077=CYLINDRICAL_SURFACE('',#1186,1.2645);
#1078=CYLINDRICAL_SURFACE('',#1187,1.2645);
#1079=CYLINDRICAL_SURFACE('',#1188,1.2645);
#1080=CYLINDRICAL_SURFACE('',#1189,1.2645);
#1081=CYLINDRICAL_SURFACE('',#1190,1.2645);
#1082=CYLINDRICAL_SURFACE('',#1191,1.2645);
#1083=CYLINDRICAL_SURFACE('',#1192,1.2645);
#1084=CYLINDRICAL_SURFACE('',#1194,1.54300000000001);
#1085=CYLINDRICAL_SURFACE('',#1195,1.54300000000001);
#1086=CYLINDRICAL_SURFACE('',#1196,1.54300000000001);
#1087=CYLINDRICAL_SURFACE('',#1197,1.54300000000001);
#1088=CYLINDRICAL_SURFACE('',#1198,1.54300000000001);
#1089=CYLINDRICAL_SURFACE('',#1199,1.54300000000001);
#1090=CYLINDRICAL_SURFACE('',#1200,1.54300000000001);
#1091=CYLINDRICAL_SURFACE('',#1201,1.54300000000001);
#1092=CYLINDRICAL_SURFACE('',#1202,1.54300000000001);
#1093=CYLINDRICAL_SURFACE('',#1203,1.54300000000001);
#1094=CYLINDRICAL_SURFACE('',#1204,1.54300000000001);
#1095=CYLINDRICAL_SURFACE('',#1205,1.54300000000001);
#1096=CYLINDRICAL_SURFACE('',#1206,1.54300000000001);
#1097=CYLINDRICAL_SURFACE('',#1208,1.54300000000001);
#1098=CYLINDRICAL_SURFACE('',#1209,1.54300000000001);
#1099=CYLINDRICAL_SURFACE('',#1210,1.54300000000001);
#1100=CYLINDRICAL_SURFACE('',#1211,1.54300000000001);
#1101=CYLINDRICAL_SURFACE('',#1212,1.2645);
#1102=CYLINDRICAL_SURFACE('',#1213,1.2645);
#1103=CYLINDRICAL_SURFACE('',#1214,1.2645);
#1104=CYLINDRICAL_SURFACE('',#1215,1.2645);
#1105=CYLINDRICAL_SURFACE('',#1219,1.00849999999997);
#1106=ADVANCED_FACE('',(#51),#1072,.F.);
#1107=ADVANCED_FACE('',(#52),#1073,.F.);
#1108=ADVANCED_FACE('',(#53),#1074,.F.);
#1109=ADVANCED_FACE('',(#54),#1075,.F.);
#1110=ADVANCED_FACE('',(#55),#1076,.F.);
#1111=ADVANCED_FACE('',(#56),#1077,.F.);
#1112=ADVANCED_FACE('',(#57),#1078,.F.);
#1113=ADVANCED_FACE('',(#58),#1079,.F.);
#1114=ADVANCED_FACE('',(#59),#1080,.F.);
#1115=ADVANCED_FACE('',(#60),#1081,.F.);
#1116=ADVANCED_FACE('',(#61),#1082,.F.);
#1117=ADVANCED_FACE('',(#62),#1083,.F.);
#1118=ADVANCED_FACE('',(#63),#1084,.F.);
#1119=ADVANCED_FACE('',(#64),#1085,.F.);
#1120=ADVANCED_FACE('',(#65),#1086,.F.);
#1121=ADVANCED_FACE('',(#66),#1087,.F.);
#1122=ADVANCED_FACE('',(#67),#1088,.F.);
#1123=ADVANCED_FACE('',(#68),#1089,.F.);
#1124=ADVANCED_FACE('',(#69),#1090,.F.);
#1125=ADVANCED_FACE('',(#70),#1091,.F.);
#1126=ADVANCED_FACE('',(#71),#1092,.F.);
#1127=ADVANCED_FACE('',(#72),#1093,.F.);
#1128=ADVANCED_FACE('',(#73),#1094,.F.);
#1129=ADVANCED_FACE('',(#74),#1095,.F.);
#1130=ADVANCED_FACE('',(#75),#1096,.F.);
#1131=ADVANCED_FACE('',(#76),#37,.F.);
#1132=ADVANCED_FACE('',(#77),#38,.F.);
#1133=ADVANCED_FACE('',(#78),#39,.F.);
#1134=ADVANCED_FACE('',(#79),#40,.F.);
#1135=ADVANCED_FACE('',(#80),#1097,.F.);
#1136=ADVANCED_FACE('',(#81),#1098,.F.);
#1137=ADVANCED_FACE('',(#82),#1099,.F.);
#1138=ADVANCED_FACE('',(#83),#1100,.F.);
#1139=ADVANCED_FACE('',(#84),#41,.F.);
#1140=ADVANCED_FACE('',(#85),#42,.F.);
#1141=ADVANCED_FACE('',(#86),#43,.F.);
#1142=ADVANCED_FACE('',(#87),#44,.F.);
#1143=ADVANCED_FACE('',(#88),#45,.F.);
#1144=ADVANCED_FACE('',(#89),#46,.F.);
#1145=ADVANCED_FACE('',(#90),#1101,.F.);
#1146=ADVANCED_FACE('',(#91),#1102,.F.);
#1147=ADVANCED_FACE('',(#92),#1103,.F.);
#1148=ADVANCED_FACE('',(#93),#1104,.F.);
#1149=ADVANCED_FACE('',(#94),#20,.T.);
#1150=ADVANCED_FACE('',(#95),#21,.T.);
#1151=ADVANCED_FACE('',(#96),#22,.F.);
#1152=ADVANCED_FACE('',(#97),#1105,.F.);
#1153=ADVANCED_FACE('',(#98,#15),#23,.F.);
#1154=ADVANCED_FACE('',(#99,#16),#24,.T.);
#1155=ADVANCED_FACE('',(#100,#17),#25,.F.);
#1156=ADVANCED_FACE('',(#101),#26,.F.);
#1157=ADVANCED_FACE('',(#102),#27,.T.);
#1158=ADVANCED_FACE('',(#103),#28,.T.);
#1159=ADVANCED_FACE('',(#104),#29,.T.);
#1160=ADVANCED_FACE('',(#105),#30,.T.);
#1161=ADVANCED_FACE('',(#106,#18),#31,.T.);
#1162=ADVANCED_FACE('',(#107),#32,.T.);
#1163=ADVANCED_FACE('',(#108),#33,.F.);
#1164=ADVANCED_FACE('',(#109,#19),#34,.F.);
#1165=ADVANCED_FACE('',(#110),#35,.F.);
#1166=ADVANCED_FACE('',(#111),#36,.F.);
#1167=CLOSED_SHELL('',(#1106,#1107,#1108,#1109,#1110,#1111,#1112,#1113,
#1114,#1115,#1116,#1117,#1118,#1119,#1120,#1121,#1122,#1123,#1124,#1125,
#1126,#1127,#1128,#1129,#1130,#1131,#1132,#1133,#1134,#1135,#1136,#1137,
#1138,#1139,#1140,#1141,#1142,#1143,#1144,#1145,#1146,#1147,#1148,#1149,
#1150,#1151,#1152,#1153,#1154,#1155,#1156,#1157,#1158,#1159,#1160,#1161,
#1162,#1163,#1164,#1165,#1166));
#1168=DERIVED_UNIT_ELEMENT(#1170,1.);
#1169=DERIVED_UNIT_ELEMENT(#4101,-3.);
#1170=(
MASS_UNIT()
NAMED_UNIT(*)
SI_UNIT(.KILO.,.GRAM.)
);
#1171=DERIVED_UNIT((#1168,#1169));
#1172=MEASURE_REPRESENTATION_ITEM('density measure',
POSITIVE_RATIO_MEASURE(7850.),#1171);
#1173=PROPERTY_DEFINITION_REPRESENTATION(#1178,#1175);
#1174=PROPERTY_DEFINITION_REPRESENTATION(#1179,#1176);
#1175=REPRESENTATION('material name',(#1177),#4098);
#1176=REPRESENTATION('density',(#1172),#4098);
#1177=DESCRIPTIVE_REPRESENTATION_ITEM('Steel','Steel');
#1178=PROPERTY_DEFINITION('material property','material name',#4108);
#1179=PROPERTY_DEFINITION('material property','density of part',#4108);
#1180=AXIS2_PLACEMENT_3D('',#1416,#1236,#1237);
#1181=AXIS2_PLACEMENT_3D('',#1417,#1238,#1239);
#1182=AXIS2_PLACEMENT_3D('',#1470,#1241,#1242);
#1183=AXIS2_PLACEMENT_3D('',#1518,#1244,#1245);
#1184=AXIS2_PLACEMENT_3D('',#1572,#1247,#1248);
#1185=AXIS2_PLACEMENT_3D('',#1620,#1250,#1251);
#1186=AXIS2_PLACEMENT_3D('',#1668,#1253,#1254);
#1187=AXIS2_PLACEMENT_3D('',#1722,#1256,#1257);
#1188=AXIS2_PLACEMENT_3D('',#1770,#1259,#1260);
#1189=AXIS2_PLACEMENT_3D('',#1818,#1262,#1263);
#1190=AXIS2_PLACEMENT_3D('',#1872,#1265,#1266);
#1191=AXIS2_PLACEMENT_3D('',#1920,#1268,#1269);
#1192=AXIS2_PLACEMENT_3D('',#1968,#1271,#1272);
#1193=AXIS2_PLACEMENT_3D('',#1987,#1274,#1275);
#1194=AXIS2_PLACEMENT_3D('',#2007,#1276,#1277);
#1195=AXIS2_PLACEMENT_3D('',#2027,#1279,#1280);
#1196=AXIS2_PLACEMENT_3D('',#2062,#1282,#1283);
#1197=AXIS2_PLACEMENT_3D('',#2087,#1285,#1286);
#1198=AXIS2_PLACEMENT_3D('',#2112,#1288,#1289);
#1199=AXIS2_PLACEMENT_3D('',#2136,#1291,#1292);
#1200=AXIS2_PLACEMENT_3D('',#2161,#1294,#1295);
#1201=AXIS2_PLACEMENT_3D('',#2186,#1297,#1298);
#1202=AXIS2_PLACEMENT_3D('',#2210,#1300,#1301);
#1203=AXIS2_PLACEMENT_3D('',#2235,#1303,#1304);
#1204=AXIS2_PLACEMENT_3D('',#2260,#1306,#1307);
#1205=AXIS2_PLACEMENT_3D('',#2284,#1309,#1310);
#1206=AXIS2_PLACEMENT_3D('',#2309,#1312,#1313);
#1207=AXIS2_PLACEMENT_3D('',#2320,#1315,#1316);
#1208=AXIS2_PLACEMENT_3D('',#3068,#1317,#1318);
#1209=AXIS2_PLACEMENT_3D('',#3080,#1319,#1320);
#1210=AXIS2_PLACEMENT_3D('',#3099,#1321,#1322);
#1211=AXIS2_PLACEMENT_3D('',#3115,#1323,#1324);
#1212=AXIS2_PLACEMENT_3D('',#3971,#1325,#1326);
#1213=AXIS2_PLACEMENT_3D('',#3972,#1327,#1328);
#1214=AXIS2_PLACEMENT_3D('',#3983,#1329,#1330);
#1215=AXIS2_PLACEMENT_3D('',#3994,#1331,#1332);
#1216=AXIS2_PLACEMENT_3D('',#4005,#1333,#1334);
#1217=AXIS2_PLACEMENT_3D('',#4007,#1336,#1337);
#1218=AXIS2_PLACEMENT_3D('',#4009,#1339,#1340);
#1219=AXIS2_PLACEMENT_3D('',#4018,#1345,#1346);
#1220=AXIS2_PLACEMENT_3D('',#4020,#1347,#1348);
#1221=AXIS2_PLACEMENT_3D('',#4024,#1351,#1352);
#1222=AXIS2_PLACEMENT_3D('',#4025,#1353,#1354);
#1223=AXIS2_PLACEMENT_3D('',#4031,#1358,#1359);
#1224=AXIS2_PLACEMENT_3D('',#4039,#1364,#1365);
#1225=AXIS2_PLACEMENT_3D('',#4057,#1375,#1376);
#1226=AXIS2_PLACEMENT_3D('',#4063,#1380,#1381);
#1227=AXIS2_PLACEMENT_3D('',#4067,#1384,#1385);
#1228=AXIS2_PLACEMENT_3D('',#4071,#1388,#1389);
#1229=AXIS2_PLACEMENT_3D('',#4073,#1391,#1392);
#1230=AXIS2_PLACEMENT_3D('',#4079,#1396,#1397);
#1231=AXIS2_PLACEMENT_3D('',#4085,#1401,#1402);
#1232=AXIS2_PLACEMENT_3D('',#4087,#1404,#1405);
#1233=AXIS2_PLACEMENT_3D('',#4091,#1408,#1409);
#1234=AXIS2_PLACEMENT_3D('',#4094,#1412,#1413);
#1235=AXIS2_PLACEMENT_3D('',#4095,#1414,#1415);
#1236=DIRECTION('axis',(0.,0.,1.));
#1237=DIRECTION('refdir',(1.,0.,0.));
#1238=DIRECTION('center_axis',(0.,0.,-1.));
#1239=DIRECTION('ref_axis',(-0.535945099963053,-0.844252835248774,0.));
#1240=DIRECTION('',(0.,0.,-1.));
#1241=DIRECTION('center_axis',(0.,0.,-1.));
#1242=DIRECTION('ref_axis',(-1.,0.,0.));
#1243=DIRECTION('',(0.,0.,-1.));
#1244=DIRECTION('center_axis',(0.,0.,-1.));
#1245=DIRECTION('ref_axis',(-1.,0.,0.));
#1246=DIRECTION('',(0.,0.,-1.));
#1247=DIRECTION('center_axis',(0.,0.,-1.));
#1248=DIRECTION('ref_axis',(-1.,0.,0.));
#1249=DIRECTION('',(0.,0.,-1.));
#1250=DIRECTION('center_axis',(0.,0.,-1.));
#1251=DIRECTION('ref_axis',(-1.,0.,0.));
#1252=DIRECTION('',(0.,0.,-1.));
#1253=DIRECTION('center_axis',(0.,0.,-1.));
#1254=DIRECTION('ref_axis',(-1.,0.,0.));
#1255=DIRECTION('',(0.,0.,-1.));
#1256=DIRECTION('center_axis',(0.,0.,-1.));
#1257=DIRECTION('ref_axis',(-1.,0.,0.));
#1258=DIRECTION('',(0.,0.,-1.));
#1259=DIRECTION('center_axis',(0.,0.,-1.));
#1260=DIRECTION('ref_axis',(-1.,0.,0.));
#1261=DIRECTION('',(0.,0.,-1.));
#1262=DIRECTION('center_axis',(0.,0.,-1.));
#1263=DIRECTION('ref_axis',(-1.,0.,0.));
#1264=DIRECTION('',(0.,0.,-1.));
#1265=DIRECTION('center_axis',(0.,0.,-1.));
#1266=DIRECTION('ref_axis',(-1.,0.,0.));
#1267=DIRECTION('',(0.,0.,-1.));
#1268=DIRECTION('center_axis',(0.,0.,-1.));
#1269=DIRECTION('ref_axis',(-1.,0.,0.));
#1270=DIRECTION('',(0.,0.,-1.));
#1271=DIRECTION('center_axis',(0.,0.,-1.));
#1272=DIRECTION('ref_axis',(-0.937373102058905,0.348326954938124,0.));
#1273=DIRECTION('',(0.,0.,-1.));
#1274=DIRECTION('center_axis',(0.,3.44509284839767E-16,1.));
#1275=DIRECTION('ref_axis',(-1.,0.,0.));
#1276=DIRECTION('center_axis',(0.,0.,-1.));
#1277=DIRECTION('ref_axis',(-1.,8.05865060000111E-14,0.));
#1278=DIRECTION('',(-1.22464679914735E-16,9.88399826056487E-30,-1.));
#1279=DIRECTION('center_axis',(0.,0.,-1.));
#1280=DIRECTION('ref_axis',(-1.,8.05865060000111E-14,0.));
#1281=DIRECTION('',(-1.22464679914735E-16,9.88399826056487E-30,-1.));
#1282=DIRECTION('center_axis',(0.,0.,-1.));
#1283=DIRECTION('ref_axis',(-1.,8.05865060000111E-14,0.));
#1284=DIRECTION('',(-1.22464679914735E-16,9.88399826056487E-30,-1.));
#1285=DIRECTION('center_axis',(0.,0.,-1.));
#1286=DIRECTION('ref_axis',(-1.,8.05865060000111E-14,0.));
#1287=DIRECTION('',(-1.22464679914735E-16,9.88399826056487E-30,-1.));
#1288=DIRECTION('center_axis',(0.,0.,-1.));
#1289=DIRECTION('ref_axis',(-1.,8.05865060000111E-14,0.));
#1290=DIRECTION('',(-1.22464679914735E-16,9.88399826056487E-30,-1.));
#1291=DIRECTION('center_axis',(0.,0.,-1.));
#1292=DIRECTION('ref_axis',(-1.,8.05865060000111E-14,0.));
#1293=DIRECTION('',(-1.22464679914735E-16,9.88399826056487E-30,-1.));
#1294=DIRECTION('center_axis',(0.,0.,-1.));
#1295=DIRECTION('ref_axis',(-1.,8.05865060000111E-14,0.));
#1296=DIRECTION('',(-1.22464679914735E-16,9.88399826056487E-30,-1.));
#1297=DIRECTION('center_axis',(0.,0.,-1.));
#1298=DIRECTION('ref_axis',(-1.,8.05865060000111E-14,0.));
#1299=DIRECTION('',(-1.22464679914735E-16,9.88399826056487E-30,-1.));
#1300=DIRECTION('center_axis',(0.,0.,-1.));
#1301=DIRECTION('ref_axis',(-1.,8.05865060000111E-14,0.));
#1302=DIRECTION('',(-1.22464679914735E-16,9.88399826056487E-30,-1.));
#1303=DIRECTION('center_axis',(0.,0.,-1.));
#1304=DIRECTION('ref_axis',(-1.,8.05865060000111E-14,0.));
#1305=DIRECTION('',(-1.22464679914735E-16,9.88399826056487E-30,-1.));
#1306=DIRECTION('center_axis',(0.,0.,-1.));
#1307=DIRECTION('ref_axis',(-1.,8.05865060000111E-14,0.));
#1308=DIRECTION('',(-1.22464679914735E-16,9.88399826056487E-30,-1.));
#1309=DIRECTION('center_axis',(0.,0.,-1.));
#1310=DIRECTION('ref_axis',(-1.,8.05865060000111E-14,0.));
#1311=DIRECTION('',(-1.22464679914735E-16,9.88399826056487E-30,-1.));
#1312=DIRECTION('center_axis',(0.,0.,-1.));
#1313=DIRECTION('ref_axis',(0.609178531090063,0.793033112334506,0.));
#1314=DIRECTION('',(-1.22464679914735E-16,9.88399826056487E-30,-1.));
#1315=DIRECTION('center_axis',(0.,-3.44509284839767E-16,-1.));
#1316=DIRECTION('ref_axis',(-1.,8.05865060000111E-14,0.));
#1317=DIRECTION('center_axis',(0.,0.,-1.));
#1318=DIRECTION('ref_axis',(-1.,8.05865060000111E-14,0.));
#1319=DIRECTION('center_axis',(0.,0.,-1.));
#1320=DIRECTION('ref_axis',(-1.,8.05865060000111E-14,0.));
#1321=DIRECTION('center_axis',(0.,0.,-1.));
#1322=DIRECTION('ref_axis',(0.99966772951428,0.0257765507344183,0.));
#1323=DIRECTION('center_axis',(0.,0.,-1.));
#1324=DIRECTION('ref_axis',(-1.,8.05865060000111E-14,0.));
#1325=DIRECTION('center_axis',(0.,0.,-1.));
#1326=DIRECTION('ref_axis',(-1.,0.,0.));
#1327=DIRECTION('center_axis',(0.,0.,-1.));
#1328=DIRECTION('ref_axis',(0.997417060191426,0.0718276272689925,0.));
#1329=DIRECTION('center_axis',(0.,0.,-1.));
#1330=DIRECTION('ref_axis',(-1.,0.,0.));
#1331=DIRECTION('center_axis',(0.,0.,-1.));
#1332=DIRECTION('ref_axis',(0.9999105287003,0.0133766436106469,0.));
#1333=DIRECTION('center_axis',(0.,0.,1.));
#1334=DIRECTION('ref_axis',(-1.,0.,0.));
#1335=DIRECTION('',(0.,1.,-2.30086397816359E-16));
#1336=DIRECTION('center_axis',(0.,0.,1.));
#1337=DIRECTION('ref_axis',(-1.,0.,0.));
#1338=DIRECTION('',(0.,-1.,2.30086397816359E-16));
#1339=DIRECTION('center_axis',(-1.,0.,0.));
#1340=DIRECTION('ref_axis',(0.,0.,1.));
#1341=DIRECTION('',(0.,-1.,2.77153710886662E-16));
#1342=DIRECTION('',(0.,-2.52660774903715E-16,-1.));
#1343=DIRECTION('',(0.,1.,-3.44509284839767E-16));
#1344=DIRECTION('',(0.,2.52660774903715E-16,1.));
#1345=DIRECTION('center_axis',(0.,-1.,2.30086397816359E-16));
#1346=DIRECTION('ref_axis',(1.,0.,0.));
#1347=DIRECTION('center_axis',(0.,-1.,2.52660774903715E-16));
#1348=DIRECTION('ref_axis',(1.,0.,0.));
#1349=DIRECTION('',(0.,-1.,2.30086397816359E-16));
#1350=DIRECTION('',(0.,-1.,2.30086397816359E-16));
#1351=DIRECTION('center_axis',(0.,1.,-2.52660774903715E-16));
#1352=DIRECTION('ref_axis',(1.,0.,0.));
#1353=DIRECTION('center_axis',(0.,-3.44509284839767E-16,-1.));
#1354=DIRECTION('ref_axis',(-1.,0.,0.));
#1355=DIRECTION('',(1.,0.,0.));
#1356=DIRECTION('',(0.,1.,-3.44509284839767E-16));
#1357=DIRECTION('',(-1.,0.,0.));
#1358=DIRECTION('center_axis',(0.,-1.,2.90080538210995E-16));
#1359=DIRECTION('ref_axis',(0.,-2.90080538210995E-16,-1.));
#1360=DIRECTION('',(1.,0.,0.));
#1361=DIRECTION('',(0.,2.90080538210995E-16,1.));
#1362=DIRECTION('',(-1.,0.,0.));
#1363=DIRECTION('',(0.,-2.90080538210995E-16,-1.));
#1364=DIRECTION('center_axis',(0.,2.77153710886662E-16,1.));
#1365=DIRECTION('ref_axis',(1.,0.,0.));
#1366=DIRECTION('',(-1.,0.,0.));
#1367=DIRECTION('',(0.,1.,-2.26754784921752E-16));
#1368=DIRECTION('',(1.,0.,0.));
#1369=DIRECTION('',(0.,1.,-2.26754784921752E-16));
#1370=DIRECTION('',(0.,1.,-2.77153710886662E-16));
#1371=DIRECTION('',(-1.,0.,0.));
#1372=DIRECTION('',(0.,-1.,2.26754784921752E-16));
#1373=DIRECTION('',(1.,0.,0.));
#1374=DIRECTION('',(0.,1.,-2.26754784921752E-16));
#1375=DIRECTION('center_axis',(0.,-1.,5.88512573825333E-16));
#1376=DIRECTION('ref_axis',(0.,-5.88512573825334E-16,-1.));
#1377=DIRECTION('',(0.,-5.88512573825333E-16,-1.));
#1378=DIRECTION('',(-1.,0.,0.));
#1379=DIRECTION('',(0.,5.88512573825333E-16,1.));
#1380=DIRECTION('center_axis',(-1.,0.,0.));
#1381=DIRECTION('ref_axis',(0.,0.,1.));
#1382=DIRECTION('',(0.,-1.,2.26754784921752E-16));
#1383=DIRECTION('',(0.,-5.88512573825333E-16,-1.));
#1384=DIRECTION('center_axis',(0.,-1.,5.88512573825333E-16));
#1385=DIRECTION('ref_axis',(0.,-5.88512573825334E-16,-1.));
#1386=DIRECTION('',(1.,0.,0.));
#1387=DIRECTION('',(0.,5.88512573825333E-16,1.));
#1388=DIRECTION('center_axis',(1.,0.,0.));
#1389=DIRECTION('ref_axis',(0.,0.,-1.));
#1390=DIRECTION('',(0.,1.,-2.26754784921752E-16));
#1391=DIRECTION('center_axis',(0.,1.,-1.01806502437081E-15));
#1392=DIRECTION('ref_axis',(0.,1.01806502437081E-15,1.));
#1393=DIRECTION('',(0.,-1.01806502437081E-15,-1.));
#1394=DIRECTION('',(-1.,0.,0.));
#1395=DIRECTION('',(0.,1.01806502437081E-15,1.));
#1396=DIRECTION('center_axis',(0.,2.26754784921752E-16,1.));
#1397=DIRECTION('ref_axis',(1.,0.,0.));
#1398=DIRECTION('',(-1.,0.,0.));
#1399=DIRECTION('',(0.,1.,-2.26754784921752E-16));
#1400=DIRECTION('',(0.,1.,-2.26754784921752E-16));
#1401=DIRECTION('center_axis',(-1.,0.,0.));
#1402=DIRECTION('ref_axis',(0.,0.,1.));
#1403=DIRECTION('',(0.,-2.90080538210995E-16,-1.));
#1404=DIRECTION('center_axis',(-1.,0.,0.));
#1405=DIRECTION('ref_axis',(0.,0.,1.));
#1406=DIRECTION('',(0.,-2.90080538210995E-16,-1.));
#1407=DIRECTION('',(0.,1.,-2.77153710886662E-16));
#1408=DIRECTION('center_axis',(0.,-1.,2.90080538210995E-16));
#1409=DIRECTION('ref_axis',(0.,-2.90080538210995E-16,-1.));
#1410=DIRECTION('',(1.,0.,0.));
#1411=DIRECTION('',(0.,2.90080538210995E-16,1.));
#1412=DIRECTION('center_axis',(1.,0.,0.));
#1413=DIRECTION('ref_axis',(0.,0.,-1.));
#1414=DIRECTION('center_axis',(0.,-2.77153710886662E-16,-1.));
#1415=DIRECTION('ref_axis',(-1.,0.,0.));
#1416=CARTESIAN_POINT('',(0.,0.,0.));
#1417=CARTESIAN_POINT('Origin',(-36.,10.,20.));
#1418=CARTESIAN_POINT('',(-34.7371383145287,10.0006855708159,14.1934196736194));
#1419=CARTESIAN_POINT('',(-34.7368078701473,9.9986329746267,14.0565803263806));
#1420=CARTESIAN_POINT('',(-34.7355,10.,20.));
#1421=CARTESIAN_POINT('',(-35.6690545083647,8.77957575754729,13.9526527864685));
#1422=CARTESIAN_POINT('Ctrl Pts',(-34.7368078701473,9.9986329746267,14.0565803263806));
#1423=CARTESIAN_POINT('Ctrl Pts',(-34.7358619161523,9.86413296561089,14.0481324935133));
#1424=CARTESIAN_POINT('Ctrl Pts',(-34.7556660691629,9.72999135447343,14.039684660646));
#1425=CARTESIAN_POINT('Ctrl Pts',(-34.7974156511098,9.60325600227674,14.0312368277787));
#1426=CARTESIAN_POINT('Ctrl Pts',(-34.9268709770666,9.21028041871931,14.0050421473419));
#1427=CARTESIAN_POINT('Ctrl Pts',(-35.2673249433608,8.88851376760143,13.9788474669052));
#1428=CARTESIAN_POINT('Ctrl Pts',(-35.6690545083647,8.77957575754728,13.9526527864685));
#1429=CARTESIAN_POINT('',(-36.4497918211715,8.81820155372956,13.9026403312544));
#1430=CARTESIAN_POINT('Ctrl Pts',(-35.6690545083647,8.77957575754729,13.9526527864685));
#1431=CARTESIAN_POINT('Ctrl Pts',(-35.7750874971893,8.75082252699398,13.9894879693542));
#1432=CARTESIAN_POINT('Ctrl Pts',(-35.8892518087485,8.73550000000001,14.0085));
#1433=CARTESIAN_POINT('Ctrl Pts',(-36.1335376194289,8.73550000000001,14.0085));
#1434=CARTESIAN_POINT('Ctrl Pts',(-36.2717763363948,8.75821849260138,13.9804343968698));
#1435=CARTESIAN_POINT('Ctrl Pts',(-36.4138135792592,8.80497003429435,13.9199095601543));
#1436=CARTESIAN_POINT('Ctrl Pts',(-36.4319779986233,8.81142162292895,13.9115170802857));
#1437=CARTESIAN_POINT('Ctrl Pts',(-36.4497918211715,8.81820155372957,13.9026403312545));
#1438=CARTESIAN_POINT('',(-36.6978100057005,11.0545187780675,13.7280997079269));
#1439=CARTESIAN_POINT('Ctrl Pts',(-36.4497918211715,8.81820155372957,13.9026403312544));
#1440=CARTESIAN_POINT('Ctrl Pts',(-36.7395274697196,8.92847477792445,13.8831307182566));
#1441=CARTESIAN_POINT('Ctrl Pts',(-36.9862500989313,9.14966259492822,13.8636211052588));
#1442=CARTESIAN_POINT('Ctrl Pts',(-37.1268216457055,9.42532950559379,13.8441114922609));
#1443=CARTESIAN_POINT('Ctrl Pts',(-37.2673931924798,9.70099641625937,13.8246018792631));
#1444=CARTESIAN_POINT('Ctrl Pts',(-37.3018136568164,10.0311424205867,13.8050922662653));
#1445=CARTESIAN_POINT('Ctrl Pts',(-37.2211282599339,10.3298772061881,13.7855826532674));
#1446=CARTESIAN_POINT('Ctrl Pts',(-37.1418846880719,10.6232736864077,13.7664216714873));
#1447=CARTESIAN_POINT('Ctrl Pts',(-36.9516123164102,10.8863715364928,13.7472606897071));
#1448=CARTESIAN_POINT('Ctrl Pts',(-36.6978100057005,11.0545187780675,13.7280997079269));
#1449=CARTESIAN_POINT('',(-36.5370414574014,11.1432736212125,13.8533541719737));
#1450=CARTESIAN_POINT('Ctrl Pts',(-36.6978130590037,11.0545222542383,13.7280997079273));
#1451=CARTESIAN_POINT('Ctrl Pts',(-36.6506601737204,11.0857249140098,13.7732911820649));
#1452=CARTESIAN_POINT('Ctrl Pts',(-36.5967954310228,11.116733184614,13.8159812332846));
#1453=CARTESIAN_POINT('Ctrl Pts',(-36.5374559583584,11.1445965851884,13.8533541719737));
#1454=CARTESIAN_POINT('Ctrl Pts',(-36.5367763475171,11.1424274691818,13.8533541719737));
#1455=CARTESIAN_POINT('Ctrl Pts',(-36.796777443414,11.0184684961744,13.8714563486937));
#1456=CARTESIAN_POINT('Ctrl Pts',(-37.0164505106213,10.8078627065453,13.8895585254137));
#1457=CARTESIAN_POINT('Ctrl Pts',(-37.140564022737,10.5503304332628,13.9076607021337));
#1458=CARTESIAN_POINT('Ctrl Pts',(-37.3213898111698,10.1751216782338,13.9340344653279));
#1459=CARTESIAN_POINT('Ctrl Pts',(-37.2993741417328,9.70030345612579,13.9604082285221));
#1460=CARTESIAN_POINT('Ctrl Pts',(-37.0832859491762,9.34333959837778,13.9867819917164));
#1461=CARTESIAN_POINT('Ctrl Pts',(-36.8671977566196,8.98637574062976,14.0131557549106));
#1462=CARTESIAN_POINT('Ctrl Pts',(-36.4570370409433,8.74726624724168,14.0395295181048));
#1463=CARTESIAN_POINT('Ctrl Pts',(-36.0399624411655,8.73415943024338,14.065903281299));
#1464=CARTESIAN_POINT('Ctrl Pts',(-35.6228878413876,8.72105261324508,14.0922770444933));
#1465=CARTESIAN_POINT('Ctrl Pts',(-35.1988993575082,8.93394847263655,14.1186508076875));
#1466=CARTESIAN_POINT('Ctrl Pts',(-34.960570150306,9.27630795388487,14.1450245708817));
#1467=CARTESIAN_POINT('Ctrl Pts',(-34.8147943859223,9.48571457953042,14.1611562717943));
#1468=CARTESIAN_POINT('Ctrl Pts',(-34.7384783005772,9.74355671447174,14.1772879727068));
#1469=CARTESIAN_POINT('Ctrl Pts',(-34.7371383145287,10.0006855708159,14.1934196736194));
#1470=CARTESIAN_POINT('Origin',(-36.,10.,20.));
#1471=CARTESIAN_POINT('',(-34.7336968011138,10.0005081342457,14.6934196736194));
#1472=CARTESIAN_POINT('',(-34.7364283729333,10.0009836184843,14.5565803263806));
#1473=CARTESIAN_POINT('',(-34.7355,10.,20.));
#1474=CARTESIAN_POINT('Ctrl Pts',(-34.7364283729333,10.0009836184843,14.5565803263806));
#1475=CARTESIAN_POINT('Ctrl Pts',(-34.7385721147697,9.71534513633737,14.5386339094669));
#1476=CARTESIAN_POINT('Ctrl Pts',(-34.8347118594704,9.42840099096258,14.5206874925532));
#1477=CARTESIAN_POINT('Ctrl Pts',(-35.012481135078,9.20701836231208,14.5027410756395));
#1478=CARTESIAN_POINT('Ctrl Pts',(-35.2719540643205,8.88388716349814,14.4765463952028));
#1479=CARTESIAN_POINT('Ctrl Pts',(-35.705334370546,8.70043129146704,14.450351714766));
#1480=CARTESIAN_POINT('Ctrl Pts',(-36.1179635405881,8.73902249201069,14.4241570343293));
#1481=CARTESIAN_POINT('Ctrl Pts',(-36.5305927106303,8.77761369255435,14.3979623538926));
#1482=CARTESIAN_POINT('Ctrl Pts',(-36.9224707444891,9.03825196567276,14.3717676734559));
#1483=CARTESIAN_POINT('Ctrl Pts',(-37.1174906980147,9.40393432250909,14.3455729930192));
#1484=CARTESIAN_POINT('Ctrl Pts',(-37.3125106515403,9.76961667934543,14.3193783125825));
#1485=CARTESIAN_POINT('Ctrl Pts',(-37.3106725247327,10.2403431198997,14.2931836321458));
#1486=CARTESIAN_POINT('Ctrl Pts',(-37.1129232413211,10.6044792738456,14.2669889517091));
#1487=CARTESIAN_POINT('Ctrl Pts',(-36.9151739579096,10.9686154277915,14.2407942712723));
#1488=CARTESIAN_POINT('Ctrl Pts',(-36.521513517894,11.2261612951291,14.2145995908356));
#1489=CARTESIAN_POINT('Ctrl Pts',(-36.1085489438922,11.2617498046915,14.1884049103989));
#1490=CARTESIAN_POINT('Ctrl Pts',(-35.6955843698903,11.2973383142538,14.1622102299622));
#1491=CARTESIAN_POINT('Ctrl Pts',(-35.2633156619022,11.110969466041,14.1360155495255));
#1492=CARTESIAN_POINT('Ctrl Pts',(-35.0064096507178,10.7856927839361,14.1098208690888));
#1493=CARTESIAN_POINT('Ctrl Pts',(-34.8323563030862,10.5653184331535,14.0920740215194));
#1494=CARTESIAN_POINT('Ctrl Pts',(-34.73879509002,10.2811848664052,14.07432717395));
#1495=CARTESIAN_POINT('Ctrl Pts',(-34.7368078701473,9.9986329746267,14.0565803263806));
#1496=CARTESIAN_POINT('Ctrl Pts',(-34.7371383145287,10.0006855708159,14.1934196736194));
#1497=CARTESIAN_POINT('Ctrl Pts',(-34.7362875536176,10.1639374049134,14.2036617359011));
#1498=CARTESIAN_POINT('Ctrl Pts',(-34.7656597769052,10.3269017152804,14.2139037981827));
#1499=CARTESIAN_POINT('Ctrl Pts',(-34.8266668036368,10.4769998365183,14.2241458604644));
#1500=CARTESIAN_POINT('Ctrl Pts',(-34.9837625946946,10.8635091347983,14.2505196236586));
#1501=CARTESIAN_POINT('Ctrl Pts',(-35.3506241073351,11.1647046282532,14.2768933868529));
#1502=CARTESIAN_POINT('Ctrl Pts',(-35.7602973540828,11.2436553442195,14.3032671500471));
#1503=CARTESIAN_POINT('Ctrl Pts',(-36.1699706008305,11.3226060601859,14.3296409132413));
#1504=CARTESIAN_POINT('Ctrl Pts',(-36.6224555816853,11.1793119986638,14.3560146764355));
#1505=CARTESIAN_POINT('Ctrl Pts',(-36.9119627107578,10.8789157429285,14.3823884396298));
#1506=CARTESIAN_POINT('Ctrl Pts',(-37.2014698398302,10.5785194871932,14.408762202824));
#1507=CARTESIAN_POINT('Ctrl Pts',(-37.3279991171202,10.1210210372446,14.4351359660182));
#1508=CARTESIAN_POINT('Ctrl Pts',(-37.2339752298825,9.71454858949519,14.4615097292124));
#1509=CARTESIAN_POINT('Ctrl Pts',(-37.1399513426449,9.30807614174579,14.4878834924067));
#1510=CARTESIAN_POINT('Ctrl Pts',(-36.8253742908797,8.95262969619554,14.5142572556009));
#1511=CARTESIAN_POINT('Ctrl Pts',(-36.4333495771971,8.80988557842473,14.5406310187951));
#1512=CARTESIAN_POINT('Ctrl Pts',(-36.0413248635146,8.66714146065392,14.5670047819893));
#1513=CARTESIAN_POINT('Ctrl Pts',(-35.5718524879146,8.73709967066254,14.5933785451836));
#1514=CARTESIAN_POINT('Ctrl Pts',(-35.2384823925971,8.98794257583064,14.6197523083778));
#1515=CARTESIAN_POINT('Ctrl Pts',(-34.9280918933784,9.22149458200687,14.6443080967917));
#1516=CARTESIAN_POINT('Ctrl Pts',(-34.7356869823369,9.61185356530621,14.6688638852055));
#1517=CARTESIAN_POINT('Ctrl Pts',(-34.7336968011138,10.0005081342457,14.6934196736194));
#1518=CARTESIAN_POINT('Origin',(-36.,10.,20.));
#1519=CARTESIAN_POINT('',(-34.7357054277161,9.99886547045421,15.1934196736194));
#1520=CARTESIAN_POINT('',(-34.733627286895,9.9996532823517,15.0565803263806));
#1521=CARTESIAN_POINT('',(-34.7355,10.,20.));
#1522=CARTESIAN_POINT('Ctrl Pts',(-34.733627286895,9.9996532823517,15.0565803263806));
#1523=CARTESIAN_POINT('Ctrl Pts',(-34.733554031944,9.97986694490857,15.0553300058572));
#1524=CARTESIAN_POINT('Ctrl Pts',(-34.7339784692436,9.96008381507686,15.0540796853338));
#1525=CARTESIAN_POINT('Ctrl Pts',(-34.7349105297175,9.94032462992189,15.0528293648104));
#1526=CARTESIAN_POINT('Ctrl Pts',(-34.7544375436346,9.52636234493624,15.0266346843737));
#1527=CARTESIAN_POINT('Ctrl Pts',(-34.9967695560983,9.12290981193507,15.000440003937));
#1528=CARTESIAN_POINT('Ctrl Pts',(-35.3530422008324,8.9112125262859,14.9742453235003));
#1529=CARTESIAN_POINT('Ctrl Pts',(-35.7093148455666,8.69951524063674,14.9480506430636));
#1530=CARTESIAN_POINT('Ctrl Pts',(-36.1795281225712,8.67957320233956,14.9218559626269));
#1531=CARTESIAN_POINT('Ctrl Pts',(-36.5524461628015,8.86034434085275,14.8956612821902));
#1532=CARTESIAN_POINT('Ctrl Pts',(-36.9253642030318,9.04111547936594,14.8694666017534));
#1533=CARTESIAN_POINT('Ctrl Pts',(-37.2009870064878,9.4225997946895,14.8432719213167));
#1534=CARTESIAN_POINT('Ctrl Pts',(-37.255494026766,9.83342251903893,14.81707724088));
#1535=CARTESIAN_POINT('Ctrl Pts',(-37.3100010470442,10.2442452433884,14.7908825604433));
#1536=CARTESIAN_POINT('Ctrl Pts',(-37.1433922841446,10.6844063767637,14.7646878800066));
#1537=CARTESIAN_POINT('Ctrl Pts',(-36.8305163500847,10.956167135559,14.7384931995699));
#1538=CARTESIAN_POINT('Ctrl Pts',(-36.5176404160247,11.2279278943543,14.7122985191332));
#1539=CARTESIAN_POINT('Ctrl Pts',(-36.0584973108043,11.3312882785696,14.6861038386965));
#1540=CARTESIAN_POINT('Ctrl Pts',(-35.6593462408162,11.2198207955997,14.6599091582597));
#1541=CARTESIAN_POINT('Ctrl Pts',(-35.2601951708281,11.1083533126298,14.633714477823));
#1542=CARTESIAN_POINT('Ctrl Pts',(-34.9210361360722,10.7820579624747,14.6075197973863));
#1543=CARTESIAN_POINT('Ctrl Pts',(-34.794239394824,10.3875070245987,14.5813251169496));
#1544=CARTESIAN_POINT('Ctrl Pts',(-34.7543132373662,10.263269581935,14.5730768534266));
#1545=CARTESIAN_POINT('Ctrl Pts',(-34.7354430983977,10.1322645022613,14.5648285899036));
#1546=CARTESIAN_POINT('Ctrl Pts',(-34.7364283729333,10.0009836184843,14.5565803263806));
#1547=CARTESIAN_POINT('Ctrl Pts',(-34.7336968011138,10.0005081342457,14.6934196736194));
#1548=CARTESIAN_POINT('Ctrl Pts',(-34.7335494591018,10.0292819692655,14.6952376483998));
#1549=CARTESIAN_POINT('Ctrl Pts',(-34.7344457997883,10.0580464622151,14.6970556231801));
#1550=CARTESIAN_POINT('Ctrl Pts',(-34.7364152142337,10.0867372906718,14.6988735979605));
#1551=CARTESIAN_POINT('Ctrl Pts',(-34.7649859462232,10.5029615000174,14.7252473611547));
#1552=CARTESIAN_POINT('Ctrl Pts',(-35.0193952252374,10.9036823183808,14.7516211243489));
#1553=CARTESIAN_POINT('Ctrl Pts',(-35.3839153581012,11.1066200571377,14.7779948875432));
#1554=CARTESIAN_POINT('Ctrl Pts',(-35.7484354909649,11.3095577958946,14.8043686507374));
#1555=CARTESIAN_POINT('Ctrl Pts',(-36.2230664776781,11.3147124550449,14.8307424139316));
#1556=CARTESIAN_POINT('Ctrl Pts',(-36.5919074862633,11.1197385944976,14.8571161771258));
#1557=CARTESIAN_POINT('Ctrl Pts',(-36.9607484948485,10.9247647339503,14.8834899403201));
#1558=CARTESIAN_POINT('Ctrl Pts',(-37.2237995253058,10.5296623537054,14.9098637035143));
#1559=CARTESIAN_POINT('Ctrl Pts',(-37.2614028520923,10.114157081839,14.9362374667085));
#1560=CARTESIAN_POINT('Ctrl Pts',(-37.2990061788788,9.69865180997258,14.9626112299027));
#1561=CARTESIAN_POINT('Ctrl Pts',(-37.1111618019947,9.2627436464847,14.988984993097));
#1562=CARTESIAN_POINT('Ctrl Pts',(-36.7833170694614,9.00471955340073,15.0153587562912));
#1563=CARTESIAN_POINT('Ctrl Pts',(-36.4554723369281,8.74669546031676,15.0417325194854));
#1564=CARTESIAN_POINT('Ctrl Pts',(-35.9876272487457,8.66655543763671,15.0681062826796));
#1565=CARTESIAN_POINT('Ctrl Pts',(-35.5925964139656,8.80075389323175,15.0944800458739));
#1566=CARTESIAN_POINT('Ctrl Pts',(-35.1975655791855,8.9349523488268,15.1208538090681));
#1567=CARTESIAN_POINT('Ctrl Pts',(-34.8753489978077,9.28348928269695,15.1472275722623));
#1568=CARTESIAN_POINT('Ctrl Pts',(-34.7725175010029,9.68782118589468,15.1736013354566));
#1569=CARTESIAN_POINT('Ctrl Pts',(-34.746760218883,9.78909843288938,15.1802074481775));
#1570=CARTESIAN_POINT('Ctrl Pts',(-34.7347672596718,9.89387628237945,15.1868135608985));
#1571=CARTESIAN_POINT('Ctrl Pts',(-34.7357054277161,9.99886547045421,15.1934196736194));
#1572=CARTESIAN_POINT('Origin',(-36.,10.,20.));
#1573=CARTESIAN_POINT('',(-34.7373654977904,10.0004624935316,15.6934196736194));
#1574=CARTESIAN_POINT('',(-34.7372092445985,9.99943820601683,15.5565803263806));
#1575=CARTESIAN_POINT('',(-34.7355,10.,20.));
#1576=CARTESIAN_POINT('Ctrl Pts',(-34.7372092445985,9.99943820601683,15.5565803263806));
#1577=CARTESIAN_POINT('Ctrl Pts',(-34.7365078114455,9.82809189914667,15.5458314218108));
#1578=CARTESIAN_POINT('Ctrl Pts',(-34.7690315919717,9.65700060977858,15.535082517241));
#1579=CARTESIAN_POINT('Ctrl Pts',(-34.8360722661878,9.50071585570992,15.5243336126713));
#1580=CARTESIAN_POINT('Ctrl Pts',(-34.9994478944624,9.11985572588151,15.4981389322345));
#1581=CARTESIAN_POINT('Ctrl Pts',(-35.3678120238302,8.82692846465605,15.4719442517978));
#1582=CARTESIAN_POINT('Ctrl Pts',(-35.7756824786378,8.75352734519345,15.4457495713611));
#1583=CARTESIAN_POINT('Ctrl Pts',(-36.1835529334454,8.68012622573084,15.4195548909244));
#1584=CARTESIAN_POINT('Ctrl Pts',(-36.6309297136929,8.82625124803109,15.3933602104877));
#1585=CARTESIAN_POINT('Ctrl Pts',(-36.9168353854264,9.1262578808907,15.367165530051));
#1586=CARTESIAN_POINT('Ctrl Pts',(-37.20274105716,9.42626451375031,15.3409708496143));
#1587=CARTESIAN_POINT('Ctrl Pts',(-37.3271756203795,9.88015275716927,15.3147761691775));
#1588=CARTESIAN_POINT('Ctrl Pts',(-37.2342386584323,10.2840200138101,15.2885814887408));
#1589=CARTESIAN_POINT('Ctrl Pts',(-37.1413016964851,10.6878872704508,15.2623868083041));
#1590=CARTESIAN_POINT('Ctrl Pts',(-36.8309932093711,11.0417335403134,15.2361921278674));
#1591=CARTESIAN_POINT('Ctrl Pts',(-36.4427147596145,11.1865985383567,15.2099974474307));
#1592=CARTESIAN_POINT('Ctrl Pts',(-36.0544363098578,11.3314635364,15.183802766994));
#1593=CARTESIAN_POINT('Ctrl Pts',(-35.5881878974585,11.2673472626239,15.1576080865573));
#1594=CARTESIAN_POINT('Ctrl Pts',(-35.2534246989441,11.0230531072508,15.1314134061206));
#1595=CARTESIAN_POINT('Ctrl Pts',(-34.934640366772,10.7904195635405,15.1064690462072));
#1596=CARTESIAN_POINT('Ctrl Pts',(-34.7350887504395,10.3943980804394,15.0815246862939));
#1597=CARTESIAN_POINT('Ctrl Pts',(-34.733627286895,9.9996532823517,15.0565803263806));
#1598=CARTESIAN_POINT('Ctrl Pts',(-34.7357054277161,9.99886547045421,15.1934196736194));
#1599=CARTESIAN_POINT('Ctrl Pts',(-34.7385127334295,10.3130274687429,15.2131873240927));
#1600=CARTESIAN_POINT('Ctrl Pts',(-34.8571056343959,10.6290817973245,15.232954974566));
#1601=CARTESIAN_POINT('Ctrl Pts',(-35.0691600174113,10.8588980157404,15.2527226250392));
#1602=CARTESIAN_POINT('Ctrl Pts',(-35.3520804428562,11.165516069863,15.2790963882335));
#1603=CARTESIAN_POINT('Ctrl Pts',(-35.8013677059779,11.318625305583,15.3054701514277));
#1604=CARTESIAN_POINT('Ctrl Pts',(-36.2126487595813,11.2485789500879,15.3318439146219));
#1605=CARTESIAN_POINT('Ctrl Pts',(-36.6239298131847,11.1785325945928,15.3582176778161));
#1606=CARTESIAN_POINT('Ctrl Pts',(-36.99720465727,10.8853306478825,15.3845914410104));
#1607=CARTESIAN_POINT('Ctrl Pts',(-37.1626769715717,10.5023456448678,15.4109652042046));
#1608=CARTESIAN_POINT('Ctrl Pts',(-37.3281492858734,10.1193606418531,15.4373389673988));
#1609=CARTESIAN_POINT('Ctrl Pts',(-37.2858190703915,9.64659258253383,15.4637127305931));
#1610=CARTESIAN_POINT('Ctrl Pts',(-37.0549416158858,9.29909553311234,15.4900864937873));
#1611=CARTESIAN_POINT('Ctrl Pts',(-36.8240641613801,8.95159848369086,15.5164602569815));
#1612=CARTESIAN_POINT('Ctrl Pts',(-36.4046394678506,8.72937244416712,15.5428340201757));
#1613=CARTESIAN_POINT('Ctrl Pts',(-35.9874566222266,8.7335042241225,15.5692077833699));
#1614=CARTESIAN_POINT('Ctrl Pts',(-35.5702737766026,8.73763600407788,15.5955815465642));
#1615=CARTESIAN_POINT('Ctrl Pts',(-35.1553327788842,8.96812560351238,15.6219553097584));
#1616=CARTESIAN_POINT('Ctrl Pts',(-34.9313831619898,9.32012726213165,15.6483290729526));
#1617=CARTESIAN_POINT('Ctrl Pts',(-34.8037560366216,9.52073023898607,15.6633592731749));
#1618=CARTESIAN_POINT('Ctrl Pts',(-34.738158527702,9.76079754345886,15.6783894733972));
#1619=CARTESIAN_POINT('Ctrl Pts',(-34.7373654977904,10.0004624935316,15.6934196736194));
#1620=CARTESIAN_POINT('Origin',(-36.,10.,20.));
#1621=CARTESIAN_POINT('',(-34.7340481639081,10.0007651781396,16.1934196736194));
#1622=CARTESIAN_POINT('',(-34.7354159185224,10.0010921852619,16.0565803263806));
#1623=CARTESIAN_POINT('',(-34.7355,10.,20.));
#1624=CARTESIAN_POINT('Ctrl Pts',(-34.7354159185224,10.0010921852619,16.0565803263806));
#1625=CARTESIAN_POINT('Ctrl Pts',(-34.7382813443102,9.67949084953294,16.0363328377644));
#1626=CARTESIAN_POINT('Ctrl Pts',(-34.863441088734,9.35590422072405,16.0160853491482));
#1627=CARTESIAN_POINT('Ctrl Pts',(-35.0848931032968,9.12444772101015,15.9958378605321));
#1628=CARTESIAN_POINT('Ctrl Pts',(-35.3713910914425,8.82500668118841,15.9696431800954));
#1629=CARTESIAN_POINT('Ctrl Pts',(-35.8190557774839,8.67976606328531,15.9434484996586));
#1630=CARTESIAN_POINT('Ctrl Pts',(-36.226780380787,8.75397308029788,15.9172538192219));
#1631=CARTESIAN_POINT('Ctrl Pts',(-36.6345049840901,8.82818009731045,15.8910591387852));
#1632=CARTESIAN_POINT('Ctrl Pts',(-37.0022895046551,9.12183474923867,15.8648644583485));
#1633=CARTESIAN_POINT('Ctrl Pts',(-37.1649121523685,9.50301699954101,15.8386697779118));
#1634=CARTESIAN_POINT('Ctrl Pts',(-37.3275348000819,9.88419924984336,15.8124750974751));
#1635=CARTESIAN_POINT('Ctrl Pts',(-37.2849955749437,10.3529090985198,15.7862804170384));
#1636=CARTESIAN_POINT('Ctrl Pts',(-37.056404598309,10.6985855354446,15.7600857366017));
#1637=CARTESIAN_POINT('Ctrl Pts',(-36.8278136216742,11.0442619723695,15.7338910561649));
#1638=CARTESIAN_POINT('Ctrl Pts',(-36.4131708935429,11.2669049975426,15.7076963757282));
#1639=CARTESIAN_POINT('Ctrl Pts',(-35.9987485658336,11.2664955034101,15.6815016952915));
#1640=CARTESIAN_POINT('Ctrl Pts',(-35.5843262381244,11.2660860092776,15.6553070148548));
#1641=CARTESIAN_POINT('Ctrl Pts',(-35.1701243108373,11.0426239958393,15.6291123344181));
#1642=CARTESIAN_POINT('Ctrl Pts',(-34.9422169107845,10.6964964899045,15.6029176539814));
#1643=CARTESIAN_POINT('Ctrl Pts',(-34.8078305941376,10.4924013152767,15.5874718781145));
#1644=CARTESIAN_POINT('Ctrl Pts',(-34.7382171779369,10.2456564726656,15.5720261022475));
#1645=CARTESIAN_POINT('Ctrl Pts',(-34.7372092445985,9.99943820601683,15.5565803263806));
#1646=CARTESIAN_POINT('Ctrl Pts',(-34.7373654977904,10.0004624935316,15.6934196736194));
#1647=CARTESIAN_POINT('Ctrl Pts',(-34.7367669838246,10.1813419504331,15.7047632365914));
#1648=CARTESIAN_POINT('Ctrl Pts',(-34.7730810552023,10.3619922265533,15.7161067995633));
#1649=CARTESIAN_POINT('Ctrl Pts',(-34.8475005888491,10.5252751595233,15.7274503625353));
#1650=CARTESIAN_POINT('Ctrl Pts',(-35.0205258686733,10.9049076804917,15.7538241257295));
#1651=CARTESIAN_POINT('Ctrl Pts',(-35.3995346643921,11.1906590046245,15.7801978889238));
#1652=CARTESIAN_POINT('Ctrl Pts',(-35.8121223854777,11.2525457628928,15.806571652118));
#1653=CARTESIAN_POINT('Ctrl Pts',(-36.2247101065632,11.3144325211612,15.8329454153122));
#1654=CARTESIAN_POINT('Ctrl Pts',(-36.6708767530155,11.1524547135653,15.8593191785064));
#1655=CARTESIAN_POINT('Ctrl Pts',(-36.9476687813304,10.8402932624936,15.8856929417007));
#1656=CARTESIAN_POINT('Ctrl Pts',(-37.2244608096453,10.5281318114219,15.9120667048949));
#1657=CARTESIAN_POINT('Ctrl Pts',(-37.3318782198228,10.0657867168745,15.9384404680891));
#1658=CARTESIAN_POINT('Ctrl Pts',(-37.2210586771934,9.66357082033989,15.9648142312833));
#1659=CARTESIAN_POINT('Ctrl Pts',(-37.110239134564,9.26135492380529,15.9911879944776));
#1660=CARTESIAN_POINT('Ctrl Pts',(-36.7811826391278,8.91926822528354,16.0175617576718));
#1661=CARTESIAN_POINT('Ctrl Pts',(-36.3835713382393,8.79292008773604,16.043935520866));
#1662=CARTESIAN_POINT('Ctrl Pts',(-35.9859600373507,8.66657195018855,16.0703092840603));
#1663=CARTESIAN_POINT('Ctrl Pts',(-35.5197939310098,8.75596237361531,16.0966830472545));
#1664=CARTESIAN_POINT('Ctrl Pts',(-35.1971239733977,9.02042918989763,16.1230568104487));
#1665=CARTESIAN_POINT('Ctrl Pts',(-34.9101723552364,9.25562053353491,16.1465110981723));
#1666=CARTESIAN_POINT('Ctrl Pts',(-34.736706279422,9.62927301059891,16.1699653858958));
#1667=CARTESIAN_POINT('Ctrl Pts',(-34.7340481639081,10.0007651781396,16.1934196736194));
#1668=CARTESIAN_POINT('Origin',(-36.,10.,20.));
#1669=CARTESIAN_POINT('',(-34.7351819892091,9.99888703815112,16.6934196736194));
#1670=CARTESIAN_POINT('',(-34.7343421847355,9.99914069103651,16.5565803263806));
#1671=CARTESIAN_POINT('',(-34.7355,10.,20.));
#1672=CARTESIAN_POINT('Ctrl Pts',(-34.7343421847355,9.99914069103651,16.5565803263806));
#1673=CARTESIAN_POINT('Ctrl Pts',(-34.7339012006389,9.94285597951842,16.5530289341547));
#1674=CARTESIAN_POINT('Ctrl Pts',(-34.7373379284135,9.88662541497523,16.5494775419289));
#1675=CARTESIAN_POINT('Ctrl Pts',(-34.7448379138389,9.83094213088904,16.545926149703));
#1676=CARTESIAN_POINT('Ctrl Pts',(-34.8001569856293,9.42022832077071,16.5197314692663));
#1677=CARTESIAN_POINT('Ctrl Pts',(-35.0765325585117,9.03928862623502,16.4935367888296));
#1678=CARTESIAN_POINT('Ctrl Pts',(-35.4498069684602,8.85925460610643,16.4673421083929));
#1679=CARTESIAN_POINT('Ctrl Pts',(-35.8230813784086,8.67922058597783,16.4411474279562));
#1680=CARTESIAN_POINT('Ctrl Pts',(-36.293254625423,8.70009224025635,16.4149527475195));
#1681=CARTESIAN_POINT('Ctrl Pts',(-36.6491082887551,8.91249328502494,16.3887580670827));
#1682=CARTESIAN_POINT('Ctrl Pts',(-37.0049619520873,9.12489432979354,16.362563386646));
#1683=CARTESIAN_POINT('Ctrl Pts',(-37.2464960317373,9.52882476505223,16.3363687062093));
#1684=CARTESIAN_POINT('Ctrl Pts',(-37.2652048924252,9.9428247796135,16.3101740257726));
#1685=CARTESIAN_POINT('Ctrl Pts',(-37.283913753113,10.3568247941748,16.2839793453359));
#1686=CARTESIAN_POINT('Ctrl Pts',(-37.0797973948387,10.7808943880386,16.2577846648992));
#1687=CARTESIAN_POINT('Ctrl Pts',(-36.7445520915067,11.0245265290249,16.2315899844625));
#1688=CARTESIAN_POINT('Ctrl Pts',(-36.4093067881748,11.2681586700112,16.2053953040258));
#1689=CARTESIAN_POINT('Ctrl Pts',(-35.9429325397852,11.3313533581199,16.1792006235891));
#1690=CARTESIAN_POINT('Ctrl Pts',(-35.5549411227995,11.1857213085216,16.1530059431524));
#1691=CARTESIAN_POINT('Ctrl Pts',(-35.1669497058139,11.0400892589233,16.1268112627156));
#1692=CARTESIAN_POINT('Ctrl Pts',(-34.8573411202322,10.685630471618,16.1006165822789));
#1693=CARTESIAN_POINT('Ctrl Pts',(-34.7652024725665,10.2815803470951,16.0744219018422));
#1694=CARTESIAN_POINT('Ctrl Pts',(-34.7442834843362,10.1898455537864,16.0684747100217));
#1695=CARTESIAN_POINT('Ctrl Pts',(-34.7345742715838,10.0955545094335,16.0625275182011));
#1696=CARTESIAN_POINT('Ctrl Pts',(-34.7354159185224,10.0010921852619,16.0565803263806));
#1697=CARTESIAN_POINT('Ctrl Pts',(-34.7340481639081,10.0007651781396,16.1934196736194));
#1698=CARTESIAN_POINT('Ctrl Pts',(-34.7337172946388,10.0470067133105,16.1963391490901));
#1699=CARTESIAN_POINT('Ctrl Pts',(-34.7360329337338,10.0932147765213,16.1992586245607));
#1700=CARTESIAN_POINT('Ctrl Pts',(-34.7411056346296,10.1391181617701,16.2021781000314));
#1701=CARTESIAN_POINT('Ctrl Pts',(-34.7869310623571,10.5537971082223,16.2285518632256));
#1702=CARTESIAN_POINT('Ctrl Pts',(-35.0577557266953,10.943611791989,16.2549256264198));
#1703=CARTESIAN_POINT('Ctrl Pts',(-35.4303861399528,11.1312422094945,16.2812993896141));
#1704=CARTESIAN_POINT('Ctrl Pts',(-35.8030165532102,11.3188726269999,16.3076731528083));
#1705=CARTESIAN_POINT('Ctrl Pts',(-36.2774527153868,11.3043187782442,16.3340469160025));
#1706=CARTESIAN_POINT('Ctrl Pts',(-36.6378817659723,11.0942009590281,16.3604206791967));
#1707=CARTESIAN_POINT('Ctrl Pts',(-36.9983108165578,10.884083139812,16.386794442391));
#1708=CARTESIAN_POINT('Ctrl Pts',(-37.2447327555522,10.4784013501354,16.4131682055852));
#1709=CARTESIAN_POINT('Ctrl Pts',(-37.2650544758406,10.0616932674897,16.4395419687794));
#1710=CARTESIAN_POINT('Ctrl Pts',(-37.285376196129,9.644985184844,16.4659157319736));
#1711=CARTESIAN_POINT('Ctrl Pts',(-37.0795976977113,9.21725080922914,16.4922894951679));
#1712=CARTESIAN_POINT('Ctrl Pts',(-36.7413240847406,8.97305916067094,16.5186632583621));
#1713=CARTESIAN_POINT('Ctrl Pts',(-36.4030504717699,8.72886751211274,16.5450370215563));
#1714=CARTESIAN_POINT('Ctrl Pts',(-35.9322817442461,8.6682185906112,16.5714107847506));
#1715=CARTESIAN_POINT('Ctrl Pts',(-35.5431625096522,8.8187005487554,16.5977845479448));
#1716=CARTESIAN_POINT('Ctrl Pts',(-35.1540432750583,8.9691825068996,16.624158311139));
#1717=CARTESIAN_POINT('Ctrl Pts',(-34.8465735333942,9.33079534468954,16.6505320743332));
#1718=CARTESIAN_POINT('Ctrl Pts',(-34.7606159885565,9.73904759384844,16.6769058375275));
#1719=CARTESIAN_POINT('Ctrl Pts',(-34.7426753203267,9.82425614849082,16.6824104495581));
#1720=CARTESIAN_POINT('Ctrl Pts',(-34.7343841978423,9.91149641578826,16.6879150615888));
#1721=CARTESIAN_POINT('Ctrl Pts',(-34.7351819892091,9.99888703815112,16.6934196736194));
#1722=CARTESIAN_POINT('Origin',(-36.,10.,20.));
#1723=CARTESIAN_POINT('',(-34.7375024778624,10.0001906311227,17.1934196736194));
#1724=CARTESIAN_POINT('',(-34.7374685537964,9.99998812269144,17.0565803263806));
#1725=CARTESIAN_POINT('',(-34.7355,10.,20.));
#1726=CARTESIAN_POINT('Ctrl Pts',(-34.7374685537964,9.99998812269144,17.0565803263806));
#1727=CARTESIAN_POINT('Ctrl Pts',(-34.7374507697433,9.79185373977542,17.0435303501083));
#1728=CARTESIAN_POINT('Ctrl Pts',(-34.7861812716977,9.58372719577236,17.0304803738361));
#1729=CARTESIAN_POINT('Ctrl Pts',(-34.8837067393429,9.40175107032575,17.0174303975638));
#1730=CARTESIAN_POINT('Ctrl Pts',(-35.0794655979117,9.03647788103095,16.9912357171271));
#1731=CARTESIAN_POINT('Ctrl Pts',(-35.4718236727209,8.77656703229293,16.9650410366904));
#1732=CARTESIAN_POINT('Ctrl Pts',(-35.8845198654313,8.73877965281051,16.9388463562537));
#1733=CARTESIAN_POINT('Ctrl Pts',(-36.2972160581417,8.70099227332809,16.912651675817));
#1734=CARTESIAN_POINT('Ctrl Pts',(-36.7302503687532,8.88532836310128,16.8864569953803));
#1735=CARTESIAN_POINT('Ctrl Pts',(-36.9890884978404,9.20897764311962,16.8602623149436));
#1736=CARTESIAN_POINT('Ctrl Pts',(-37.2479266269277,9.53262692313796,16.8340676345069));
#1737=CARTESIAN_POINT('Ctrl Pts',(-37.3325685744906,9.99558939340145,16.8078729540701));
#1738=CARTESIAN_POINT('Ctrl Pts',(-37.2049901896302,10.3898859686366,16.7816782736334));
#1739=CARTESIAN_POINT('Ctrl Pts',(-37.0774118047699,10.7841825438718,16.7554835931967));
#1740=CARTESIAN_POINT('Ctrl Pts',(-36.7376130874862,11.1098132240786,16.72928891276));
#1741=CARTESIAN_POINT('Ctrl Pts',(-36.3382436172526,11.2204932122026,16.7030942323233));
#1742=CARTESIAN_POINT('Ctrl Pts',(-35.938874147019,11.3311732003267,16.6768995518866));
#1743=CARTESIAN_POINT('Ctrl Pts',(-35.4799339238355,11.2269024963679,16.6507048714499));
#1744=CARTESIAN_POINT('Ctrl Pts',(-35.1675950975929,10.9545231815381,16.6245101910132));
#1745=CARTESIAN_POINT('Ctrl Pts',(-34.8976021851334,10.7190721958592,16.6018669028023));
#1746=CARTESIAN_POINT('Ctrl Pts',(-34.7371538510791,10.3580058525615,16.5792236145914));
#1747=CARTESIAN_POINT('Ctrl Pts',(-34.7343421847355,9.99914069103651,16.5565803263806));
#1748=CARTESIAN_POINT('Ctrl Pts',(-34.7351819892091,9.99888703815112,16.6934196736194));
#1749=CARTESIAN_POINT('Ctrl Pts',(-34.7382065854092,10.3302034139855,16.714288824783));
#1750=CARTESIAN_POINT('Ctrl Pts',(-34.8718687616177,10.663680886537,16.7351579759466));
#1751=CARTESIAN_POINT('Ctrl Pts',(-35.1056184618339,10.8968001729961,16.7560271271101));
#1752=CARTESIAN_POINT('Ctrl Pts',(-35.4010238279604,11.1914088424571,16.7824008903044));
#1753=CARTESIAN_POINT('Ctrl Pts',(-35.8562799082246,11.325734520851,16.8087746534986));
#1754=CARTESIAN_POINT('Ctrl Pts',(-36.2642985319126,11.2386747644669,16.8351484166928));
#1755=CARTESIAN_POINT('Ctrl Pts',(-36.6723171556005,11.1516150080827,16.861522179887));
#1756=CARTESIAN_POINT('Ctrl Pts',(-37.033098322712,10.8431698169204,16.8878959430813));
#1757=CARTESIAN_POINT('Ctrl Pts',(-37.1825288776759,10.4536456100975,16.9142697062755));
#1758=CARTESIAN_POINT('Ctrl Pts',(-37.3319594326398,10.0641214032746,16.9406434694697));
#1759=CARTESIAN_POINT('Ctrl Pts',(-37.270039375456,9.59351818079102,16.967017232664));
#1760=CARTESIAN_POINT('Ctrl Pts',(-37.0249350765005,9.2559052647297,16.9933909958582));
#1761=CARTESIAN_POINT('Ctrl Pts',(-36.7798307775451,8.91829234866839,17.0197647590524));
#1762=CARTESIAN_POINT('Ctrl Pts',(-36.3515422368181,8.7136697390293,17.0461385222466));
#1763=CARTESIAN_POINT('Ctrl Pts',(-35.9348905545352,8.73511674601589,17.0725122854409));
#1764=CARTESIAN_POINT('Ctrl Pts',(-35.5182388722523,8.75656375300247,17.0988860486351));
#1765=CARTESIAN_POINT('Ctrl Pts',(-35.1132240484136,9.00408037661473,17.1252598118293));
#1766=CARTESIAN_POINT('Ctrl Pts',(-34.9040803692083,9.36507555650816,17.1516335750235));
#1767=CARTESIAN_POINT('Ctrl Pts',(-34.7936259207776,9.55572690027702,17.1655622745555));
#1768=CARTESIAN_POINT('Ctrl Pts',(-34.7378035096609,9.77802948462388,17.1794909740875));
#1769=CARTESIAN_POINT('Ctrl Pts',(-34.7375024778624,10.0001906311227,17.1934196736194));
#1770=CARTESIAN_POINT('Origin',(-36.,10.,20.));
#1771=CARTESIAN_POINT('',(-34.7344959209452,10.0009620242191,17.6934196736194));
#1772=CARTESIAN_POINT('',(-34.7343808000263,10.0008750013431,17.5565803263806));
#1773=CARTESIAN_POINT('',(-34.7355,10.,20.));
#1774=CARTESIAN_POINT('Ctrl Pts',(-34.7343808000263,10.0008750013431,17.5565803263806));
#1775=CARTESIAN_POINT('Ctrl Pts',(-34.7372170060027,9.64348262739708,17.5340317660619));
#1776=CARTESIAN_POINT('Ctrl Pts',(-34.8961672870367,9.28388018369755,17.5114832057433));
#1777=CARTESIAN_POINT('Ctrl Pts',(-35.1641916602046,9.04845554766288,17.4889346454247));
#1778=CARTESIAN_POINT('Ctrl Pts',(-35.4755557874558,8.77496256093948,17.462739964988));
#1779=CARTESIAN_POINT('Ctrl Pts',(-35.9341207178673,8.66905357757862,17.4365452845512));
#1780=CARTESIAN_POINT('Ctrl Pts',(-36.33388289631,8.77830665173442,17.4103506041145));
#1781=CARTESIAN_POINT('Ctrl Pts',(-36.7336450747528,8.88755972589022,17.3841559236778));
#1782=CARTESIAN_POINT('Ctrl Pts',(-37.0746045012269,9.21197485756265,17.3579612432411));
#1783=CARTESIAN_POINT('Ctrl Pts',(-37.2035901647149,9.60581331701056,17.3317665628044));
#1784=CARTESIAN_POINT('Ctrl Pts',(-37.332575828203,9.99965177645848,17.3055718823677));
#1785=CARTESIAN_POINT('Ctrl Pts',(-37.2495877287049,10.4629135636819,17.279377201931));
#1786=CARTESIAN_POINT('Ctrl Pts',(-36.9919070501844,10.7874851296623,17.2531825214942));
#1787=CARTESIAN_POINT('Ctrl Pts',(-36.734226371664,11.1120566956427,17.2269878410575));
#1788=CARTESIAN_POINT('Ctrl Pts',(-36.301853114121,11.2979380403802,17.2007931606208));
#1789=CARTESIAN_POINT('Ctrl Pts',(-35.8890246086061,11.2616247017833,17.1745984801841));
#1790=CARTESIAN_POINT('Ctrl Pts',(-35.4761961030911,11.2253113631864,17.1484037997474));
#1791=CARTESIAN_POINT('Ctrl Pts',(-35.0829123496041,10.966803341255,17.1222091193107));
#1792=CARTESIAN_POINT('Ctrl Pts',(-34.8858502940248,10.6022315653636,17.096014438874));
#1793=CARTESIAN_POINT('Ctrl Pts',(-34.7869629482185,10.4192864764786,17.0828697347095));
#1794=CARTESIAN_POINT('Ctrl Pts',(-34.7374864669414,10.2096333230205,17.0697250305451));
#1795=CARTESIAN_POINT('Ctrl Pts',(-34.7374685537964,9.99998812269144,17.0565803263806));
#1796=CARTESIAN_POINT('Ctrl Pts',(-34.7375024778624,10.0001906311227,17.1934196736194));
#1797=CARTESIAN_POINT('Ctrl Pts',(-34.7372335109077,10.1986879571018,17.2058647372817));
#1798=CARTESIAN_POINT('Ctrl Pts',(-34.7812879730145,10.3970723714332,17.2183098009439));
#1799=CARTESIAN_POINT('Ctrl Pts',(-34.8703002134795,10.5726668127573,17.2307548646062));
#1800=CARTESIAN_POINT('Ctrl Pts',(-35.0589362715278,10.9447891529384,17.2571286278004));
#1801=CARTESIAN_POINT('Ctrl Pts',(-35.4494809221964,11.214560097126,17.2835023909947));
#1802=CARTESIAN_POINT('Ctrl Pts',(-35.8642821125083,11.259265476821,17.3098761541889));
#1803=CARTESIAN_POINT('Ctrl Pts',(-36.2790833028201,11.303970856516,17.3362499173831));
#1804=CARTESIAN_POINT('Ctrl Pts',(-36.7181410327754,11.1236106717184,17.3626236805774));
#1805=CARTESIAN_POINT('Ctrl Pts',(-36.981735482967,10.8002276723417,17.3889974437716));
#1806=CARTESIAN_POINT('Ctrl Pts',(-37.2453299331587,10.4768446729649,17.4153712069658));
#1807=CARTESIAN_POINT('Ctrl Pts',(-37.3334611035867,10.010438859009,17.44174497016));
#1808=CARTESIAN_POINT('Ctrl Pts',(-37.2060396387037,9.61317022351761,17.4681187333543));
#1809=CARTESIAN_POINT('Ctrl Pts',(-37.0786181738207,9.21590158802625,17.4944924965485));
#1810=CARTESIAN_POINT('Ctrl Pts',(-36.7356440736266,8.88777013099946,17.5208662597427));
#1811=CARTESIAN_POINT('Ctrl Pts',(-36.3331303648345,8.77803721573649,17.5472400229369));
#1812=CARTESIAN_POINT('Ctrl Pts',(-35.9306166560424,8.66830430047352,17.5736137861312));
#1813=CARTESIAN_POINT('Ctrl Pts',(-35.4685633386522,8.77696992697437,17.5999875493254));
#1814=CARTESIAN_POINT('Ctrl Pts',(-35.1571505297865,9.0546039683517,17.6263613125196));
#1815=CARTESIAN_POINT('Ctrl Pts',(-34.8932160982552,9.28990958455785,17.6487140995529));
#1816=CARTESIAN_POINT('Ctrl Pts',(-34.73749005515,9.64658892717912,17.6710668865862));
#1817=CARTESIAN_POINT('Ctrl Pts',(-34.7344959209452,10.0009620242191,17.6934196736194));
#1818=CARTESIAN_POINT('Origin',(-36.,10.,20.));
#1819=CARTESIAN_POINT('',(-34.7346664784802,9.99898601563953,18.1934196736194));
#1820=CARTESIAN_POINT('',(-34.7353717784427,9.99891028828398,18.0565803263806));
#1821=CARTESIAN_POINT('',(-34.7355,10.,20.));
#1822=CARTESIAN_POINT('Ctrl Pts',(-34.7353717784427,9.99891028828398,18.0565803263806));
#1823=CARTESIAN_POINT('Ctrl Pts',(-34.7345425186283,9.90596090982378,18.0507278624523));
#1824=CARTESIAN_POINT('Ctrl Pts',(-34.7439415056565,9.81317766044883,18.0448753985239));
#1825=CARTESIAN_POINT('Ctrl Pts',(-34.7642047807427,9.72283109538243,18.0390229345956));
#1826=CARTESIAN_POINT('Ctrl Pts',(-34.8548999173528,9.31845450640146,18.0128282541589));
#1827=CARTESIAN_POINT('Ctrl Pts',(-35.1632407032598,8.96289232068701,17.9866335737222));
#1828=CARTESIAN_POINT('Ctrl Pts',(-35.5507095723221,8.81587562424633,17.9604388932855));
#1829=CARTESIAN_POINT('Ctrl Pts',(-35.9381784413843,8.66885892780565,17.9342442128488));
#1830=CARTESIAN_POINT('Ctrl Pts',(-36.4047753936018,8.73038772063873,17.9080495324121));
#1831=CARTESIAN_POINT('Ctrl Pts',(-36.7408886060914,8.9728210968839,17.8818548519753));
#1832=CARTESIAN_POINT('Ctrl Pts',(-37.0770018185809,9.21525447312907,17.8556601715386));
#1833=CARTESIAN_POINT('Ctrl Pts',(-37.2826312913426,9.63859243278634,17.8294654911019));
#1834=CARTESIAN_POINT('Ctrl Pts',(-37.2654010060278,10.0526566195895,17.8032708106652));
#1835=CARTESIAN_POINT('Ctrl Pts',(-37.248170720713,10.4667208063926,17.7770761302285));
#1836=CARTESIAN_POINT('Ctrl Pts',(-37.0080806773217,10.8715112203416,17.7508814497918));
#1837=CARTESIAN_POINT('Ctrl Pts',(-36.6529877990687,11.0851817174621,17.7246867693551));
#1838=CARTESIAN_POINT('Ctrl Pts',(-36.2978949208157,11.2988522145826,17.6984920889184));
#1839=CARTESIAN_POINT('Ctrl Pts',(-35.8277992077009,11.3214027948745,17.6722974084816));
#1840=CARTESIAN_POINT('Ctrl Pts',(-35.4538842495078,11.1427029415858,17.6461027280449));
#1841=CARTESIAN_POINT('Ctrl Pts',(-35.0799692913146,10.964003088297,17.6199080476082));
#1842=CARTESIAN_POINT('Ctrl Pts',(-34.802235088043,10.5840528014276,17.5937133671715));
#1843=CARTESIAN_POINT('Ctrl Pts',(-34.7454496484528,10.1735391629499,17.5675186867348));
#1844=CARTESIAN_POINT('Ctrl Pts',(-34.7375455041665,10.1163984759462,17.5638725666167));
#1845=CARTESIAN_POINT('Ctrl Pts',(-34.7339221832666,10.0586656321539,17.5602264464987));
#1846=CARTESIAN_POINT('Ctrl Pts',(-34.7343808000263,10.0008750013431,17.5565803263806));
#1847=CARTESIAN_POINT('Ctrl Pts',(-34.7344959209452,10.0009620242191,17.6934196736194));
#1848=CARTESIAN_POINT('Ctrl Pts',(-34.7339573150773,10.0647091432322,17.6974406497804));
#1849=CARTESIAN_POINT('Ctrl Pts',(-34.7383610127587,10.1283816336637,17.7014616259413));
#1850=CARTESIAN_POINT('Ctrl Pts',(-34.7479661865088,10.1912595513223,17.7054826021023));
#1851=CARTESIAN_POINT('Ctrl Pts',(-34.8109669524382,10.6036786366617,17.7318563652965));
#1852=CARTESIAN_POINT('Ctrl Pts',(-35.0977407846384,10.9819143510868,17.7582301284907));
#1853=CARTESIAN_POINT('Ctrl Pts',(-35.4778391929216,11.153913765262,17.784603891685));
#1854=CARTESIAN_POINT('Ctrl Pts',(-35.8579376012048,11.3259131794371,17.8109776548792));
#1855=CARTESIAN_POINT('Ctrl Pts',(-36.3313605855709,11.2916762933624,17.8373514180734));
#1856=CARTESIAN_POINT('Ctrl Pts',(-36.6827561626948,11.066776878442,17.8637251812677));
#1857=CARTESIAN_POINT('Ctrl Pts',(-37.0341517398186,10.8418774635216,17.8900989444619));
#1858=CARTESIAN_POINT('Ctrl Pts',(-37.2635199097,10.4263155197556,17.9164727076561));
#1859=CARTESIAN_POINT('Ctrl Pts',(-37.2665250318479,10.0091230369438,17.9428464708503));
#1860=CARTESIAN_POINT('Ctrl Pts',(-37.2695301539957,9.5919305541319,17.9692202340445));
#1861=CARTESIAN_POINT('Ctrl Pts',(-37.0461722284099,9.17310753227415,17.9955939972388));
#1862=CARTESIAN_POINT('Ctrl Pts',(-36.6980529386955,8.9431693697863,18.021967760433));
#1863=CARTESIAN_POINT('Ctrl Pts',(-36.3499336489812,8.71323120729844,18.0483415236272));
#1864=CARTESIAN_POINT('Ctrl Pts',(-35.8770529951382,8.67217790418048,18.0747152868215));
#1865=CARTESIAN_POINT('Ctrl Pts',(-35.4945162636445,8.83868390255045,18.1010890500157));
#1866=CARTESIAN_POINT('Ctrl Pts',(-35.1119795321509,9.00518990092042,18.1274628132099));
#1867=CARTESIAN_POINT('Ctrl Pts',(-34.8197867230064,9.37925520077833,18.1538365764041));
#1868=CARTESIAN_POINT('Ctrl Pts',(-34.7508513259445,9.79072392329535,18.1802103395984));
#1869=CARTESIAN_POINT('Ctrl Pts',(-34.7393425311502,9.85941880710737,18.1846134509387));
#1870=CARTESIAN_POINT('Ctrl Pts',(-34.734056467198,9.92915621591153,18.1890165622791));
#1871=CARTESIAN_POINT('Ctrl Pts',(-34.7346664784802,9.99898601563954,18.1934196736194));
#1872=CARTESIAN_POINT('Origin',(-36.,10.,20.));
#1873=CARTESIAN_POINT('',(-34.7375229395917,9.99990725760762,18.6934196736194));
#1874=CARTESIAN_POINT('',(-34.7372294102696,10.0005411713126,18.5565803263806));
#1875=CARTESIAN_POINT('',(-34.7355,10.,20.));
#1876=CARTESIAN_POINT('Ctrl Pts',(-34.7372294102696,10.0005411713126,18.5565803263806));
#1877=CARTESIAN_POINT('Ctrl Pts',(-34.7381934447514,9.75582313608695,18.5412292784059));
#1878=CARTESIAN_POINT('Ctrl Pts',(-34.8068994640953,9.51060460299593,18.5258782304312));
#1879=CARTESIAN_POINT('Ctrl Pts',(-34.9397363625089,9.30728545323941,18.5105271824564));
#1880=CARTESIAN_POINT('Ctrl Pts',(-35.1664062361148,8.96034626294382,18.4843325020197));
#1881=CARTESIAN_POINT('Ctrl Pts',(-35.5798075058844,8.73540649729288,18.458137821583));
#1882=CARTESIAN_POINT('Ctrl Pts',(-35.9942257286334,8.73351704155342,18.4319431411463));
#1883=CARTESIAN_POINT('Ctrl Pts',(-36.4086439513823,8.73162758581396,18.4057484607096));
#1884=CARTESIAN_POINT('Ctrl Pts',(-36.8240791271106,8.95278843998599,18.3795537802729));
#1885=CARTESIAN_POINT('Ctrl Pts',(-37.0539031084607,9.29764634005536,18.3533590998362));
#1886=CARTESIAN_POINT('Ctrl Pts',(-37.2837270898108,9.64250424012472,18.3271644193994));
#1887=CARTESIAN_POINT('Ctrl Pts',(-37.3279398767829,10.1110591860914,18.3009697389627));
#1888=CARTESIAN_POINT('Ctrl Pts',(-37.166679524967,10.4928197555942,18.274775058526));
#1889=CARTESIAN_POINT('Ctrl Pts',(-37.0054191731511,10.874580325097,18.2485803780893));
#1890=CARTESIAN_POINT('Ctrl Pts',(-36.6386856825473,11.1695465181359,18.2223856976526));
#1891=CARTESIAN_POINT('Ctrl Pts',(-36.2312286835059,11.2452091076026,18.1961910172159));
#1892=CARTESIAN_POINT('Ctrl Pts',(-35.8237716844645,11.3208716970693,18.1699963367792));
#1893=CARTESIAN_POINT('Ctrl Pts',(-35.3755911769856,11.1772306829638,18.1438016563425));
#1894=CARTESIAN_POINT('Ctrl Pts',(-35.0880256669026,10.8788146797874,18.1176069759058));
#1895=CARTESIAN_POINT('Ctrl Pts',(-34.8647085746943,10.6470713317114,18.0972647593974));
#1896=CARTESIAN_POINT('Ctrl Pts',(-34.7382541512163,10.3219872698964,18.076922542889));
#1897=CARTESIAN_POINT('Ctrl Pts',(-34.7353717784427,9.99891028828398,18.0565803263806));
#1898=CARTESIAN_POINT('Ctrl Pts',(-34.7346664784802,9.99898601563954,18.1934196736194));
#1899=CARTESIAN_POINT('Ctrl Pts',(-34.7377103137306,10.3474228595575,18.2153903254733));
#1900=CARTESIAN_POINT('Ctrl Pts',(-34.8875553356416,10.6981600637518,18.2373609773272));
#1901=CARTESIAN_POINT('Ctrl Pts',(-35.1436189372147,10.9331561294576,18.259331629181));
#1902=CARTESIAN_POINT('Ctrl Pts',(-35.4509999305263,11.2152474679267,18.2857053923753));
#1903=CARTESIAN_POINT('Ctrl Pts',(-35.911439902129,11.3305579996887,18.3120791555695));
#1904=CARTESIAN_POINT('Ctrl Pts',(-36.3154926182593,11.2266349466955,18.3384529187637));
#1905=CARTESIAN_POINT('Ctrl Pts',(-36.7195453343896,11.1227118937024,18.364826681958));
#1906=CARTESIAN_POINT('Ctrl Pts',(-37.0672107950474,10.7995552559541,18.3912004451522));
#1907=CARTESIAN_POINT('Ctrl Pts',(-37.2003419540859,10.4041634327867,18.4175742083464));
#1908=CARTESIAN_POINT('Ctrl Pts',(-37.3334731131244,10.0087716096194,18.4439479715406));
#1909=CARTESIAN_POINT('Ctrl Pts',(-37.2520699705436,9.5411446010329,18.4703217347349));
#1910=CARTESIAN_POINT('Ctrl Pts',(-36.9931614178805,9.21399790866204,18.4966954979291));
#1911=CARTESIAN_POINT('Ctrl Pts',(-36.7342528652174,8.88685121629117,18.5230692611233));
#1912=CARTESIAN_POINT('Ctrl Pts',(-36.2978389024719,8.70018484013589,18.5494430243175));
#1913=CARTESIAN_POINT('Ctrl Pts',(-35.8824367441973,8.73891009221646,18.5758167875118));
#1914=CARTESIAN_POINT('Ctrl Pts',(-35.4670345859227,8.77763534429702,18.602190550706));
#1915=CARTESIAN_POINT('Ctrl Pts',(-35.072644232119,9.04175222461343,18.6285643139002));
#1916=CARTESIAN_POINT('Ctrl Pts',(-34.8786670811697,9.41111853275237,18.6549380770944));
#1917=CARTESIAN_POINT('Ctrl Pts',(-34.7843239467584,9.59076430590255,18.6677652759361));
#1918=CARTESIAN_POINT('Ctrl Pts',(-34.7373881730805,9.79530663038121,18.6805924747778));
#1919=CARTESIAN_POINT('Ctrl Pts',(-34.7375229395917,9.99990725760763,18.6934196736194));
#1920=CARTESIAN_POINT('Origin',(-36.,10.,20.));
#1921=CARTESIAN_POINT('',(-34.7350005489916,10.0010886259542,19.1934196736194));
#1922=CARTESIAN_POINT('',(-34.7336457556443,10.000371804396,19.0565803263806));
#1923=CARTESIAN_POINT('',(-34.7355,10.,20.));
#1924=CARTESIAN_POINT('Ctrl Pts',(-34.7336457556443,10.000371804396,19.0565803263806));
#1925=CARTESIAN_POINT('Ctrl Pts',(-34.7351949599244,9.60711074217595,19.0317306943595));
#1926=CARTESIAN_POINT('Ctrl Pts',(-34.9330318958614,9.21250227626514,19.0068810623384));
#1927=CARTESIAN_POINT('Ctrl Pts',(-35.2497759836256,8.97961954857168,18.9820314303173));
#1928=CARTESIAN_POINT('Ctrl Pts',(-35.5836646364697,8.73413146142503,18.9558367498806));
#1929=CARTESIAN_POINT('Ctrl Pts',(-36.0496811069816,8.6683505535605,18.9296420694438));
#1930=CARTESIAN_POINT('Ctrl Pts',(-36.4384744154619,8.81182802734789,18.9034473890071));
#1931=CARTESIAN_POINT('Ctrl Pts',(-36.8272677239423,8.95530550113529,18.8772527085704));
#1932=CARTESIAN_POINT('Ctrl Pts',(-37.1388378703911,9.30804135657459,18.8510580281337));
#1933=CARTESIAN_POINT('Ctrl Pts',(-37.2332165101968,9.71157414611092,18.824863347697));
#1934=CARTESIAN_POINT('Ctrl Pts',(-37.3275951500024,10.1151069356472,18.7986686672603));
#1935=CARTESIAN_POINT('Ctrl Pts',(-37.2047822831648,10.5694366592806,18.7724739868236));
#1936=CARTESIAN_POINT('Ctrl Pts',(-36.9199498031613,10.8704623911113,18.7462793063868));
#1937=CARTESIAN_POINT('Ctrl Pts',(-36.6351173231578,11.171488122942,18.7200846259501));
#1938=CARTESIAN_POINT('Ctrl Pts',(-36.1882652299883,11.31920986297,18.6938899455134));
#1939=CARTESIAN_POINT('Ctrl Pts',(-35.7801352496036,11.2472657780536,18.6676952650767));
#1940=CARTESIAN_POINT('Ctrl Pts',(-35.3720052692188,11.1753216931372,18.64150058464));
#1941=CARTESIAN_POINT('Ctrl Pts',(-35.0025974016187,10.8837117832763,18.6153059042033));
#1942=CARTESIAN_POINT('Ctrl Pts',(-34.8378627065397,10.5034375208758,18.5891112237666));
#1943=CARTESIAN_POINT('Ctrl Pts',(-34.7696686130294,10.3460179888379,18.5782675913046));
#1944=CARTESIAN_POINT('Ctrl Pts',(-34.736548438155,10.1734044465222,18.5674239588426));
#1945=CARTESIAN_POINT('Ctrl Pts',(-34.7372294102696,10.0005411713126,18.5565803263806));
#1946=CARTESIAN_POINT('Ctrl Pts',(-34.7375229395917,9.99990725760763,18.6934196736194));
#1947=CARTESIAN_POINT('Ctrl Pts',(-34.7376652639791,10.2159821464055,18.706966237972));
#1948=CARTESIAN_POINT('Ctrl Pts',(-34.790305721172,10.432122060703,18.7205128023246));
#1949=CARTESIAN_POINT('Ctrl Pts',(-34.8950475852414,10.6190711329336,18.7340593666771));
#1950=CARTESIAN_POINT('Ctrl Pts',(-35.0989691883573,10.9830416890145,18.7604331298713));
#1951=CARTESIAN_POINT('Ctrl Pts',(-35.500376342684,11.2363670652147,18.7868068930656));
#1952=CARTESIAN_POINT('Ctrl Pts',(-35.9166758332324,11.2638140218897,18.8131806562598));
#1953=CARTESIAN_POINT('Ctrl Pts',(-36.3329753237809,11.2912609785647,18.839554419454));
#1954=CARTESIAN_POINT('Ctrl Pts',(-36.7641671505512,11.0928295157144,18.8659281826483));
#1955=CARTESIAN_POINT('Ctrl Pts',(-37.0141095498858,10.7587824559324,18.8923019458425));
#1956=CARTESIAN_POINT('Ctrl Pts',(-37.2640519492205,10.4247353961504,18.9186757090367));
#1957=CARTESIAN_POINT('Ctrl Pts',(-37.3327449211196,9.95507273943659,18.9450494722309));
#1958=CARTESIAN_POINT('Ctrl Pts',(-37.1889412293757,9.5634364360227,18.9714232354252));
#1959=CARTESIAN_POINT('Ctrl Pts',(-37.0451375376318,9.17180013260881,18.9977969986194));
#1960=CARTESIAN_POINT('Ctrl Pts',(-36.688837182245,8.85819018249484,19.0241707618136));
#1961=CARTESIAN_POINT('Ctrl Pts',(-36.2821150415414,8.76526142840717,19.0505445250078));
#1962=CARTESIAN_POINT('Ctrl Pts',(-35.8753929008379,8.6723326743195,19.0769182882021));
#1963=CARTESIAN_POINT('Ctrl Pts',(-35.4182489748177,8.80008511625812,19.1032920513963));
#1964=CARTESIAN_POINT('Ctrl Pts',(-35.1186302477379,9.09040820792471,19.1296658145905));
#1965=CARTESIAN_POINT('Ctrl Pts',(-34.8772053393548,9.32434293720641,19.1509171009335));
#1966=CARTESIAN_POINT('Ctrl Pts',(-34.7380570299925,9.66383013216747,19.1721683872764));
#1967=CARTESIAN_POINT('Ctrl Pts',(-34.7350005489916,10.0010886259542,19.1934196736194));
#1968=CARTESIAN_POINT('Origin',(-36.,10.,20.));
#1969=CARTESIAN_POINT('',(-34.7341957887005,9.99918998263922,19.6934196736194));
#1970=CARTESIAN_POINT('',(-34.7363906773374,9.99900591251814,19.5565803263806));
#1971=CARTESIAN_POINT('',(-34.7355,10.,20.));
#1972=CARTESIAN_POINT('',(-36.9581161527224,9.17478870106354,20.));
#1973=CARTESIAN_POINT('Ctrl Pts',(-34.7341957887005,9.99918998263922,19.6934196736194));
#1974=CARTESIAN_POINT('Ctrl Pts',(-34.737002270954,10.3646581896008,19.7164918261636));
#1975=CARTESIAN_POINT('Ctrl Pts',(-34.904174174962,10.7322829078286,19.7395639787078));
#1976=CARTESIAN_POINT('Ctrl Pts',(-35.1830913209193,10.9677859033837,19.7626361312519));
#1977=CARTESIAN_POINT('Ctrl Pts',(-35.5019213366363,11.2369892308327,19.7890098944462));
#1978=CARTESIAN_POINT('Ctrl Pts',(-35.9667661988172,11.3335522497183,19.8153836576404));
#1979=CARTESIAN_POINT('Ctrl Pts',(-36.3661557770609,11.2126999949147,19.8417574208346));
#1980=CARTESIAN_POINT('Ctrl Pts',(-36.7655453553045,11.0918477401111,19.8681311840289));
#1981=CARTESIAN_POINT('Ctrl Pts',(-37.0994796496108,10.7535802116182,19.8945049472231));
#1982=CARTESIAN_POINT('Ctrl Pts',(-37.215995743346,10.3537007603914,19.9208787104173));
#1983=CARTESIAN_POINT('Ctrl Pts',(-37.3325118370813,9.95382130916458,19.9472524736115));
#1984=CARTESIAN_POINT('Ctrl Pts',(-37.2316097302456,9.49232993520383,19.9736262368058));
#1985=CARTESIAN_POINT('Ctrl Pts',(-36.9581161527224,9.17478870106353,20.));
#1986=CARTESIAN_POINT('',(-35.0401023964274,9.17362827927408,20.));
#1987=CARTESIAN_POINT('Origin',(-36.,10.,20.));
#1988=CARTESIAN_POINT('Ctrl Pts',(-35.0400944301349,9.17362309009963,20.));
#1989=CARTESIAN_POINT('Ctrl Pts',(-35.2991207645415,8.87480922982387,19.9750133086796));
#1990=CARTESIAN_POINT('Ctrl Pts',(-35.7100032601986,8.70533024522031,19.9500266173593));
#1991=CARTESIAN_POINT('Ctrl Pts',(-36.1040423541426,8.73787059641116,19.9250399260389));
#1992=CARTESIAN_POINT('Ctrl Pts',(-36.5171313867438,8.77198412067949,19.8988452456022));
#1993=CARTESIAN_POINT('Ctrl Pts',(-36.9117090514297,9.0281225253496,19.8726505651655));
#1994=CARTESIAN_POINT('Ctrl Pts',(-37.110757458636,9.39155016503726,19.8464558847288));
#1995=CARTESIAN_POINT('Ctrl Pts',(-37.3098058658423,9.75497780472493,19.8202612042921));
#1996=CARTESIAN_POINT('Ctrl Pts',(-37.3133250155691,10.2256946794301,19.7940665238553));
#1997=CARTESIAN_POINT('Ctrl Pts',(-37.1196122120832,10.5920711499358,19.7678718434186));
#1998=CARTESIAN_POINT('Ctrl Pts',(-36.9258994085973,10.9584476204414,19.7416771629819));
#1999=CARTESIAN_POINT('Ctrl Pts',(-36.5349546518988,11.2204836867474,19.7154824825452));
#2000=CARTESIAN_POINT('Ctrl Pts',(-36.1224659279765,11.2605482017947,19.6892878021085));
#2001=CARTESIAN_POINT('Ctrl Pts',(-35.7099772040541,11.3006127168421,19.6630931216718));
#2002=CARTESIAN_POINT('Ctrl Pts',(-35.275944512908,11.1187056806308,19.6368984412351));
#2003=CARTESIAN_POINT('Ctrl Pts',(-35.015319288294,10.7965031589901,19.6107037607984));
#2004=CARTESIAN_POINT('Ctrl Pts',(-34.835818056023,10.574591600886,19.5926626159924));
#2005=CARTESIAN_POINT('Ctrl Pts',(-34.7385732370713,10.2861304087488,19.5746214711865));
#2006=CARTESIAN_POINT('Ctrl Pts',(-34.7363906773374,9.99900591251814,19.5565803263806));
#2007=CARTESIAN_POINT('Origin',(-36.,10.,21.1042117235887));
#2008=CARTESIAN_POINT('',(-34.4585959222121,9.99833189390966,13.8957882764113));
#2009=CARTESIAN_POINT('',(-34.4580863846958,9.99953789147113,13.8542117235887));
#2010=CARTESIAN_POINT('',(-34.457,9.99999999999988,21.1042117235887));
#2011=CARTESIAN_POINT('',(-35.3420002913951,8.60433335517541,13.7642700003768));
#2012=CARTESIAN_POINT('Ctrl Pts',(-34.4580863846958,9.99953789147113,13.8542117235887));
#2013=CARTESIAN_POINT('Ctrl Pts',(-34.4575064939752,9.84794000525141,13.8464014786161));
#2014=CARTESIAN_POINT('Ctrl Pts',(-34.5388196173759,9.26669326636399,13.8164209042121));
#2015=CARTESIAN_POINT('Ctrl Pts',(-34.9531667598572,8.78765245318244,13.7864403298081));
#2016=CARTESIAN_POINT('Ctrl Pts',(-35.3420002913952,8.6043333551754,13.7642700003768));
#2017=CARTESIAN_POINT('',(-35.3902940290513,8.58318796201105,13.8031290190654));
#2018=CARTESIAN_POINT('Ctrl Pts',(-35.3900360430853,8.58268106226405,13.8031290190654));
#2019=CARTESIAN_POINT('Ctrl Pts',(-35.37348655582,8.58980337642249,13.790559941747));
#2020=CARTESIAN_POINT('Ctrl Pts',(-35.3574598819462,8.59704479087858,13.7775799642282));
#2021=CARTESIAN_POINT('Ctrl Pts',(-35.3420002913951,8.60433335517541,13.7642700003768));
#2022=CARTESIAN_POINT('Ctrl Pts',(-34.4585959222121,9.99833189390967,13.8957882764113));
#2023=CARTESIAN_POINT('Ctrl Pts',(-34.4574416264319,9.83420890940092,13.887340443544));
#2024=CARTESIAN_POINT('Ctrl Pts',(-34.5457955037205,9.23575203808548,13.8564540244287));
#2025=CARTESIAN_POINT('Ctrl Pts',(-34.9921103380669,8.75810171588506,13.8255676053134));
#2026=CARTESIAN_POINT('Ctrl Pts',(-35.390440955839,8.58347664884408,13.8031290190654));
#2027=CARTESIAN_POINT('Origin',(-36.,10.,21.1042117235887));
#2028=CARTESIAN_POINT('',(-34.4581328425751,10.001200255691,14.3957882764113));
#2029=CARTESIAN_POINT('',(-34.4589991453679,10.0008365644673,14.3542117235887));
#2030=CARTESIAN_POINT('',(-34.457,9.99999999999988,21.1042117235887));
#2031=CARTESIAN_POINT('',(-36.1956923791754,11.5305402617157,13.9893314625203));
#2032=CARTESIAN_POINT('Ctrl Pts',(-34.4589991453679,10.0008365644673,14.3542117235887));
#2033=CARTESIAN_POINT('Ctrl Pts',(-34.460634256853,9.68707632299714,14.3380800226762));
#2034=CARTESIAN_POINT('Ctrl Pts',(-34.7060078250667,8.85805522737506,14.2955745585694));
#2035=CARTESIAN_POINT('Ctrl Pts',(-36.0572006088471,8.17958550509775,14.2266953312684));
#2036=CARTESIAN_POINT('Ctrl Pts',(-37.5586904885349,9.05490210841401,14.1475740416857));
#2037=CARTESIAN_POINT('Ctrl Pts',(-37.6392840305072,10.7930860152054,14.068452752103));
#2038=CARTESIAN_POINT('Ctrl Pts',(-36.7029478327294,11.4656834075455,14.0157052257145));
#2039=CARTESIAN_POINT('Ctrl Pts',(-36.1956923791754,11.5305402617157,13.9893314625203));
#2040=CARTESIAN_POINT('',(-35.7030890804323,11.5141640947538,13.9638029652587));
#2041=CARTESIAN_POINT('Ctrl Pts',(-35.7030890804323,11.5141640947538,13.9638029652587));
#2042=CARTESIAN_POINT('Ctrl Pts',(-35.7999076928917,11.5331491594216,13.9936290856306));
#2043=CARTESIAN_POINT('Ctrl Pts',(-35.9017409568839,11.543,14.0085));
#2044=CARTESIAN_POINT('Ctrl Pts',(-36.0645030019779,11.543,14.0085));
#2045=CARTESIAN_POINT('Ctrl Pts',(-36.1305599005,11.5388679941069,14.0022148390189));
#2046=CARTESIAN_POINT('Ctrl Pts',(-36.1956923791754,11.5305402617157,13.9893314625203));
#2047=CARTESIAN_POINT('Ctrl Pts',(-35.7030890804323,11.5141640947538,13.9638029652587));
#2048=CARTESIAN_POINT('Ctrl Pts',(-35.2812420910568,11.4314445414595,13.9416326358274));
#2049=CARTESIAN_POINT('Ctrl Pts',(-34.649017875635,10.9888529698072,13.9051022219374));
#2050=CARTESIAN_POINT('Ctrl Pts',(-34.4591525842521,10.2782690269849,13.8685718080474));
#2051=CARTESIAN_POINT('Ctrl Pts',(-34.4580863846958,9.99953789147113,13.8542117235887));
#2052=CARTESIAN_POINT('Ctrl Pts',(-34.4581328425751,10.001200255691,14.3957882764113));
#2053=CARTESIAN_POINT('Ctrl Pts',(-34.460748733167,9.65265128143019,14.3778418594976));
#2054=CARTESIAN_POINT('Ctrl Pts',(-34.7492949800476,8.79143975574977,14.3337007621471));
#2055=CARTESIAN_POINT('Ctrl Pts',(-36.1692659124226,8.19034643905864,14.26336498436));
#2056=CARTESIAN_POINT('Ctrl Pts',(-37.6038277303209,9.14447420992864,14.1847809430499));
#2057=CARTESIAN_POINT('Ctrl Pts',(-37.5970988343207,10.8676791868568,14.1061969017398));
#2058=CARTESIAN_POINT('Ctrl Pts',(-36.156012098985,11.8104864782018,14.0276128604296));
#2059=CARTESIAN_POINT('Ctrl Pts',(-34.7437019824131,11.2015814039254,13.9574766519868));
#2060=CARTESIAN_POINT('Ctrl Pts',(-34.4610208176361,10.3431144712242,13.9135351239807));
#2061=CARTESIAN_POINT('Ctrl Pts',(-34.4585959222121,9.99833189390967,13.8957882764113));
#2062=CARTESIAN_POINT('Origin',(-36.,10.,21.1042117235887));
#2063=CARTESIAN_POINT('',(-34.4547148309047,9.99957691946892,14.8957882764113));
#2064=CARTESIAN_POINT('',(-34.4547996552935,10.000620048352,14.8542117235887));
#2065=CARTESIAN_POINT('',(-34.457,9.99999999999988,21.1042117235887));
#2066=CARTESIAN_POINT('Ctrl Pts',(-34.4547996552935,10.000620048352,14.8542117235887));
#2067=CARTESIAN_POINT('Ctrl Pts',(-34.4572281642908,9.52636619317313,14.8296559351749));
#2068=CARTESIAN_POINT('Ctrl Pts',(-34.9441723845389,8.53843376613424,14.7787263835667));
#2069=CARTESIAN_POINT('Ctrl Pts',(-36.6232978568237,8.2882196565802,14.7014230687644));
#2070=CARTESIAN_POINT('Ctrl Pts',(-37.7748812278173,9.58941506698126,14.6223017791817));
#2071=CARTESIAN_POINT('Ctrl Pts',(-37.3116910146299,11.2641958695213,14.5431804895991));
#2072=CARTESIAN_POINT('Ctrl Pts',(-35.6552631962216,11.7887575229699,14.4640592000164));
#2073=CARTESIAN_POINT('Ctrl Pts',(-34.5860952877582,10.9109642830687,14.4010696113463));
#2074=CARTESIAN_POINT('Ctrl Pts',(-34.4579610084871,10.2000438242637,14.3644537858704));
#2075=CARTESIAN_POINT('Ctrl Pts',(-34.4589991453679,10.0008365644673,14.3542117235887));
#2076=CARTESIAN_POINT('Ctrl Pts',(-34.4547148309048,9.99957691946892,14.8957882764113));
#2077=CARTESIAN_POINT('Ctrl Pts',(-34.4546254419056,9.97543273704529,14.8945379558879));
#2078=CARTESIAN_POINT('Ctrl Pts',(-34.4659939251353,9.44554485974528,14.8670929549278));
#2079=CARTESIAN_POINT('Ctrl Pts',(-35.0715173746865,8.43742394732702,14.813453273531));
#2080=CARTESIAN_POINT('Ctrl Pts',(-36.7928437956073,8.36442142041706,14.7348692322208));
#2081=CARTESIAN_POINT('Ctrl Pts',(-37.801825968164,9.76093458422315,14.6562851909107));
#2082=CARTESIAN_POINT('Ctrl Pts',(-37.1919153604437,11.3722480570537,14.5777011496006));
#2083=CARTESIAN_POINT('Ctrl Pts',(-35.5111139100167,11.7506230815952,14.4991171082904));
#2084=CARTESIAN_POINT('Ctrl Pts',(-34.5530829216737,10.8289284641252,14.438479483894));
#2085=CARTESIAN_POINT('Ctrl Pts',(-34.4569305660954,10.16139511822,14.4040365399343));
#2086=CARTESIAN_POINT('Ctrl Pts',(-34.4581328425751,10.001200255691,14.3957882764113));
#2087=CARTESIAN_POINT('Origin',(-36.,10.,21.1042117235887));
#2088=CARTESIAN_POINT('',(-34.4590856974421,9.99931447361313,15.3957882764113));
#2089=CARTESIAN_POINT('',(-34.4572506721755,9.99861559581719,15.3542117235887));
#2090=CARTESIAN_POINT('',(-34.457,9.99999999999988,21.1042117235887));
#2091=CARTESIAN_POINT('Ctrl Pts',(-34.4572506721755,9.9986155958172,15.3542117235887));
#2092=CARTESIAN_POINT('Ctrl Pts',(-34.4561058771638,9.87050304761684,15.3476056108678));
#2093=CARTESIAN_POINT('Ctrl Pts',(-34.5291653419673,9.23221074025619,15.3146257349526));
#2094=CARTESIAN_POINT('Ctrl Pts',(-35.4140165075121,8.27508025723852,15.2552720958432));
#2095=CARTESIAN_POINT('Ctrl Pts',(-37.1266736156153,8.56845168071497,15.1761508062605));
#2096=CARTESIAN_POINT('Ctrl Pts',(-37.8143221886455,10.1641961558319,15.0970295166778));
#2097=CARTESIAN_POINT('Ctrl Pts',(-36.8513619514083,11.6105614529089,15.0179082270951));
#2098=CARTESIAN_POINT('Ctrl Pts',(-35.1138634638675,11.5916916093289,14.9387869375125));
#2099=CARTESIAN_POINT('Ctrl Pts',(-34.4715809691027,10.5800305255827,14.8842214363437));
#2100=CARTESIAN_POINT('Ctrl Pts',(-34.454619861917,10.0357311811599,14.8560296983691));
#2101=CARTESIAN_POINT('Ctrl Pts',(-34.4547996552935,10.000620048352,14.8542117235887));
#2102=CARTESIAN_POINT('Ctrl Pts',(-34.4590856974421,9.99931447361313,15.3957882764113));
#2103=CARTESIAN_POINT('Ctrl Pts',(-34.4582297770348,9.79022997262412,15.3850393718415));
#2104=CARTESIAN_POINT('Ctrl Pts',(-34.5946324698321,9.07268385078962,15.348095786835));
#2105=CARTESIAN_POINT('Ctrl Pts',(-35.6780702288529,8.21112206950843,15.2849575213918));
#2106=CARTESIAN_POINT('Ctrl Pts',(-37.3157982761171,8.74604712148772,15.2063734800817));
#2107=CARTESIAN_POINT('Ctrl Pts',(-37.7713202952103,10.4076119129361,15.1277894387715));
#2108=CARTESIAN_POINT('Ctrl Pts',(-36.6353630102355,11.7029495034414,15.0492053974614));
#2109=CARTESIAN_POINT('Ctrl Pts',(-34.9557073421164,11.4719712098908,14.9718716766747));
#2110=CARTESIAN_POINT('Ctrl Pts',(-34.4564981747158,10.4812623472659,14.9207326363246));
#2111=CARTESIAN_POINT('Ctrl Pts',(-34.4547148309048,9.99957691946892,14.8957882764113));
#2112=CARTESIAN_POINT('Origin',(-36.,10.,21.1042117235887));
#2113=CARTESIAN_POINT('',(-34.4568973999842,10.0013327337753,15.8957882764113));
#2114=CARTESIAN_POINT('',(-34.4592763646426,10.0005643554916,15.8542117235887));
#2115=CARTESIAN_POINT('',(-34.457,9.99999999999988,21.1042117235887));
#2116=CARTESIAN_POINT('Ctrl Pts',(-34.4592763646426,10.0005643554916,15.8542117235887));
#2117=CARTESIAN_POINT('Ctrl Pts',(-34.460244055551,9.7081143610573,15.8391815233665));
#2118=CARTESIAN_POINT('Ctrl Pts',(-34.6807455766911,8.90114460436768,15.79777755995));
#2119=CARTESIAN_POINT('Ctrl Pts',(-35.9819583999821,8.17835263136791,15.7299998333393));
#2120=CARTESIAN_POINT('Ctrl Pts',(-37.5173612519775,8.99186337629112,15.6508785437566));
#2121=CARTESIAN_POINT('Ctrl Pts',(-37.672320973184,10.7225421794455,15.5717572541739));
#2122=CARTESIAN_POINT('Ctrl Pts',(-36.3058605119181,11.7958769452199,15.4926359645912));
#2123=CARTESIAN_POINT('Ctrl Pts',(-34.7984622595417,11.2821820037175,15.4201207877295));
#2124=CARTESIAN_POINT('Ctrl Pts',(-34.4606762733743,10.3819702524874,15.373979374062));
#2125=CARTESIAN_POINT('Ctrl Pts',(-34.4572506721755,9.9986155958172,15.3542117235887));
#2126=CARTESIAN_POINT('Ctrl Pts',(-34.4568973999842,10.0013327337753,15.8957882764113));
#2127=CARTESIAN_POINT('Ctrl Pts',(-34.4603939219223,9.60890026162845,15.8755407877951));
#2128=CARTESIAN_POINT('Ctrl Pts',(-34.8107043709139,8.70321147369127,15.8290986187422));
#2129=CARTESIAN_POINT('Ctrl Pts',(-36.3254643536729,8.21176177321055,15.7564617692526));
#2130=CARTESIAN_POINT('Ctrl Pts',(-37.6718261928941,9.28675377303321,15.6778777279425));
#2131=CARTESIAN_POINT('Ctrl Pts',(-37.5161013426255,11.0025765405487,15.5992936866323));
#2132=CARTESIAN_POINT('Ctrl Pts',(-35.9982040009727,11.8176137596287,15.5207096453222));
#2133=CARTESIAN_POINT('Ctrl Pts',(-34.6893210587478,11.1114711795102,15.4528745085818));
#2134=CARTESIAN_POINT('Ctrl Pts',(-34.4603156232159,10.2997611208564,15.4112340522782));
#2135=CARTESIAN_POINT('Ctrl Pts',(-34.4590856974421,9.99931447361313,15.3957882764113));
#2136=CARTESIAN_POINT('Origin',(-36.,10.,21.1042117235887));
#2137=CARTESIAN_POINT('',(-34.4555871815317,9.99895143239949,16.3957882764113));
#2138=CARTESIAN_POINT('',(-34.4552284040413,10.0009337049185,16.3542117235887));
#2139=CARTESIAN_POINT('',(-34.457,9.99999999999988,21.1042117235887));
#2140=CARTESIAN_POINT('Ctrl Pts',(-34.4552284040413,10.0009337049185,16.3542117235887));
#2141=CARTESIAN_POINT('Ctrl Pts',(-34.4584719566216,9.54762218691507,16.3307574358652));
#2142=CARTESIAN_POINT('Ctrl Pts',(-34.9081620263028,8.57897279735243,16.2809293849474));
#2143=CARTESIAN_POINT('Ctrl Pts',(-36.5517047368258,8.26381264989595,16.2047275708353));
#2144=CARTESIAN_POINT('Ctrl Pts',(-37.7562935208307,9.51610156049871,16.1256062812527));
#2145=CARTESIAN_POINT('Ctrl Pts',(-37.3630667974526,11.2086246468254,16.04648499167));
#2146=CARTESIAN_POINT('Ctrl Pts',(-35.7297687298941,11.8015825522122,15.9673637020873));
#2147=CARTESIAN_POINT('Ctrl Pts',(-34.6058835817049,10.954236335196,15.9032726127269));
#2148=CARTESIAN_POINT('Ctrl Pts',(-34.458546030875,10.2212816366296,15.8655552865607));
#2149=CARTESIAN_POINT('Ctrl Pts',(-34.4592763646426,10.0005643554916,15.8542117235887));
#2150=CARTESIAN_POINT('Ctrl Pts',(-34.4555871815317,9.99895143239949,16.3957882764113));
#2151=CARTESIAN_POINT('Ctrl Pts',(-34.455049072824,9.93027028580213,16.3922368841854));
#2152=CARTESIAN_POINT('Ctrl Pts',(-34.4901746298403,9.35555793426401,16.3624908115229));
#2153=CARTESIAN_POINT('Ctrl Pts',(-35.210389281725,8.36285678261134,16.3065500584236));
#2154=CARTESIAN_POINT('Ctrl Pts',(-36.9315691634407,8.43926238771633,16.2279660171134));
#2155=CARTESIAN_POINT('Ctrl Pts',(-37.8157615356826,9.91794485890053,16.1493819758033));
#2156=CARTESIAN_POINT('Ctrl Pts',(-37.0685455432335,11.4703514622978,16.0707979344932));
#2157=CARTESIAN_POINT('Ctrl Pts',(-35.3612727905286,11.7016904984822,15.992213893183));
#2158=CARTESIAN_POINT('Ctrl Pts',(-34.5199013917349,10.7384372181202,15.9338773404891));
#2159=CARTESIAN_POINT('Ctrl Pts',(-34.4558703843841,10.1165999272881,15.9017354682318));
#2160=CARTESIAN_POINT('Ctrl Pts',(-34.4568973999842,10.0013327337753,15.8957882764113));
#2161=CARTESIAN_POINT('Origin',(-36.,10.,21.1042117235887));
#2162=CARTESIAN_POINT('',(-34.4594021182348,9.99998550677162,16.8957882764113));
#2163=CARTESIAN_POINT('',(-34.4566119488728,9.99864191369482,16.8542117235887));
#2164=CARTESIAN_POINT('',(-34.457,9.99999999999988,21.1042117235887));
#2165=CARTESIAN_POINT('Ctrl Pts',(-34.4566119488728,9.99864191369482,16.8542117235887));
#2166=CARTESIAN_POINT('Ctrl Pts',(-34.4556384478218,9.89200393006029,16.8487071115581));
#2167=CARTESIAN_POINT('Ctrl Pts',(-34.5142293097043,9.27550327391162,16.8168287363332));
#2168=CARTESIAN_POINT('Ctrl Pts',(-35.342913866985,8.30089363340151,16.7585765979141));
#2169=CARTESIAN_POINT('Ctrl Pts',(-37.0662736453224,8.52291329147236,16.6794553083314));
#2170=CARTESIAN_POINT('Ctrl Pts',(-37.8195742931478,10.0887356914101,16.6003340187487));
#2171=CARTESIAN_POINT('Ctrl Pts',(-36.9174887608385,11.5738294078298,16.5212127291661));
#2172=CARTESIAN_POINT('Ctrl Pts',(-35.180703474389,11.627107198174,16.4420914395834));
#2173=CARTESIAN_POINT('Ctrl Pts',(-34.4831764551229,10.6231134330629,16.3864244377243));
#2174=CARTESIAN_POINT('Ctrl Pts',(-34.4548246624181,10.0573597142254,16.3571311990594));
#2175=CARTESIAN_POINT('Ctrl Pts',(-34.4552284040413,10.0009337049185,16.3542117235887));
#2176=CARTESIAN_POINT('Ctrl Pts',(-34.4594021182348,9.99998550677162,16.8957882764113));
#2177=CARTESIAN_POINT('Ctrl Pts',(-34.4593804173301,9.74601053418217,16.882738300139));
#2178=CARTESIAN_POINT('Ctrl Pts',(-34.6382015287152,8.98227081440411,16.8434936434301));
#2179=CARTESIAN_POINT('Ctrl Pts',(-35.8342684353017,8.18995689302113,16.7780543062844));
#2180=CARTESIAN_POINT('Ctrl Pts',(-37.4194924952628,8.86476255499035,16.6994702649742));
#2181=CARTESIAN_POINT('Ctrl Pts',(-37.7293442748348,10.5595456904982,16.6208862236641));
#2182=CARTESIAN_POINT('Ctrl Pts',(-36.4854310583016,11.7515934711841,16.542302182354));
#2183=CARTESIAN_POINT('Ctrl Pts',(-34.8812979957853,11.3871362385803,16.4672695332697));
#2184=CARTESIAN_POINT('Ctrl Pts',(-34.4590181037683,10.4368549074751,16.4184315646221));
#2185=CARTESIAN_POINT('Ctrl Pts',(-34.4555871815317,9.99895143239949,16.3957882764113));
#2186=CARTESIAN_POINT('Origin',(-36.,10.,21.1042117235887));
#2187=CARTESIAN_POINT('',(-34.4556343016534,10.0010677161505,17.3957882764113));
#2188=CARTESIAN_POINT('',(-34.459443513912,10.0002326167041,17.3542117235887));
#2189=CARTESIAN_POINT('',(-34.457,9.99999999999988,21.1042117235887));
#2190=CARTESIAN_POINT('Ctrl Pts',(-34.459443513912,10.0002326167041,17.3542117235887));
#2191=CARTESIAN_POINT('Ctrl Pts',(-34.4598108465059,9.72914155379569,17.3402830240568));
#2192=CARTESIAN_POINT('Ctrl Pts',(-34.6569063417598,8.94424464444411,17.2999805613306));
#2193=CARTESIAN_POINT('Ctrl Pts',(-35.9063506943999,8.18067198153348,17.2333043354102));
#2194=CARTESIAN_POINT('Ctrl Pts',(-37.4742017462189,8.92974122630955,17.1541830458275));
#2195=CARTESIAN_POINT('Ctrl Pts',(-37.7008746957674,10.6524951344759,17.0750617562448));
#2196=CARTESIAN_POINT('Ctrl Pts',(-36.3801502809319,11.7816313858719,16.9959404666621));
#2197=CARTESIAN_POINT('Ctrl Pts',(-34.8295246515976,11.3241112150825,16.9223237891101));
#2198=CARTESIAN_POINT('Ctrl Pts',(-34.4603026977353,10.4029291164725,16.8750808747523));
#2199=CARTESIAN_POINT('Ctrl Pts',(-34.4566119488728,9.99864191369482,16.8542117235887));
#2200=CARTESIAN_POINT('Ctrl Pts',(-34.4556343016534,10.0010677161505,17.3957882764113));
#2201=CARTESIAN_POINT('Ctrl Pts',(-34.459095168258,9.56496140298425,17.3732397160926));
#2202=CARTESIAN_POINT('Ctrl Pts',(-34.8783750021773,8.61640030645453,17.3244964753373));
#2203=CARTESIAN_POINT('Ctrl Pts',(-36.4791727602167,8.24668415095139,17.2495585541452));
#2204=CARTESIAN_POINT('Ctrl Pts',(-37.727335026052,9.43428213000372,17.1709745128351));
#2205=CARTESIAN_POINT('Ctrl Pts',(-37.4235375467507,11.1301609857231,17.092390471525));
#2206=CARTESIAN_POINT('Ctrl Pts',(-35.8407334272044,11.810623417348,17.0138064302148));
#2207=CARTESIAN_POINT('Ctrl Pts',(-34.6401092026914,11.021445144384,16.9482723651769));
#2208=CARTESIAN_POINT('Ctrl Pts',(-34.4594239766632,10.2558040469913,16.9089329805757));
#2209=CARTESIAN_POINT('Ctrl Pts',(-34.4594021182348,9.99998550677162,16.8957882764113));
#2210=CARTESIAN_POINT('Origin',(-36.,10.,21.1042117235887));
#2211=CARTESIAN_POINT('',(-34.4568435382658,9.99867028455675,17.8957882764113));
#2212=CARTESIAN_POINT('',(-34.455774777397,10.0011739053934,17.8542117235887));
#2213=CARTESIAN_POINT('',(-34.457,9.99999999999988,21.1042117235887));
#2214=CARTESIAN_POINT('Ctrl Pts',(-34.455774777397,10.0011739053934,17.8542117235887));
#2215=CARTESIAN_POINT('Ctrl Pts',(-34.4594283551573,9.56875185024699,17.8318589365555));
#2216=CARTESIAN_POINT('Ctrl Pts',(-34.8736590960562,8.61998602141606,17.783132386328));
#2217=CARTESIAN_POINT('Ctrl Pts',(-36.4791536330616,8.24240606875432,17.7080320729062));
#2218=CARTESIAN_POINT('Ctrl Pts',(-37.7346910864411,9.44360853184405,17.6289107833236));
#2219=CARTESIAN_POINT('Ctrl Pts',(-37.4120661849691,11.1509968377374,17.5497894937409));
#2220=CARTESIAN_POINT('Ctrl Pts',(-35.8047919801744,11.8112477633427,17.4706682041582));
#2221=CARTESIAN_POINT('Ctrl Pts',(-34.6267956997694,10.9975401161625,17.4054756141075));
#2222=CARTESIAN_POINT('Ctrl Pts',(-34.4591153082884,10.2424480172464,17.366656787251));
#2223=CARTESIAN_POINT('Ctrl Pts',(-34.459443513912,10.0002326167041,17.3542117235887));
#2224=CARTESIAN_POINT('Ctrl Pts',(-34.4568435382658,9.99867028455675,17.8957882764113));
#2225=CARTESIAN_POINT('Ctrl Pts',(-34.4558316379941,9.88524925572004,17.8899358124829));
#2226=CARTESIAN_POINT('Ctrl Pts',(-34.5186343985174,9.26528412824406,17.8578886681179));
#2227=CARTESIAN_POINT('Ctrl Pts',(-35.3551998717156,8.30060134303096,17.7996468433162));
#2228=CARTESIAN_POINT('Ctrl Pts',(-37.0632878842223,8.525841977293,17.721062802006));
#2229=CARTESIAN_POINT('Ctrl Pts',(-37.8160429885432,10.0755702614001,17.6424787606959));
#2230=CARTESIAN_POINT('Ctrl Pts',(-36.9371368510515,11.5574008870782,17.5638947193858));
#2231=CARTESIAN_POINT('Ctrl Pts',(-35.2162408004321,11.6399525961897,17.4853106780756));
#2232=CARTESIAN_POINT('Ctrl Pts',(-34.4912600777507,10.6481531335635,17.4292751970841));
#2233=CARTESIAN_POINT('Ctrl Pts',(-34.4550746767738,10.0715864534705,17.3994343965293));
#2234=CARTESIAN_POINT('Ctrl Pts',(-34.4556343016534,10.0010677161505,17.3957882764113));
#2235=CARTESIAN_POINT('Origin',(-36.,10.,21.1042117235887));
#2236=CARTESIAN_POINT('',(-34.4591103045046,10.0006603616728,18.3957882764113));
#2237=CARTESIAN_POINT('',(-34.4559828994029,9.99876269049569,18.3542117235887));
#2238=CARTESIAN_POINT('',(-34.457,9.99999999999988,21.1042117235887));
#2239=CARTESIAN_POINT('Ctrl Pts',(-34.4559828994029,9.99876269049569,18.3542117235887));
#2240=CARTESIAN_POINT('Ctrl Pts',(-34.4552385360905,9.91355321562,18.3498086122484));
#2241=CARTESIAN_POINT('Ctrl Pts',(-34.500324810714,9.31874392211396,18.3190317377138));
#2242=CARTESIAN_POINT('Ctrl Pts',(-35.2729441855426,8.32963642502133,18.261881099985));
#2243=CARTESIAN_POINT('Ctrl Pts',(-37.0040351674635,8.47992170784696,18.1827598104023));
#2244=CARTESIAN_POINT('Ctrl Pts',(-37.8216894478404,10.0131219990131,18.1036385208196));
#2245=CARTESIAN_POINT('Ctrl Pts',(-36.9820332529957,11.5343843459428,18.024517231237));
#2246=CARTESIAN_POINT('Ctrl Pts',(-35.2489569424926,11.65971652913,17.9453959416543));
#2247=CARTESIAN_POINT('Ctrl Pts',(-34.4957367600796,10.6662689344572,17.8886274391049));
#2248=CARTESIAN_POINT('Ctrl Pts',(-34.4551175461956,10.0789610185901,17.8582326997497));
#2249=CARTESIAN_POINT('Ctrl Pts',(-34.455774777397,10.0011739053934,17.8542117235887));
#2250=CARTESIAN_POINT('Ctrl Pts',(-34.4591103045046,10.0006603616728,18.3957882764113));
#2251=CARTESIAN_POINT('Ctrl Pts',(-34.4602866629114,9.70204436455681,18.3804372284366));
#2252=CARTESIAN_POINT('Ctrl Pts',(-34.6871844334111,8.89222392997402,18.3388915000251));
#2253=CARTESIAN_POINT('Ctrl Pts',(-35.9917130413873,8.18240424430485,18.271151091177));
#2254=CARTESIAN_POINT('Ctrl Pts',(-37.5125113240651,8.99201562743047,18.1925670498669));
#2255=CARTESIAN_POINT('Ctrl Pts',(-37.6743626414976,10.7072713371021,18.1139830085567));
#2256=CARTESIAN_POINT('Ctrl Pts',(-36.3318483449339,11.7870645419871,18.0353989672466));
#2257=CARTESIAN_POINT('Ctrl Pts',(-34.8133652605581,11.3003935545123,17.9626673898648));
#2258=CARTESIAN_POINT('Ctrl Pts',(-34.460360739681,10.3929034064452,17.9161304929197));
#2259=CARTESIAN_POINT('Ctrl Pts',(-34.4568435382658,9.99867028455675,17.8957882764113));
#2260=CARTESIAN_POINT('Origin',(-36.,10.,21.1042117235887));
#2261=CARTESIAN_POINT('',(-34.4547373673065,10.0004536925131,18.8957882764113));
#2262=CARTESIAN_POINT('',(-34.4594684822381,9.99988683154491,18.8542117235887));
#2263=CARTESIAN_POINT('',(-34.457,9.99999999999988,21.1042117235887));
#2264=CARTESIAN_POINT('Ctrl Pts',(-34.4594684822381,9.99988683154491,18.8542117235887));
#2265=CARTESIAN_POINT('Ctrl Pts',(-34.4593040340555,9.75022390721881,18.8413845247471));
#2266=CARTESIAN_POINT('Ctrl Pts',(-34.6343354361137,8.98745114289922,18.8021835627112));
#2267=CARTESIAN_POINT('Ctrl Pts',(-35.8309044539328,8.18612810590913,18.7366088374811));
#2268=CARTESIAN_POINT('Ctrl Pts',(-37.4285005263318,8.86946432988915,18.6574875478984));
#2269=CARTESIAN_POINT('Ctrl Pts',(-37.7264958976301,10.5813231062804,18.5783662583157));
#2270=CARTESIAN_POINT('Ctrl Pts',(-36.453784614605,11.7643140719877,18.4992449687331));
#2271=CARTESIAN_POINT('Ctrl Pts',(-34.8620367242453,11.3656838335452,18.4245267904907));
#2272=CARTESIAN_POINT('Ctrl Pts',(-34.4596971246234,10.4239410615241,18.3761823754426));
#2273=CARTESIAN_POINT('Ctrl Pts',(-34.4559828994029,9.99876269049569,18.3542117235887));
#2274=CARTESIAN_POINT('Ctrl Pts',(-34.4547373673065,10.0004536925131,18.8957882764113));
#2275=CARTESIAN_POINT('Ctrl Pts',(-34.4566277763254,9.52057878622176,18.8709386443902));
#2276=CARTESIAN_POINT('Ctrl Pts',(-34.9525137976154,8.53147722537752,18.8198943319323));
#2277=CARTESIAN_POINT('Ctrl Pts',(-36.6292774709944,8.29479237905011,18.7426553390378));
#2278=CARTESIAN_POINT('Ctrl Pts',(-37.7698533570455,9.58606503609131,18.6640712977277));
#2279=CARTESIAN_POINT('Ctrl Pts',(-37.3202679394172,11.249245969819,18.5854872564175));
#2280=CARTESIAN_POINT('Ctrl Pts',(-35.6844606327493,11.7900161830178,18.5069032151074));
#2281=CARTESIAN_POINT('Ctrl Pts',(-34.596322902063,10.931042204951,18.443670221772));
#2282=CARTESIAN_POINT('Ctrl Pts',(-34.4582793515802,10.2115959359301,18.4066319088733));
#2283=CARTESIAN_POINT('Ctrl Pts',(-34.4591103045046,10.0006603616728,18.3957882764113));
#2284=CARTESIAN_POINT('Origin',(-36.,10.,21.1042117235887));
#2285=CARTESIAN_POINT('',(-34.4580868447067,9.99878696956531,19.3957882764113));
#2286=CARTESIAN_POINT('',(-34.4563905473263,10.0013283905474,19.3542117235887));
#2287=CARTESIAN_POINT('',(-34.457,9.99999999999988,21.1042117235887));
#2288=CARTESIAN_POINT('Ctrl Pts',(-34.4563905473263,10.0013283905474,19.3542117235887));
#2289=CARTESIAN_POINT('Ctrl Pts',(-34.4601202034626,9.58979034712089,19.3329604372458));
#2290=CARTESIAN_POINT('Ctrl Pts',(-34.8406382370678,8.66142118149602,19.2853353877086));
#2291=CARTESIAN_POINT('Ctrl Pts',(-36.4057764522278,8.22403107834219,19.2113365749772));
#2292=CARTESIAN_POINT('Ctrl Pts',(-37.7100978006547,9.37207414601916,19.1322152853945));
#2293=CARTESIAN_POINT('Ctrl Pts',(-37.4586310019826,11.0913848917117,19.0530939958118));
#2294=CARTESIAN_POINT('Ctrl Pts',(-35.8801517879695,11.8177899858467,18.9739727062291));
#2295=CARTESIAN_POINT('Ctrl Pts',(-34.648933898621,11.0407765927326,18.9076786154881));
#2296=CARTESIAN_POINT('Ctrl Pts',(-34.4596421528824,10.2635511679744,18.8677582879413));
#2297=CARTESIAN_POINT('Ctrl Pts',(-34.4594684822381,9.99988683154491,18.8542117235887));
#2298=CARTESIAN_POINT('Ctrl Pts',(-34.4580868447067,9.99878696956531,19.3957882764113));
#2299=CARTESIAN_POINT('Ctrl Pts',(-34.4568832088638,9.84044384169125,19.3876347407805));
#2300=CARTESIAN_POINT('Ctrl Pts',(-34.5516234015693,9.17479877551381,19.353286524713));
#2301=CARTESIAN_POINT('Ctrl Pts',(-35.5048652901455,8.25113396685438,19.2927436282088));
#2302=CARTESIAN_POINT('Ctrl Pts',(-37.1870072567128,8.62350418487361,19.2141595868986));
#2303=CARTESIAN_POINT('Ctrl Pts',(-37.8026682170989,10.2326293008889,19.1355755455885));
#2304=CARTESIAN_POINT('Ctrl Pts',(-36.7986796361172,11.6327367862197,19.0569915042784));
#2305=CARTESIAN_POINT('Ctrl Pts',(-35.0771034884046,11.565881839342,18.9784074629682));
#2306=CARTESIAN_POINT('Ctrl Pts',(-34.4669080413123,10.558153254853,18.9246730536792));
#2307=CARTESIAN_POINT('Ctrl Pts',(-34.4546350441955,10.0264281206997,18.8971333248269));
#2308=CARTESIAN_POINT('Ctrl Pts',(-34.4547373673065,10.0004536925131,18.8957882764113));
#2309=CARTESIAN_POINT('Origin',(-36.,10.,21.1042117235887));
#2310=CARTESIAN_POINT('',(-34.4586403700965,10.0016513203397,19.8957882764113));
#2311=CARTESIAN_POINT('',(-34.4554085424791,9.99901158023902,19.8542117235887));
#2312=CARTESIAN_POINT('',(-34.457,9.99999999999988,21.1042117235887));
#2313=CARTESIAN_POINT('',(-35.6014861581428,11.4906494282185,20.));
#2314=CARTESIAN_POINT('Ctrl Pts',(-35.6014861581428,11.4906494282185,20.));
#2315=CARTESIAN_POINT('Ctrl Pts',(-35.1108060114029,11.3594698049626,19.9738053195633));
#2316=CARTESIAN_POINT('Ctrl Pts',(-34.5580311518393,10.8407612031311,19.939068078367));
#2317=CARTESIAN_POINT('Ctrl Pts',(-34.4574918262579,10.1676286457416,19.9043308371708));
#2318=CARTESIAN_POINT('Ctrl Pts',(-34.4586403700965,10.0016513203397,19.8957882764113));
#2319=CARTESIAN_POINT('',(-36.399446943751,11.4932172791796,20.));
#2320=CARTESIAN_POINT('Origin',(-36.,10.,20.));
#2321=CARTESIAN_POINT('Ctrl Pts',(-36.39944872113,11.4932221704398,20.));
#2322=CARTESIAN_POINT('Ctrl Pts',(-35.9230770281241,11.6194484004479,19.9744760604071));
#2323=CARTESIAN_POINT('Ctrl Pts',(-34.8884918423748,11.3898270931483,19.92587996827));
#2324=CARTESIAN_POINT('Ctrl Pts',(-34.4588331388549,10.4449723895247,19.8772838761329));
#2325=CARTESIAN_POINT('Ctrl Pts',(-34.4554085424791,9.99901158023902,19.8542117235887));
#2326=CARTESIAN_POINT('Ctrl Pts',(-35.6014861581428,11.4906494282185,20.));
#2327=CARTESIAN_POINT('Ctrl Pts',(-35.1108060114029,11.3594698049626,19.9738053195633));
#2328=CARTESIAN_POINT('Ctrl Pts',(-34.2771323919052,10.5771735950828,19.9214159586899));
#2329=CARTESIAN_POINT('Ctrl Pts',(-34.5695706912964,8.87686169026825,19.8428319173797));
#2330=CARTESIAN_POINT('Ctrl Pts',(-36.149545585714,8.18896792392444,19.7642478760696));
#2331=CARTESIAN_POINT('Ctrl Pts',(-37.593990037933,9.12662286676189,19.6856638347595));
#2332=CARTESIAN_POINT('Ctrl Pts',(-37.606872714157,10.8497928256472,19.6070797934493));
#2333=CARTESIAN_POINT('Ctrl Pts',(-36.1757273770613,11.8090375476167,19.5284957521392));
#2334=CARTESIAN_POINT('Ctrl Pts',(-34.586848510066,11.1431240081765,19.4499117108291));
#2335=CARTESIAN_POINT('Ctrl Pts',(-34.2675673695676,9.4500411495552,19.3713276695189));
#2336=CARTESIAN_POINT('Ctrl Pts',(-35.5048652901455,8.25113396685438,19.2927436282088));
#2337=CARTESIAN_POINT('Ctrl Pts',(-37.1870072567128,8.62350418487361,19.2141595868986));
#2338=CARTESIAN_POINT('Ctrl Pts',(-37.8026682170989,10.2326293008889,19.1355755455885));
#2339=CARTESIAN_POINT('Ctrl Pts',(-36.7986796361172,11.6327367862197,19.0569915042784));
#2340=CARTESIAN_POINT('Ctrl Pts',(-35.0771034884046,11.565881839342,18.9784074629682));
#2341=CARTESIAN_POINT('Ctrl Pts',(-34.1847214029585,10.0921262745058,18.8998234216581));
#2342=CARTESIAN_POINT('Ctrl Pts',(-34.9233144484563,8.53559888162419,18.821239380348));
#2343=CARTESIAN_POINT('Ctrl Pts',(-36.6292774709944,8.29479237905011,18.7426553390378));
#2344=CARTESIAN_POINT('Ctrl Pts',(-37.7698533570455,9.58606503609131,18.6640712977277));
#2345=CARTESIAN_POINT('Ctrl Pts',(-37.3202679394172,11.249245969819,18.5854872564175));
#2346=CARTESIAN_POINT('Ctrl Pts',(-35.6844606327493,11.7900161830178,18.5069032151074));
#2347=CARTESIAN_POINT('Ctrl Pts',(-34.3321561494588,10.7225094430052,18.4283191737973));
#2348=CARTESIAN_POINT('Ctrl Pts',(-34.4783603503919,9.00584922271389,18.3497351324871));
#2349=CARTESIAN_POINT('Ctrl Pts',(-35.9917130413873,8.18240424430485,18.271151091177));
#2350=CARTESIAN_POINT('Ctrl Pts',(-37.5125113240651,8.99201562743047,18.1925670498669));
#2351=CARTESIAN_POINT('Ctrl Pts',(-37.6743626414976,10.7072713371021,18.1139830085567));
#2352=CARTESIAN_POINT('Ctrl Pts',(-36.3318483449339,11.7870645419871,18.0353989672466));
#2353=CARTESIAN_POINT('Ctrl Pts',(-34.6911780648863,11.2612327869106,17.9568149259365));
#2354=CARTESIAN_POINT('Ctrl Pts',(-34.2264458203406,9.60222044755624,17.8782308846263));
#2355=CARTESIAN_POINT('Ctrl Pts',(-35.3551998717156,8.30060134303096,17.7996468433162));
#2356=CARTESIAN_POINT('Ctrl Pts',(-37.0632878842223,8.525841977293,17.721062802006));
#2357=CARTESIAN_POINT('Ctrl Pts',(-37.8160429885432,10.0755702614001,17.6424787606959));
#2358=CARTESIAN_POINT('Ctrl Pts',(-36.9371368510515,11.5574008870782,17.5638947193858));
#2359=CARTESIAN_POINT('Ctrl Pts',(-35.2162408004321,11.6399525961897,17.4853106780756));
#2360=CARTESIAN_POINT('Ctrl Pts',(-34.1995293516825,10.2490551047554,17.4067266367655));
#2361=CARTESIAN_POINT('Ctrl Pts',(-34.8004878548197,8.63438892278007,17.3281425954554));
#2362=CARTESIAN_POINT('Ctrl Pts',(-36.4791727602167,8.24668415095139,17.2495585541452));
#2363=CARTESIAN_POINT('Ctrl Pts',(-37.727335026052,9.43428213000372,17.1709745128351));
#2364=CARTESIAN_POINT('Ctrl Pts',(-37.4235375467507,11.1301609857231,17.092390471525));
#2365=CARTESIAN_POINT('Ctrl Pts',(-35.8407334272044,11.810623417348,17.0138064302148));
#2366=CARTESIAN_POINT('Ctrl Pts',(-34.4010256416043,10.8642939325556,16.9352223889047));
#2367=CARTESIAN_POINT('Ctrl Pts',(-34.39794931447,9.14142175566114,16.8566383475945));
#2368=CARTESIAN_POINT('Ctrl Pts',(-35.8342684353017,8.18995689302113,16.7780543062844));
#2369=CARTESIAN_POINT('Ctrl Pts',(-37.4194924952628,8.86476255499035,16.6994702649742));
#2370=CARTESIAN_POINT('Ctrl Pts',(-37.7293442748348,10.5595456904982,16.6208862236641));
#2371=CARTESIAN_POINT('Ctrl Pts',(-36.4854310583016,11.7515934711841,16.542302182354));
#2372=CARTESIAN_POINT('Ctrl Pts',(-34.8053723053429,11.3698860068703,16.4637181410438));
#2373=CARTESIAN_POINT('Ctrl Pts',(-34.1986514194292,9.75737623378234,16.3851340997337));
#2374=CARTESIAN_POINT('Ctrl Pts',(-35.210389281725,8.36285678261134,16.3065500584236));
#2375=CARTESIAN_POINT('Ctrl Pts',(-36.9315691634407,8.43926238771633,16.2279660171134));
#2376=CARTESIAN_POINT('Ctrl Pts',(-37.8157615356826,9.91794485890053,16.1493819758033));
#2377=CARTESIAN_POINT('Ctrl Pts',(-37.0685455432335,11.4703514622978,16.0707979344932));
#2378=CARTESIAN_POINT('Ctrl Pts',(-35.3612727905286,11.7016904984822,15.992213893183));
#2379=CARTESIAN_POINT('Ctrl Pts',(-34.2278776599176,10.4041106436493,15.9136298518729));
#2380=CARTESIAN_POINT('Ctrl Pts',(-34.6866823594575,8.74344925464468,15.8350458105628));
#2381=CARTESIAN_POINT('Ctrl Pts',(-36.3254643536729,8.21176177321055,15.7564617692526));
#2382=CARTESIAN_POINT('Ctrl Pts',(-37.6718261928941,9.28675377303321,15.6778777279425));
#2383=CARTESIAN_POINT('Ctrl Pts',(-37.5161013426255,11.0025765405487,15.5992936866323));
#2384=CARTESIAN_POINT('Ctrl Pts',(-35.9982040009727,11.8176137596287,15.5207096453222));
#2385=CARTESIAN_POINT('Ctrl Pts',(-34.4819203146049,10.9995784411584,15.4421256040121));
#2386=CARTESIAN_POINT('Ctrl Pts',(-34.3295865951293,9.28345128438595,15.3635415627019));
#2387=CARTESIAN_POINT('Ctrl Pts',(-35.6780702288529,8.21112206950843,15.2849575213918));
#2388=CARTESIAN_POINT('Ctrl Pts',(-37.3157982761171,8.74604712148772,15.2063734800817));
#2389=CARTESIAN_POINT('Ctrl Pts',(-37.7713202952103,10.4076119129361,15.1277894387715));
#2390=CARTESIAN_POINT('Ctrl Pts',(-36.6353630102355,11.7029495034414,15.0492053974614));
#2391=CARTESIAN_POINT('Ctrl Pts',(-34.9285509098033,11.4682367859171,14.9706213561513));
#2392=CARTESIAN_POINT('Ctrl Pts',(-34.1844039814921,9.91435694476663,14.8920373148411));
#2393=CARTESIAN_POINT('Ctrl Pts',(-35.0715173746865,8.43742394732702,14.813453273531));
#2394=CARTESIAN_POINT('Ctrl Pts',(-36.7928437956073,8.36442142041706,14.7348692322208));
#2395=CARTESIAN_POINT('Ctrl Pts',(-37.801825968164,9.76093458422315,14.6562851909107));
#2396=CARTESIAN_POINT('Ctrl Pts',(-37.1919153604437,11.3722480570537,14.5777011496006));
#2397=CARTESIAN_POINT('Ctrl Pts',(-35.5111139100167,11.7506230815952,14.4991171082904));
#2398=CARTESIAN_POINT('Ctrl Pts',(-34.2695424020016,10.5561421200546,14.4205330669803));
#2399=CARTESIAN_POINT('Ctrl Pts',(-34.5827752540456,8.86192985671937,14.3419490256702));
#2400=CARTESIAN_POINT('Ctrl Pts',(-36.1692659124226,8.19034643905864,14.26336498436));
#2401=CARTESIAN_POINT('Ctrl Pts',(-37.6038277303209,9.14447420992864,14.1847809430499));
#2402=CARTESIAN_POINT('Ctrl Pts',(-37.5970988343207,10.8676791868568,14.1061969017398));
#2403=CARTESIAN_POINT('Ctrl Pts',(-36.156012098985,11.8104864782018,14.0276128604296));
#2404=CARTESIAN_POINT('Ctrl Pts',(-34.5735907077021,11.1282394253134,13.9490288191195));
#2405=CARTESIAN_POINT('Ctrl Pts',(-34.275082204525,9.42898270364477,13.8704447778093));
#2406=CARTESIAN_POINT('Ctrl Pts',(-35.1059568110761,8.64371430874576,13.8180554169359));
#2407=CARTESIAN_POINT('Ctrl Pts',(-35.5961653668697,8.5107832296524,13.7918607364992));
#2408=CARTESIAN_POINT('Ctrl Pts',(-35.6254624175848,11.4009657242309,20.0535973499898));
#2409=CARTESIAN_POINT('Ctrl Pts',(-35.1643036406585,11.2776784157463,20.0274026695531));
#2410=CARTESIAN_POINT('Ctrl Pts',(-34.380787312807,10.5424484176729,19.9750133086796));
#2411=CARTESIAN_POINT('Ctrl Pts',(-34.6556313010338,8.94443438831541,19.8964292673695));
#2412=CARTESIAN_POINT('Ctrl Pts',(-36.1405482978286,8.29792718795275,19.8178452260593));
#2413=CARTESIAN_POINT('Ctrl Pts',(-37.4980889306605,9.17916888784783,19.7392611847492));
#2414=CARTESIAN_POINT('Ctrl Pts',(-37.5101965312033,10.7986657351432,19.6606771434391));
#2415=CARTESIAN_POINT('Ctrl Pts',(-36.1651548831076,11.7001982827623,19.5820931021289));
#2416=CARTESIAN_POINT('Ctrl Pts',(-34.6718696139646,11.0743488869241,19.5035090608188));
#2417=CARTESIAN_POINT('Ctrl Pts',(-34.3717977622173,9.48312897410671,19.4249250195087));
#2418=CARTESIAN_POINT('Ctrl Pts',(-35.5346546651065,8.35635306174118,19.3463409781985));
#2419=CARTESIAN_POINT('Ctrl Pts',(-37.1155919356943,8.70631993006972,19.2677569368884));
#2420=CARTESIAN_POINT('Ctrl Pts',(-37.694212157807,10.2186333492152,19.1891728955783));
#2421=CARTESIAN_POINT('Ctrl Pts',(-36.7506277288677,11.5345045125187,19.1105888542681));
#2422=CARTESIAN_POINT('Ctrl Pts',(-35.1326288023988,11.4716718388545,19.032004812958));
#2423=CARTESIAN_POINT('Ctrl Pts',(-34.2939361554484,10.0865835725292,18.9534207716479));
#2424=CARTESIAN_POINT('Ctrl Pts',(-34.9880923542902,8.62370337751264,18.8748367303377));
#2425=CARTESIAN_POINT('Ctrl Pts',(-36.5914175064941,8.3973848012654,18.7962526890276));
#2426=CARTESIAN_POINT('Ctrl Pts',(-37.663371576977,9.61096909473217,18.7176686477174));
#2427=CARTESIAN_POINT('Ctrl Pts',(-37.2408350983872,11.1740861075173,18.6390846064073));
#2428=CARTESIAN_POINT('Ctrl Pts',(-35.7034448007725,11.6823213230113,18.5605005650972));
#2429=CARTESIAN_POINT('Ctrl Pts',(-34.4325006109787,10.679040253142,18.481916523787));
#2430=CARTESIAN_POINT('Ctrl Pts',(-34.5699085557097,9.06566149134084,18.4033324824769));
#2431=CARTESIAN_POINT('Ctrl Pts',(-35.9922116194762,8.29175840675055,18.3247484411668));
#2432=CARTESIAN_POINT('Ctrl Pts',(-37.4215123169897,9.05266018300631,18.2461643998566));
#2433=CARTESIAN_POINT('Ctrl Pts',(-37.5736259822501,10.6647189354208,18.1675803585465));
#2434=CARTESIAN_POINT('Ctrl Pts',(-36.3118829606037,11.6795472650496,18.0889963172364));
#2435=CARTESIAN_POINT('Ctrl Pts',(-34.7699222664265,11.1853517475599,18.0104122759262));
#2436=CARTESIAN_POINT('Ctrl Pts',(-34.3331502573756,9.62615252907613,17.9318282346161));
#2437=CARTESIAN_POINT('Ctrl Pts',(-35.3939937441994,8.40284427367816,17.8532441933059));
#2438=CARTESIAN_POINT('Ctrl Pts',(-36.999316038088,8.61453348935261,17.7746601519958));
#2439=CARTESIAN_POINT('Ctrl Pts',(-37.7067822470636,10.0710236384146,17.6960761106857));
#2440=CARTESIAN_POINT('Ctrl Pts',(-36.8807547786778,11.463701136149,17.6174920693755));
#2441=CARTESIAN_POINT('Ctrl Pts',(-35.2633950318168,11.5412861891819,17.5389080280654));
#2442=CARTESIAN_POINT('Ctrl Pts',(-34.3078531960454,10.234070908023,17.4603239867553));
#2443=CARTESIAN_POINT('Ctrl Pts',(-34.872655522228,8.71654979662015,17.3817399454451));
#2444=CARTESIAN_POINT('Ctrl Pts',(-36.450343722904,8.35217096537353,17.303155904135));
#2445=CARTESIAN_POINT('Ctrl Pts',(-37.6234113266016,9.46831808308084,17.2245718628248));
#2446=CARTESIAN_POINT('Ctrl Pts',(-37.3378915742361,11.0621657741171,17.1459878215147));
#2447=CARTESIAN_POINT('Ctrl Pts',(-35.8503155703289,11.7016887399379,17.0674037802046));
#2448=CARTESIAN_POINT('Ctrl Pts',(-34.4972266264419,10.8122943948116,16.9888197388944));
#2449=CARTESIAN_POINT('Ctrl Pts',(-34.4943353840141,9.19307741369708,16.9102356975843));
#2450=CARTESIAN_POINT('Ctrl Pts',(-35.8442395393778,8.29885665653238,16.8316516562742));
#2451=CARTESIAN_POINT('Ctrl Pts',(-37.3340898899634,8.93306318761839,16.753067614964));
#2452=CARTESIAN_POINT('Ctrl Pts',(-37.6252996905744,10.5258810815538,16.6744835736539));
#2453=CARTESIAN_POINT('Ctrl Pts',(-36.4562254956019,11.6462102822179,16.5958995323438));
#2454=CARTESIAN_POINT('Ctrl Pts',(-34.8772461037792,11.2874679353832,16.5173154910336));
#2455=CARTESIAN_POINT('Ctrl Pts',(-34.3070280838685,9.77197349429037,16.4387314497235));
#2456=CARTESIAN_POINT('Ctrl Pts',(-35.257895564948,8.46135416564067,16.3601474084133));
#2457=CARTESIAN_POINT('Ctrl Pts',(-36.8755220664397,8.53316288998916,16.2815633671032));
#2458=CARTESIAN_POINT('Ctrl Pts',(-37.7065177275841,9.92288163937068,16.2029793257931));
#2459=CARTESIAN_POINT('Ctrl Pts',(-37.0042573743438,11.3818889688327,16.1243952844829));
#2460=CARTESIAN_POINT('Ctrl Pts',(-35.3997012908176,11.5993096810643,16.0458112431728));
#2461=CARTESIAN_POINT('Ctrl Pts',(-34.3344959514953,10.3797976572037,15.9672272018626));
#2462=CARTESIAN_POINT('Ctrl Pts',(-34.7656970414388,8.81904860279362,15.8886431605525));
#2463=CARTESIAN_POINT('Ctrl Pts',(-36.305883056957,8.31934966393445,15.8100591192424));
#2464=CARTESIAN_POINT('Ctrl Pts',(-37.5712421370028,9.32966564907777,15.7314750779323));
#2465=CARTESIAN_POINT('Ctrl Pts',(-37.4248863450188,10.9422573427646,15.6528910366221));
#2466=CARTESIAN_POINT('Ctrl Pts',(-35.9983120557856,11.7082585139911,15.574306995312));
#2467=CARTESIAN_POINT('Ctrl Pts',(-34.5732543375866,10.9394396215726,15.4957229540018));
#2468=CARTESIAN_POINT('Ctrl Pts',(-34.4300856517845,9.32656185195963,15.4171389126917));
#2469=CARTESIAN_POINT('Ctrl Pts',(-35.6974388703013,8.31874844748248,15.3385548713816));
#2470=CARTESIAN_POINT('Ctrl Pts',(-37.2366343487248,8.82149017110227,15.2599708300714));
#2471=CARTESIAN_POINT('Ctrl Pts',(-37.6647502580066,10.3830882754868,15.1813867887613));
#2472=CARTESIAN_POINT('Ctrl Pts',(-36.5971369142427,11.6004929390196,15.1028027474512));
#2473=CARTESIAN_POINT('Ctrl Pts',(-34.993013768222,11.3799015202273,15.024218706141));
#2474=CARTESIAN_POINT('Ctrl Pts',(-34.293637831385,9.9195095891569,14.9456346648309));
#2475=CARTESIAN_POINT('Ctrl Pts',(-35.127378772645,8.53143505786265,14.8670506235207));
#2476=CARTESIAN_POINT('Ctrl Pts',(-36.7451429969301,8.46282466829216,14.7884665822106));
#2477=CARTESIAN_POINT('Ctrl Pts',(-37.6934205820906,9.77531775948646,14.7098825409005));
#2478=CARTESIAN_POINT('Ctrl Pts',(-37.1202047473775,11.2896878747488,14.6312984995903));
#2479=CARTESIAN_POINT('Ctrl Pts',(-35.5405273418724,11.6452982753251,14.5527144582802));
#2480=CARTESIAN_POINT('Ctrl Pts',(-34.3736539684398,10.5226822841429,14.4741304169701));
#2481=CARTESIAN_POINT('Ctrl Pts',(-34.6680414220621,8.93040091632266,14.3955463756599));
#2482=CARTESIAN_POINT('Ctrl Pts',(-36.1590821672056,8.29922276585107,14.3169623343498));
#2483=CARTESIAN_POINT('Ctrl Pts',(-37.5073347463299,9.19594621954949,14.2383782930397));
#2484=CARTESIAN_POINT('Ctrl Pts',(-37.5010106888555,10.8154759780559,14.1597942517295));
#2485=CARTESIAN_POINT('Ctrl Pts',(-36.1466257586161,11.7015600396234,14.0812102104194));
#2486=CARTESIAN_POINT('Ctrl Pts',(-34.6594094564394,11.0603598228183,14.0026261691093));
#2487=CARTESIAN_POINT('Ctrl Pts',(-34.3788604732742,9.46333749237557,13.9240421277991));
#2488=CARTESIAN_POINT('Ctrl Pts',(-35.1597461885044,8.72531412836431,13.8716527669257));
#2489=CARTESIAN_POINT('Ctrl Pts',(-35.6204617473681,8.60038073895069,13.845458086489));
#2490=CARTESIAN_POINT('Ctrl Pts',(-35.6494386770269,11.3112820202432,20.1071946999795));
#2491=CARTESIAN_POINT('Ctrl Pts',(-35.2178012699142,11.1958870265301,20.0810000195428));
#2492=CARTESIAN_POINT('Ctrl Pts',(-34.4844422337088,10.507723240263,20.0286106586694));
#2493=CARTESIAN_POINT('Ctrl Pts',(-34.7416919107711,9.01200708636256,19.9500266173593));
#2494=CARTESIAN_POINT('Ctrl Pts',(-36.1315510099433,8.40688645198106,19.8714425760491));
#2495=CARTESIAN_POINT('Ctrl Pts',(-37.402187823388,9.23171490893378,19.792858534739));
#2496=CARTESIAN_POINT('Ctrl Pts',(-37.4135203482496,10.7475386446393,19.7142744934289));
#2497=CARTESIAN_POINT('Ctrl Pts',(-36.1545823891539,11.5913590179078,19.6356904521187));
#2498=CARTESIAN_POINT('Ctrl Pts',(-34.7568907178632,11.0055737656718,19.5571064108086));
#2499=CARTESIAN_POINT('Ctrl Pts',(-34.476028154867,9.5162167986582,19.4785223694984));
#2500=CARTESIAN_POINT('Ctrl Pts',(-35.5644440400675,8.46157215662799,19.3999383281883));
#2501=CARTESIAN_POINT('Ctrl Pts',(-37.0441766146759,8.78913567526581,19.3213542868781));
#2502=CARTESIAN_POINT('Ctrl Pts',(-37.5857560985151,10.2046373975415,19.242770245568));
#2503=CARTESIAN_POINT('Ctrl Pts',(-36.702575821618,11.4362722388177,19.1641862042579));
#2504=CARTESIAN_POINT('Ctrl Pts',(-35.188154116393,11.377461838367,19.0856021629478));
#2505=CARTESIAN_POINT('Ctrl Pts',(-34.4031509079384,10.0810408705526,19.0070181216376));
#2506=CARTESIAN_POINT('Ctrl Pts',(-35.052870260124,8.7118078734011,18.9284340803275));
#2507=CARTESIAN_POINT('Ctrl Pts',(-36.5535575419938,8.49997722348068,18.8498500390174));
#2508=CARTESIAN_POINT('Ctrl Pts',(-37.5568897969085,9.63587315337304,18.7712659977072));
#2509=CARTESIAN_POINT('Ctrl Pts',(-37.1614022573572,11.0989262452156,18.6926819563971));
#2510=CARTESIAN_POINT('Ctrl Pts',(-35.7224289687957,11.5746264630047,18.6140979150869));
#2511=CARTESIAN_POINT('Ctrl Pts',(-34.5328450724987,10.6355710632787,18.5355138737768));
#2512=CARTESIAN_POINT('Ctrl Pts',(-34.6614567610274,9.12547375996781,18.4569298324667));
#2513=CARTESIAN_POINT('Ctrl Pts',(-35.9927101975651,8.40111256919623,18.3783457911565));
#2514=CARTESIAN_POINT('Ctrl Pts',(-37.3305133099143,9.11330473858217,18.2997617498464));
#2515=CARTESIAN_POINT('Ctrl Pts',(-37.4728893230025,10.6221665337394,18.2211777085363));
#2516=CARTESIAN_POINT('Ctrl Pts',(-36.2919175762736,11.5720299881122,18.1425936672261));
#2517=CARTESIAN_POINT('Ctrl Pts',(-34.8486664679665,11.1094707082091,18.064009625916));
#2518=CARTESIAN_POINT('Ctrl Pts',(-34.4398546944107,9.65008461059602,17.9854255846058));
#2519=CARTESIAN_POINT('Ctrl Pts',(-35.4327876166832,8.50508720432536,17.9068415432957));
#2520=CARTESIAN_POINT('Ctrl Pts',(-36.9353441919536,8.70322500141221,17.8282575019856));
#2521=CARTESIAN_POINT('Ctrl Pts',(-37.597521505584,10.0664770154291,17.7496734606754));
#2522=CARTESIAN_POINT('Ctrl Pts',(-36.8243727063041,11.3700013852198,17.6710894193653));
#2523=CARTESIAN_POINT('Ctrl Pts',(-35.3105492632015,11.4426197821742,17.5925053780552));
#2524=CARTESIAN_POINT('Ctrl Pts',(-34.4161770404085,10.2190867112906,17.513921336745));
#2525=CARTESIAN_POINT('Ctrl Pts',(-34.9448231896362,8.79871067046023,17.4353372954349));
#2526=CARTESIAN_POINT('Ctrl Pts',(-36.4215146855913,8.45765777979565,17.3567532541248));
#2527=CARTESIAN_POINT('Ctrl Pts',(-37.5194876271514,9.50235403615796,17.2781692128146));
#2528=CARTESIAN_POINT('Ctrl Pts',(-37.2522456017215,10.9941705625112,17.1995851715045));
#2529=CARTESIAN_POINT('Ctrl Pts',(-35.8598977134535,11.5927540625278,17.1210011301943));
#2530=CARTESIAN_POINT('Ctrl Pts',(-34.5934276112795,10.7602948570677,17.0424170888842));
#2531=CARTESIAN_POINT('Ctrl Pts',(-34.5907214535584,9.24473307173302,16.9638330475741));
#2532=CARTESIAN_POINT('Ctrl Pts',(-35.8542106434539,8.40775642004365,16.8852490062639));
#2533=CARTESIAN_POINT('Ctrl Pts',(-37.2486872846641,9.00136382024642,16.8066649649538));
#2534=CARTESIAN_POINT('Ctrl Pts',(-37.521255106314,10.4922164726094,16.7280809236437));
#2535=CARTESIAN_POINT('Ctrl Pts',(-36.4270199329022,11.5408270932517,16.6494968823335));
#2536=CARTESIAN_POINT('Ctrl Pts',(-34.9491199022156,11.2050498638962,16.5709128410234));
#2537=CARTESIAN_POINT('Ctrl Pts',(-34.4154047483077,9.7865707547984,16.4923287997132));
#2538=CARTESIAN_POINT('Ctrl Pts',(-35.3054018481711,8.55985154866998,16.4137447584031));
#2539=CARTESIAN_POINT('Ctrl Pts',(-36.8194749694385,8.62706339226201,16.335160717093));
#2540=CARTESIAN_POINT('Ctrl Pts',(-37.5972739194857,9.92781841984079,16.2565766757828));
#2541=CARTESIAN_POINT('Ctrl Pts',(-36.9399692054541,11.2934264753676,16.1779926344727));
#2542=CARTESIAN_POINT('Ctrl Pts',(-35.4381297911065,11.4969288636464,16.0994085931626));
#2543=CARTESIAN_POINT('Ctrl Pts',(-34.4411142430729,10.3554846707582,16.0208245518524));
#2544=CARTESIAN_POINT('Ctrl Pts',(-34.84471172342,8.89464795094256,15.9422405105423));
#2545=CARTESIAN_POINT('Ctrl Pts',(-36.2863017602411,8.42693755465833,15.8636564692322));
#2546=CARTESIAN_POINT('Ctrl Pts',(-37.4706580811114,9.37257752512232,15.785072427922));
#2547=CARTESIAN_POINT('Ctrl Pts',(-37.3336713474122,10.8819381449804,15.7064883866119));
#2548=CARTESIAN_POINT('Ctrl Pts',(-35.9984201105986,11.5989032683535,15.6279043453018));
#2549=CARTESIAN_POINT('Ctrl Pts',(-34.6645883605684,10.8793008019868,15.5493203039916));
#2550=CARTESIAN_POINT('Ctrl Pts',(-34.5305847084395,9.3696724195333,15.4707362626815));
#2551=CARTESIAN_POINT('Ctrl Pts',(-35.7168075117496,8.42637482545654,15.3921522213714));
#2552=CARTESIAN_POINT('Ctrl Pts',(-37.1574704213326,8.89693322071679,15.3135681800612));
#2553=CARTESIAN_POINT('Ctrl Pts',(-37.5581802208029,10.3585646380375,15.2349841387511));
#2554=CARTESIAN_POINT('Ctrl Pts',(-36.5589108182499,11.4980363745978,15.1564000974409));
#2555=CARTESIAN_POINT('Ctrl Pts',(-35.0574766266406,11.2915662545375,15.0778160561308));
#2556=CARTESIAN_POINT('Ctrl Pts',(-34.4028716812779,9.92466223354715,14.9992320148207));
#2557=CARTESIAN_POINT('Ctrl Pts',(-35.1832401706035,8.62544616839828,14.9206479735105));
#2558=CARTESIAN_POINT('Ctrl Pts',(-36.697442198253,8.56122791616726,14.8420639322004));
#2559=CARTESIAN_POINT('Ctrl Pts',(-37.5850151960172,9.78970093474977,14.7634798908902));
#2560=CARTESIAN_POINT('Ctrl Pts',(-37.0484941343113,11.2071276924439,14.6848958495801));
#2561=CARTESIAN_POINT('Ctrl Pts',(-35.5699407737282,11.5399734690551,14.60631180827));
#2562=CARTESIAN_POINT('Ctrl Pts',(-34.4777655348781,10.4892224482312,14.5277277669599));
#2563=CARTESIAN_POINT('Ctrl Pts',(-34.7533075900786,8.99887197592597,14.4491437256497));
#2564=CARTESIAN_POINT('Ctrl Pts',(-36.1488984219885,8.40809909264349,14.3705596843396));
#2565=CARTESIAN_POINT('Ctrl Pts',(-37.4108417623389,9.24741822917034,14.2919756430294));
#2566=CARTESIAN_POINT('Ctrl Pts',(-37.4049225433903,10.7632727692549,14.2133916017193));
#2567=CARTESIAN_POINT('Ctrl Pts',(-36.1372394182473,11.5926336010451,14.1348075604092));
#2568=CARTESIAN_POINT('Ctrl Pts',(-34.7452282051767,10.9924802203232,14.056223519099));
#2569=CARTESIAN_POINT('Ctrl Pts',(-34.4826387420233,9.49769228110638,13.9776394777889));
#2570=CARTESIAN_POINT('Ctrl Pts',(-35.2135355659326,8.80691394798287,13.9252501169155));
#2571=CARTESIAN_POINT('Ctrl Pts',(-35.6447581278664,8.68997824824899,13.8990554364787));
#2572=CARTESIAN_POINT('Ctrl Pts',(-35.6734149364689,11.2215983162556,20.1607920499693));
#2573=CARTESIAN_POINT('Ctrl Pts',(-35.2712988991698,11.1140956373138,20.1345973695326));
#2574=CARTESIAN_POINT('Ctrl Pts',(-34.5880971546106,10.472998062853,20.0822080086592));
#2575=CARTESIAN_POINT('Ctrl Pts',(-34.8277525205083,9.07957978440972,20.0036239673491));
#2576=CARTESIAN_POINT('Ctrl Pts',(-36.1225537220579,8.51584571600938,19.9250399260389));
#2577=CARTESIAN_POINT('Ctrl Pts',(-37.3062867161155,9.28426093001971,19.8464558847288));
#2578=CARTESIAN_POINT('Ctrl Pts',(-37.3168441652959,10.6964115541354,19.7678718434186));
#2579=CARTESIAN_POINT('Ctrl Pts',(-36.1440098952003,11.4825197530534,19.6892878021085));
#2580=CARTESIAN_POINT('Ctrl Pts',(-34.8419118217618,10.9367986444194,19.6107037607984));
#2581=CARTESIAN_POINT('Ctrl Pts',(-34.5802585475167,9.54930462320969,19.5321197194882));
#2582=CARTESIAN_POINT('Ctrl Pts',(-35.5942334150285,8.56679125151482,19.4535356781781));
#2583=CARTESIAN_POINT('Ctrl Pts',(-36.9727612936574,8.87195142046189,19.374951636868));
#2584=CARTESIAN_POINT('Ctrl Pts',(-37.4773000392233,10.1906414458678,19.2963675955578));
#2585=CARTESIAN_POINT('Ctrl Pts',(-36.6545239143683,11.3380399651166,19.2177835542477));
#2586=CARTESIAN_POINT('Ctrl Pts',(-35.2436794303873,11.2832518378794,19.1391995129375));
#2587=CARTESIAN_POINT('Ctrl Pts',(-34.5123656604284,10.0754981685759,19.0606154716274));
#2588=CARTESIAN_POINT('Ctrl Pts',(-35.1176481659579,8.79991236928955,18.9820314303173));
#2589=CARTESIAN_POINT('Ctrl Pts',(-36.5156975774935,8.60256964569597,18.9034473890071));
#2590=CARTESIAN_POINT('Ctrl Pts',(-37.45040801684,9.6607772120139,18.824863347697));
#2591=CARTESIAN_POINT('Ctrl Pts',(-37.0819694163272,11.0237663829139,18.7462793063868));
#2592=CARTESIAN_POINT('Ctrl Pts',(-35.7414131368189,11.4669316029981,18.6676952650767));
#2593=CARTESIAN_POINT('Ctrl Pts',(-34.6331895340186,10.5921018734155,18.5891112237666));
#2594=CARTESIAN_POINT('Ctrl Pts',(-34.7530049663452,9.18528602859476,18.5105271824564));
#2595=CARTESIAN_POINT('Ctrl Pts',(-35.9932087756541,8.51046673164193,18.4319431411463));
#2596=CARTESIAN_POINT('Ctrl Pts',(-37.2395143028388,9.17394929415802,18.3533590998362));
#2597=CARTESIAN_POINT('Ctrl Pts',(-37.3721526637549,10.5796141320581,18.274775058526));
#2598=CARTESIAN_POINT('Ctrl Pts',(-36.2719521919435,11.4645127111748,18.1961910172159));
#2599=CARTESIAN_POINT('Ctrl Pts',(-34.9274106695067,11.0335896688584,18.1176069759058));
#2600=CARTESIAN_POINT('Ctrl Pts',(-34.5465591314457,9.67401669211591,18.0390229345956));
#2601=CARTESIAN_POINT('Ctrl Pts',(-35.4715814891669,8.60733013497256,17.9604388932855));
#2602=CARTESIAN_POINT('Ctrl Pts',(-36.8713723458193,8.79191651347181,17.8818548519753));
#2603=CARTESIAN_POINT('Ctrl Pts',(-37.4882607641043,10.0619303924436,17.8032708106652));
#2604=CARTESIAN_POINT('Ctrl Pts',(-36.7679906339304,11.2763016342906,17.7246867693551));
#2605=CARTESIAN_POINT('Ctrl Pts',(-35.3577034945862,11.3439533751665,17.6461027280449));
#2606=CARTESIAN_POINT('Ctrl Pts',(-34.5245008847715,10.2041025145581,17.5675186867348));
#2607=CARTESIAN_POINT('Ctrl Pts',(-35.0169908570444,8.88087154430033,17.4889346454247));
#2608=CARTESIAN_POINT('Ctrl Pts',(-36.3926856482787,8.56314459421777,17.4103506041145));
#2609=CARTESIAN_POINT('Ctrl Pts',(-37.415563927701,9.53638998923508,17.3317665628044));
#2610=CARTESIAN_POINT('Ctrl Pts',(-37.1665996292069,10.9261753509053,17.2531825214942));
#2611=CARTESIAN_POINT('Ctrl Pts',(-35.8694798565781,11.4838193851177,17.1745984801841));
#2612=CARTESIAN_POINT('Ctrl Pts',(-34.6896285961171,10.7082953193237,17.096014438874));
#2613=CARTESIAN_POINT('Ctrl Pts',(-34.6871075231025,9.29638872976897,17.0174303975638));
#2614=CARTESIAN_POINT('Ctrl Pts',(-35.8641817475301,8.5166561835549,16.9388463562537));
#2615=CARTESIAN_POINT('Ctrl Pts',(-37.1632846793647,9.06966445287446,16.8602623149436));
#2616=CARTESIAN_POINT('Ctrl Pts',(-37.4172105220536,10.4585518636649,16.7816782736334));
#2617=CARTESIAN_POINT('Ctrl Pts',(-36.3978143702025,11.4354439042854,16.7030942323233));
#2618=CARTESIAN_POINT('Ctrl Pts',(-35.020993700652,11.1226317924092,16.6245101910132));
#2619=CARTESIAN_POINT('Ctrl Pts',(-34.5237814127468,9.80116801530641,16.545926149703));
#2620=CARTESIAN_POINT('Ctrl Pts',(-35.3529081313942,8.65834893169932,16.4673421083929));
#2621=CARTESIAN_POINT('Ctrl Pts',(-36.7634278724373,8.72096389453485,16.3887580670827));
#2622=CARTESIAN_POINT('Ctrl Pts',(-37.4880301113873,9.93275520031092,16.3101740257726));
#2623=CARTESIAN_POINT('Ctrl Pts',(-36.8756810365644,11.2049639819025,16.2315899844625));
#2624=CARTESIAN_POINT('Ctrl Pts',(-35.4765582913955,11.3945480462286,16.1530059431524));
#2625=CARTESIAN_POINT('Ctrl Pts',(-34.5477325346506,10.3311716843127,16.0744219018422));
#2626=CARTESIAN_POINT('Ctrl Pts',(-34.9237264054012,8.9702472990915,15.9958378605321));
#2627=CARTESIAN_POINT('Ctrl Pts',(-36.2667204635252,8.53452544538221,15.9172538192219));
#2628=CARTESIAN_POINT('Ctrl Pts',(-37.3700740252201,9.41548940116688,15.8386697779118));
#2629=CARTESIAN_POINT('Ctrl Pts',(-37.2424563498056,10.8216189471963,15.7600857366016));
#2630=CARTESIAN_POINT('Ctrl Pts',(-35.9985281654115,11.4895480227158,15.6815016952915));
#2631=CARTESIAN_POINT('Ctrl Pts',(-34.7559223835501,10.819161982401,15.6029176539814));
#2632=CARTESIAN_POINT('Ctrl Pts',(-34.6310837650947,9.41278298710697,15.5243336126713));
#2633=CARTESIAN_POINT('Ctrl Pts',(-35.736176153198,8.53400120343059,15.4457495713611));
#2634=CARTESIAN_POINT('Ctrl Pts',(-37.0783064939404,8.97237627033133,15.367165530051));
#2635=CARTESIAN_POINT('Ctrl Pts',(-37.4516101835991,10.3340410005882,15.2885814887408));
#2636=CARTESIAN_POINT('Ctrl Pts',(-36.5206847222571,11.395579810176,15.2099974474307));
#2637=CARTESIAN_POINT('Ctrl Pts',(-35.1219394850592,11.2032309888478,15.1314134061206));
#2638=CARTESIAN_POINT('Ctrl Pts',(-34.5121055311709,9.9298148779374,15.0528293648104));
#2639=CARTESIAN_POINT('Ctrl Pts',(-35.239101568562,8.71945727893391,14.9742453235003));
#2640=CARTESIAN_POINT('Ctrl Pts',(-36.6497413995758,8.65963116404238,14.8956612821902));
#2641=CARTESIAN_POINT('Ctrl Pts',(-37.4766098099438,9.80408411001307,14.81707724088));
#2642=CARTESIAN_POINT('Ctrl Pts',(-36.976783521245,11.124567510139,14.7384931995699));
#2643=CARTESIAN_POINT('Ctrl Pts',(-35.599354205584,11.4346486627849,14.6599091582598));
#2644=CARTESIAN_POINT('Ctrl Pts',(-34.5818771013163,10.4557626123196,14.5813251169496));
#2645=CARTESIAN_POINT('Ctrl Pts',(-34.8385737580951,9.06734303552925,14.5027410756395));
#2646=CARTESIAN_POINT('Ctrl Pts',(-36.1387146767715,8.51697541943593,14.4241570343293));
#2647=CARTESIAN_POINT('Ctrl Pts',(-37.3143487783479,9.29889023879117,14.3455729930192));
#2648=CARTESIAN_POINT('Ctrl Pts',(-37.3088343979251,10.711069560454,14.2669889517091));
#2649=CARTESIAN_POINT('Ctrl Pts',(-36.1278530778785,11.4837071624667,14.1884049103989));
#2650=CARTESIAN_POINT('Ctrl Pts',(-34.831046953914,10.9246006178281,14.1098208690888));
#2651=CARTESIAN_POINT('Ctrl Pts',(-34.5864170107724,9.5320470698372,14.0312368277786));
#2652=CARTESIAN_POINT('Ctrl Pts',(-35.2673249433608,8.88851376760143,13.9788474669052));
#2653=CARTESIAN_POINT('Ctrl Pts',(-35.6690545083647,8.77957575754728,13.9526527864685));
#2654=CARTESIAN_POINT('Ctrl Pts',(-35.6690545083647,8.77957575754729,13.9526527864685));
#2655=CARTESIAN_POINT('Ctrl Pts',(-35.6460694426591,8.76927798435703,13.9446679214912));
#2656=CARTESIAN_POINT('Ctrl Pts',(-35.6238404295666,8.75825369168535,13.9360104120751));
#2657=CARTESIAN_POINT('Ctrl Pts',(-35.602309503961,8.74646247219419,13.9267598011628));
#2658=CARTESIAN_POINT('Ctrl Pts',(-35.5789416604187,8.73366528096841,13.9167199713649));
#2659=CARTESIAN_POINT('Ctrl Pts',(-35.5563965012682,8.71996485427557,13.9059815217651));
#2660=CARTESIAN_POINT('Ctrl Pts',(-35.5346463767772,8.70535095291994,13.8946461403056));
#2661=CARTESIAN_POINT('Ctrl Pts',(-35.5253216807439,8.69908569278043,13.8897864446024));
#2662=CARTESIAN_POINT('Ctrl Pts',(-35.5161436213974,8.6926530134322,13.884817032731));
#2663=CARTESIAN_POINT('Ctrl Pts',(-35.5071119944621,8.686054133701,13.8797459175645));
#2664=CARTESIAN_POINT('Ctrl Pts',(-35.4856351434105,8.67036225912405,13.8676870065979));
#2665=CARTESIAN_POINT('Ctrl Pts',(-35.4651348411363,8.65385172514573,13.8551456690801));
#2666=CARTESIAN_POINT('Ctrl Pts',(-35.4455504195271,8.6365644388676,13.8422210685497));
#2667=CARTESIAN_POINT('Ctrl Pts',(-35.426317887042,8.61958776722738,13.8295286947581));
#2668=CARTESIAN_POINT('Ctrl Pts',(-35.407969520485,8.60186248023388,13.8164667070127));
#2669=CARTESIAN_POINT('Ctrl Pts',(-35.390440955839,8.58347664884408,13.8031290190654));
#2670=CARTESIAN_POINT('Ctrl Pts',(-34.7363906773374,9.99900591251814,19.5565803263806));
#2671=CARTESIAN_POINT('Ctrl Pts',(-34.7354042887935,9.86924253909183,19.5484267907498));
#2672=CARTESIAN_POINT('Ctrl Pts',(-34.7538344425589,9.73975218687117,19.540273255119));
#2673=CARTESIAN_POINT('Ctrl Pts',(-34.7928632378095,9.61680139812884,19.5321197194882));
#2674=CARTESIAN_POINT('Ctrl Pts',(-34.9182501700206,9.22180016597807,19.5059250390515));
#2675=CARTESIAN_POINT('Ctrl Pts',(-35.2562417925246,8.89429570874644,19.4797303586148));
#2676=CARTESIAN_POINT('Ctrl Pts',(-35.6549922502147,8.78140350828848,19.4535356781781));
#2677=CARTESIAN_POINT('Ctrl Pts',(-36.0537427079048,8.66851130783052,19.4273409977414));
#2678=CARTESIAN_POINT('Ctrl Pts',(-36.5132520007811,8.7702313641462,19.4011463173047));
#2679=CARTESIAN_POINT('Ctrl Pts',(-36.8270964381469,9.04087306320504,19.3749516368679));
#2680=CARTESIAN_POINT('Ctrl Pts',(-37.1409408755127,9.31151476226387,19.3487569564312));
#2681=CARTESIAN_POINT('Ctrl Pts',(-37.309120457368,9.75107810406585,19.3225622759945));
#2682=CARTESIAN_POINT('Ctrl Pts',(-37.2560808941531,10.1620928615083,19.2963675955578));
#2683=CARTESIAN_POINT('Ctrl Pts',(-37.2030413309383,10.5731076189508,19.2701729151211));
#2684=CARTESIAN_POINT('Ctrl Pts',(-36.9287826226533,10.9555737920337,19.2439782346844));
#2685=CARTESIAN_POINT('Ctrl Pts',(-36.5565125211806,11.1376755240356,19.2177835542477));
#2686=CARTESIAN_POINT('Ctrl Pts',(-36.184242419708,11.3197772560375,19.191588873811));
#2687=CARTESIAN_POINT('Ctrl Pts',(-35.7139609250476,11.3015145469585,19.1653941933742));
#2688=CARTESIAN_POINT('Ctrl Pts',(-35.356934549391,11.0910909142017,19.1391995129375));
#2689=CARTESIAN_POINT('Ctrl Pts',(-34.9999081737343,10.8806672814449,19.1130048325008));
#2690=CARTESIAN_POINT('Ctrl Pts',(-34.7561369170813,10.4780827250104,19.0868101520641));
#2691=CARTESIAN_POINT('Ctrl Pts',(-34.7351317063431,10.0641928135788,19.0606154716274));
#2692=CARTESIAN_POINT('Ctrl Pts',(-34.734053127603,10.0429403317647,19.0592704232118));
#2693=CARTESIAN_POINT('Ctrl Pts',(-34.7335619010922,10.0216580418826,19.0579253747962));
#2694=CARTESIAN_POINT('Ctrl Pts',(-34.7336457556443,10.000371804396,19.0565803263806));
#2695=CARTESIAN_POINT('Ctrl Pts',(-35.6014861581428,11.4906494282185,20.));
#2696=CARTESIAN_POINT('Ctrl Pts',(-35.5439937301293,11.4696419316548,20.));
#2697=CARTESIAN_POINT('Ctrl Pts',(-35.4880669975656,11.4450162288551,20.));
#2698=CARTESIAN_POINT('Ctrl Pts',(-35.4339044589062,11.4170728250568,20.));
#2699=CARTESIAN_POINT('Ctrl Pts',(-35.3801073748792,11.389317965714,20.));
#2700=CARTESIAN_POINT('Ctrl Pts',(-35.3280500732091,11.3582889898562,20.));
#2701=CARTESIAN_POINT('Ctrl Pts',(-35.2779590151642,11.32423563083,20.));
#2702=CARTESIAN_POINT('Ctrl Pts',(-35.2400929776478,11.298493196536,20.));
#2703=CARTESIAN_POINT('Ctrl Pts',(-35.203351132177,11.2710214733925,20.));
#2704=CARTESIAN_POINT('Ctrl Pts',(-35.1678471227906,11.2419164869243,20.));
#2705=CARTESIAN_POINT('Ctrl Pts',(-35.1493497505896,11.2267529666089,20.));
#2706=CARTESIAN_POINT('Ctrl Pts',(-35.1311886145427,11.2111459807514,20.));
#2707=CARTESIAN_POINT('Ctrl Pts',(-35.1133815164896,11.1951083642528,20.));
#2708=CARTESIAN_POINT('Ctrl Pts',(-35.1050882720967,11.1876392150008,20.));
#2709=CARTESIAN_POINT('Ctrl Pts',(-35.0968703234677,11.1800751161308,20.));
#2710=CARTESIAN_POINT('Ctrl Pts',(-35.0887426095635,11.1724299546224,20.));
#2711=CARTESIAN_POINT('Ctrl Pts',(-35.0456160383985,11.1318638611618,20.));
#2712=CARTESIAN_POINT('Ctrl Pts',(-35.0049477696514,11.0889489315311,20.));
#2713=CARTESIAN_POINT('Ctrl Pts',(-34.9669447133115,11.0439252469458,20.));
#2714=CARTESIAN_POINT('Ctrl Pts',(-34.9297031096031,10.9998036846213,20.));
#2715=CARTESIAN_POINT('Ctrl Pts',(-34.8950205363185,10.9536560860955,20.));
#2716=CARTESIAN_POINT('Ctrl Pts',(-34.86313464752,10.905685116001,20.));
#2717=CARTESIAN_POINT('Ctrl Pts',(-34.8398384437254,10.8706369634278,20.));
#2718=CARTESIAN_POINT('Ctrl Pts',(-34.8180359410811,10.8346149858455,20.));
#2719=CARTESIAN_POINT('Ctrl Pts',(-34.7978368490951,10.7976942918234,20.));
#2720=CARTESIAN_POINT('Ctrl Pts',(-34.787387709805,10.7785949444472,20.));
#2721=CARTESIAN_POINT('Ctrl Pts',(-34.7773679032917,10.7592550602903,20.));
#2722=CARTESIAN_POINT('Ctrl Pts',(-34.7677943071419,10.7396849431357,20.));
#2723=CARTESIAN_POINT('Ctrl Pts',(-34.763845707616,10.7316133100618,20.));
#2724=CARTESIAN_POINT('Ctrl Pts',(-34.7599737606225,10.7235038727237,20.));
#2725=CARTESIAN_POINT('Ctrl Pts',(-34.7561834166931,10.7153659466515,20.));
#2726=CARTESIAN_POINT('Ctrl Pts',(-34.7326223876565,10.6647800589172,20.));
#2727=CARTESIAN_POINT('Ctrl Pts',(-34.7121656763353,10.6130036662272,20.));
#2728=CARTESIAN_POINT('Ctrl Pts',(-34.695024728572,10.5602274943911,20.));
#2729=CARTESIAN_POINT('Ctrl Pts',(-34.6828364672608,10.5227004111619,20.));
#2730=CARTESIAN_POINT('Ctrl Pts',(-34.6723256048136,10.48466741584,20.));
#2731=CARTESIAN_POINT('Ctrl Pts',(-34.6635840929445,10.4461945618773,20.));
#2732=CARTESIAN_POINT('Ctrl Pts',(-34.6514034661459,10.392585588622,20.));
#2733=CARTESIAN_POINT('Ctrl Pts',(-34.6426568459405,10.3381216129961,20.));
#2734=CARTESIAN_POINT('Ctrl Pts',(-34.6372892865498,10.2831144268788,20.));
#2735=CARTESIAN_POINT('Ctrl Pts',(-34.635489363359,10.2646686673169,20.));
#2736=CARTESIAN_POINT('Ctrl Pts',(-34.6340697758523,10.2461619278697,20.));
#2737=CARTESIAN_POINT('Ctrl Pts',(-34.6330295211846,10.227606381421,20.));
#2738=CARTESIAN_POINT('Ctrl Pts',(-34.6323080773835,10.214737624976,20.));
#2739=CARTESIAN_POINT('Ctrl Pts',(-34.6317691448533,10.2018418317007,20.));
#2740=CARTESIAN_POINT('Ctrl Pts',(-34.6314128166089,10.188949538404,20.));
#2741=CARTESIAN_POINT('Ctrl Pts',(-34.6298743234211,10.1332853980434,20.));
#2742=CARTESIAN_POINT('Ctrl Pts',(-34.6317283666513,10.0775903690017,20.));
#2743=CARTESIAN_POINT('Ctrl Pts',(-34.6368703242158,10.0221825143293,20.));
#2744=CARTESIAN_POINT('Ctrl Pts',(-34.6420066261904,9.96683560222553,20.));
#2745=CARTESIAN_POINT('Ctrl Pts',(-34.6504240701303,9.91177409071534,20.));
#2746=CARTESIAN_POINT('Ctrl Pts',(-34.6620675906319,9.85733028714222,20.));
#2747=CARTESIAN_POINT('Ctrl Pts',(-34.6695026391456,9.82256482932553,20.));
#2748=CARTESIAN_POINT('Ctrl Pts',(-34.6782541036819,9.78805160633182,20.));
#2749=CARTESIAN_POINT('Ctrl Pts',(-34.6883168921935,9.75388362278035,20.));
#2750=CARTESIAN_POINT('Ctrl Pts',(-34.6934794263083,9.73635434841318,20.));
#2751=CARTESIAN_POINT('Ctrl Pts',(-34.6989872138817,9.71891603924507,20.));
#2752=CARTESIAN_POINT('Ctrl Pts',(-34.7048402328254,9.70158195436494,20.));
#2753=CARTESIAN_POINT('Ctrl Pts',(-34.7084195153433,9.69098168336447,20.));
#2754=CARTESIAN_POINT('Ctrl Pts',(-34.7121279496581,9.68042063921689,20.));
#2755=CARTESIAN_POINT('Ctrl Pts',(-34.7159604640596,9.66991501946654,20.));
#2756=CARTESIAN_POINT('Ctrl Pts',(-34.7343372136202,9.61954100311549,20.));
#2757=CARTESIAN_POINT('Ctrl Pts',(-34.7555895332437,9.57036014825522,20.));
#2758=CARTESIAN_POINT('Ctrl Pts',(-34.7796757992146,9.52268654333903,20.));
#2759=CARTESIAN_POINT('Ctrl Pts',(-34.7949187691082,9.49251634903256,20.));
#2760=CARTESIAN_POINT('Ctrl Pts',(-34.8112975457247,9.46295034984634,20.));
#2761=CARTESIAN_POINT('Ctrl Pts',(-34.828809115532,9.43407595035642,20.));
#2762=CARTESIAN_POINT('Ctrl Pts',(-34.8352222661128,9.42350146309476,20.));
#2763=CARTESIAN_POINT('Ctrl Pts',(-34.8417888999508,9.41301749849424,20.));
#2764=CARTESIAN_POINT('Ctrl Pts',(-34.8485040092698,9.40263633228002,20.));
#2765=CARTESIAN_POINT('Ctrl Pts',(-34.8764213165463,9.35947780822283,20.));
#2766=CARTESIAN_POINT('Ctrl Pts',(-34.9068620529843,9.31815240785129,20.));
#2767=CARTESIAN_POINT('Ctrl Pts',(-34.9398011798728,9.27895919590859,20.));
#2768=CARTESIAN_POINT('Ctrl Pts',(-34.9586072501254,9.25658245533144,20.));
#2769=CARTESIAN_POINT('Ctrl Pts',(-34.978228321945,9.23490139681441,20.));
#2770=CARTESIAN_POINT('Ctrl Pts',(-34.9986641455665,9.21397799652028,20.));
#2771=CARTESIAN_POINT('Ctrl Pts',(-35.0121256593603,9.20019530555132,20.));
#2772=CARTESIAN_POINT('Ctrl Pts',(-35.0259407899058,9.18674148880581,20.));
#2773=CARTESIAN_POINT('Ctrl Pts',(-35.0400944301349,9.17362309009972,20.));
#2774=CARTESIAN_POINT('Ctrl Pts',(-34.4586403700965,10.0016513203397,19.8957882764113));
#2775=CARTESIAN_POINT('Ctrl Pts',(-34.4610136904466,9.65868020264243,19.8781361567341));
#2776=CARTESIAN_POINT('Ctrl Pts',(-34.7413235218849,8.80208347579716,19.8342893566202));
#2777=CARTESIAN_POINT('Ctrl Pts',(-36.149545585714,8.18896792392444,19.7642478760696));
#2778=CARTESIAN_POINT('Ctrl Pts',(-37.593990037933,9.12662286676189,19.6856638347595));
#2779=CARTESIAN_POINT('Ctrl Pts',(-37.606872714157,10.8497928256472,19.6070797934493));
#2780=CARTESIAN_POINT('Ctrl Pts',(-36.1757273770613,11.8090375476167,19.5284957521392));
#2781=CARTESIAN_POINT('Ctrl Pts',(-34.7517036160019,11.212216277807,19.4580652464598));
#2782=CARTESIAN_POINT('Ctrl Pts',(-34.46075010265,10.3491492453138,19.4138294212172));
#2783=CARTESIAN_POINT('Ctrl Pts',(-34.4580868447067,9.99878696956531,19.3957882764113));
#2784=CARTESIAN_POINT('Ctrl Pts',(-36.5488562910776,8.55791617034774,13.7418482812851));
#2785=CARTESIAN_POINT('Ctrl Pts',(-36.9024048127934,8.69247653802879,13.7223386682873));
#2786=CARTESIAN_POINT('Ctrl Pts',(-37.5045289992288,9.23228326264219,13.6833194422916));
#2787=CARTESIAN_POINT('Ctrl Pts',(-37.6305332138705,10.4408604504883,13.6247906032981));
#2788=CARTESIAN_POINT('Ctrl Pts',(-37.1527065452251,11.0932610257176,13.5857713773025));
#2789=CARTESIAN_POINT('Ctrl Pts',(-36.834517743542,11.2978555912402,13.5662617643046));
#2790=CARTESIAN_POINT('Ctrl Pts',(-36.5158348011089,8.64467796480835,13.7954456312749));
#2791=CARTESIAN_POINT('Ctrl Pts',(-36.8481123651021,8.77114261799401,13.7759360182771));
#2792=CARTESIAN_POINT('Ctrl Pts',(-37.4140102422002,9.27847231240545,13.7369167922814));
#2793=CARTESIAN_POINT('Ctrl Pts',(-37.532433516298,10.4143364419636,13.6783879532879));
#2794=CARTESIAN_POINT('Ctrl Pts',(-37.0833548984666,11.0274858700334,13.6393687272922));
#2795=CARTESIAN_POINT('Ctrl Pts',(-36.7843096658629,11.2197711708124,13.6198591142944));
#2796=CARTESIAN_POINT('Ctrl Pts',(-36.4828133111402,8.73143975926896,13.8490429812647));
#2797=CARTESIAN_POINT('Ctrl Pts',(-36.7938199174108,8.84980869795922,13.8295333682668));
#2798=CARTESIAN_POINT('Ctrl Pts',(-37.3234914851716,9.32466136216872,13.7905141422712));
#2799=CARTESIAN_POINT('Ctrl Pts',(-37.4343338187256,10.3878124334389,13.7319853032777));
#2800=CARTESIAN_POINT('Ctrl Pts',(-37.0140032517081,10.9617107143491,13.692966077282));
#2801=CARTESIAN_POINT('Ctrl Pts',(-36.7341015881839,11.1416867503846,13.6734564642842));
#2802=CARTESIAN_POINT('Ctrl Pts',(-36.4497918211715,8.81820155372956,13.9026403312544));
#2803=CARTESIAN_POINT('Ctrl Pts',(-36.7395274697195,8.92847477792444,13.8831307182566));
#2804=CARTESIAN_POINT('Ctrl Pts',(-37.2329727281431,9.37085041193198,13.8441114922609));
#2805=CARTESIAN_POINT('Ctrl Pts',(-37.3362341211531,10.3612884249141,13.7855826532674));
#2806=CARTESIAN_POINT('Ctrl Pts',(-36.9446516049495,10.8959355586649,13.7465634272718));
#2807=CARTESIAN_POINT('Ctrl Pts',(-36.6838935105048,11.0636023299568,13.7270538142739));
#2808=CARTESIAN_POINT('',(-36.6917438427285,8.62093810953919,13.7337899084781));
#2809=CARTESIAN_POINT('Ctrl Pts',(-36.6917022525951,8.62101292377654,13.7337899084781));
#2810=CARTESIAN_POINT('Ctrl Pts',(-36.6903487619916,8.62276391265602,13.7350666919309));
#2811=CARTESIAN_POINT('Ctrl Pts',(-36.6889881828278,8.62450972094707,13.7363430871722));
#2812=CARTESIAN_POINT('Ctrl Pts',(-36.687620470746,8.62625019351628,13.7376190237939));
#2813=CARTESIAN_POINT('Ctrl Pts',(-36.6849049754427,8.62970577832106,13.7401523054324));
#2814=CARTESIAN_POINT('Ctrl Pts',(-36.6821611832866,8.63314055831064,13.7426839474132));
#2815=CARTESIAN_POINT('Ctrl Pts',(-36.6793887441037,8.63655330196719,13.7452133810941));
#2816=CARTESIAN_POINT('Ctrl Pts',(-36.6767806751762,8.63976371348603,13.7475928516441));
#2817=CARTESIAN_POINT('Ctrl Pts',(-36.6741470705034,8.6429548519048,13.7499705366811));
#2818=CARTESIAN_POINT('Ctrl Pts',(-36.671487620384,8.64612569499463,13.7523459581571));
#2819=CARTESIAN_POINT('Ctrl Pts',(-36.6689854590239,8.64910900383746,13.754580889276));
#2820=CARTESIAN_POINT('Ctrl Pts',(-36.6664602790713,8.65207451389846,13.7568139416216));
#2821=CARTESIAN_POINT('Ctrl Pts',(-36.6639118125664,8.65502137204483,13.759044709135));
#2822=CARTESIAN_POINT('Ctrl Pts',(-36.6615137619833,8.657794300346,13.7611438119978));
#2823=CARTESIAN_POINT('Ctrl Pts',(-36.6590949888406,8.66055083350984,13.7632409825673));
#2824=CARTESIAN_POINT('Ctrl Pts',(-36.6566552619345,8.66329026084132,13.7653358763441));
#2825=CARTESIAN_POINT('Ctrl Pts',(-36.6543592899821,8.66586827410296,13.7673073336178));
#2826=CARTESIAN_POINT('Ctrl Pts',(-36.6520446858525,8.66843122221224,13.7692768388631));
#2827=CARTESIAN_POINT('Ctrl Pts',(-36.6497112506498,8.67097851408808,13.7712441000923));
#2828=CARTESIAN_POINT('Ctrl Pts',(-36.6475151243613,8.67337591284452,13.7730955995885));
#2829=CARTESIAN_POINT('Ctrl Pts',(-36.6453022655348,8.67575950103251,13.7749451556122));
#2830=CARTESIAN_POINT('Ctrl Pts',(-36.6430725036375,8.67812878770677,13.7767925208501));
#2831=CARTESIAN_POINT('Ctrl Pts',(-36.6409738206066,8.680358793406,13.7785312868061));
#2832=CARTESIAN_POINT('Ctrl Pts',(-36.6388601282842,8.68257616702397,13.7802681410914));
#2833=CARTESIAN_POINT('Ctrl Pts',(-36.6367312809789,8.68478050122885,13.7820028743256));
#2834=CARTESIAN_POINT('Ctrl Pts',(-36.6347274979823,8.68685533646372,13.7836356964401));
#2835=CARTESIAN_POINT('Ctrl Pts',(-36.632710266234,8.68891864229274,13.7852666574072));
#2836=CARTESIAN_POINT('Ctrl Pts',(-36.6306794617747,8.69097008100365,13.7868955799738));
#2837=CARTESIAN_POINT('Ctrl Pts',(-36.628767920828,8.69290104440969,13.7884288404366));
#2838=CARTESIAN_POINT('Ctrl Pts',(-36.6268443419924,8.6948215063521,13.7899603049576));
#2839=CARTESIAN_POINT('Ctrl Pts',(-36.6249086202957,8.69673118693489,13.7914898234309));
#2840=CARTESIAN_POINT('Ctrl Pts',(-36.6230865723903,8.69852872297101,13.7929295220896));
#2841=CARTESIAN_POINT('Ctrl Pts',(-36.6212537601354,8.70031671248807,13.7943675011261));
#2842=CARTESIAN_POINT('Ctrl Pts',(-36.6194100951134,8.70209492349817,13.7958036333323));
#2843=CARTESIAN_POINT('Ctrl Pts',(-36.6176747218543,8.70376868733226,13.7971554111213));
#2844=CARTESIAN_POINT('Ctrl Pts',(-36.6159297320809,8.70543378890377,13.7985055536379));
#2845=CARTESIAN_POINT('Ctrl Pts',(-36.6141750518047,8.70709003581777,13.7998539529362));
#2846=CARTESIAN_POINT('Ctrl Pts',(-36.6125234850485,8.70864895363324,13.8011231137545));
#2847=CARTESIAN_POINT('Ctrl Pts',(-36.610863334837,8.71020002547294,13.802390729015));
#2848=CARTESIAN_POINT('Ctrl Pts',(-36.6091945397371,8.71174309159575,13.8036567069465));
#2849=CARTESIAN_POINT('Ctrl Pts',(-36.6076238794394,8.71319541650732,13.8048482380549));
#2850=CARTESIAN_POINT('Ctrl Pts',(-36.6060455641511,8.71464064683571,13.8060383164498));
#2851=CARTESIAN_POINT('Ctrl Pts',(-36.6044595433786,8.71607864969057,13.8072268638948));
#2852=CARTESIAN_POINT('Ctrl Pts',(-36.6029668736835,8.71743201360614,13.8083454550149));
#2853=CARTESIAN_POINT('Ctrl Pts',(-36.6014673823922,8.71877897270295,13.8094626874967));
#2854=CARTESIAN_POINT('Ctrl Pts',(-36.599961028519,8.72011941613727,13.8105784944162));
#2855=CARTESIAN_POINT('Ctrl Pts',(-36.5985434323067,8.72138087771617,13.8116285555545));
#2856=CARTESIAN_POINT('Ctrl Pts',(-36.5971197616204,8.72263656606443,13.8126773518243));
#2857=CARTESIAN_POINT('Ctrl Pts',(-36.5956899837494,8.72388638838917,13.8137248257244));
#2858=CARTESIAN_POINT('Ctrl Pts',(-36.5785253460541,8.73889064032421,13.8262998629767));
#2859=CARTESIAN_POINT('Ctrl Pts',(-36.5605177786644,8.75301931134875,13.8386603740654));
#2860=CARTESIAN_POINT('Ctrl Pts',(-36.5415912704593,8.76614558959116,13.850716456808));
#2861=CARTESIAN_POINT('Ctrl Pts',(-36.5334649748312,8.77178149539795,13.8558928629058));
#2862=CARTESIAN_POINT('Ctrl Pts',(-36.525169192425,8.77723322646273,13.8610131474961));
#2863=CARTESIAN_POINT('Ctrl Pts',(-36.5166971012123,8.78249365365044,13.8660701945682));
#2864=CARTESIAN_POINT('Ctrl Pts',(-36.4981444011583,8.79401325669999,13.8771444234841));
#2865=CARTESIAN_POINT('Ctrl Pts',(-36.4788580860165,8.80454103299513,13.8878479106554));
#2866=CARTESIAN_POINT('Ctrl Pts',(-36.4587747498406,8.81404367746417,13.8981078100831));
#2867=CARTESIAN_POINT('Ctrl Pts',(-36.4557981119447,8.81545210539614,13.8996284740394));
#2868=CARTESIAN_POINT('Ctrl Pts',(-36.4528038967531,8.81683807739115,13.9011393934895));
#2869=CARTESIAN_POINT('Ctrl Pts',(-36.4497918211715,8.81820155372956,13.9026403312544));
#2870=CARTESIAN_POINT('',(-36.834517743542,11.2978555912402,13.5662617643046));
#2871=CARTESIAN_POINT('Ctrl Pts',(-36.6917022525951,8.62101292377653,13.7337899084781));
#2872=CARTESIAN_POINT('Ctrl Pts',(-36.9828511049714,8.76805843331403,13.7169664197493));
#2873=CARTESIAN_POINT('Ctrl Pts',(-37.5103118403848,9.28774973987057,13.6806333180226));
#2874=CARTESIAN_POINT('Ctrl Pts',(-37.6305332138705,10.4408604504883,13.6247906032981));
#2875=CARTESIAN_POINT('Ctrl Pts',(-37.1527065452251,11.0932610257176,13.5857713773025));
#2876=CARTESIAN_POINT('Ctrl Pts',(-36.834517743542,11.2978555912402,13.5662617643046));
#2877=CARTESIAN_POINT('Ctrl Pts',(-36.6978100057005,11.0545187780675,13.7280997079269));
#2878=CARTESIAN_POINT('Ctrl Pts',(-36.7120192050265,11.0735745643123,13.7144810505949));
#2879=CARTESIAN_POINT('Ctrl Pts',(-36.7255047661543,11.0931748560456,13.7007690372671));
#2880=CARTESIAN_POINT('Ctrl Pts',(-36.7382923715709,11.1132034937769,13.6870271397995));
#2881=CARTESIAN_POINT('Ctrl Pts',(-36.7505144814468,11.1323464218733,13.673892938729));
#2882=CARTESIAN_POINT('Ctrl Pts',(-36.7620989108592,11.1518801882722,13.6607314381597));
#2883=CARTESIAN_POINT('Ctrl Pts',(-36.77310073855,11.1716730433411,13.6475980562472));
#2884=CARTESIAN_POINT('Ctrl Pts',(-36.7860551237375,11.1949786499848,13.6321338176778));
#2885=CARTESIAN_POINT('Ctrl Pts',(-36.7982689546762,11.2187783336382,13.6166210679936));
#2886=CARTESIAN_POINT('Ctrl Pts',(-36.809768216673,11.242918686449,13.6011296859876));
#2887=CARTESIAN_POINT('Ctrl Pts',(-36.818412015228,11.2610645767506,13.5894850791046));
#2888=CARTESIAN_POINT('Ctrl Pts',(-36.8266528224148,11.2794022447015,13.5778525455405));
#2889=CARTESIAN_POINT('Ctrl Pts',(-36.8345177435421,11.2978555912402,13.5662617643046));
#2890=CARTESIAN_POINT('Ctrl Pts',(-35.1086543475415,11.2595046358959,13.4717787382271));
#2891=CARTESIAN_POINT('Ctrl Pts',(-34.7185669110962,10.9834415467697,13.4471324042721));
#2892=CARTESIAN_POINT('Ctrl Pts',(-34.2197776507918,10.0459032439961,13.3978397363621));
#2893=CARTESIAN_POINT('Ctrl Pts',(-34.6695871418113,9.08390521013564,13.3485470684521));
#2894=CARTESIAN_POINT('Ctrl Pts',(-35.0449290266204,8.78810543535841,13.3239007344971));
#2895=CARTESIAN_POINT('Ctrl Pts',(-35.162281429894,11.1837275693379,13.5253760882169));
#2896=CARTESIAN_POINT('Ctrl Pts',(-34.7956632850992,10.9242735902402,13.5007297542619));
#2897=CARTESIAN_POINT('Ctrl Pts',(-34.3268832727953,10.0431415128549,13.4514370863519));
#2898=CARTESIAN_POINT('Ctrl Pts',(-34.749630343584,9.1390213041035,13.4021444184419));
#2899=CARTESIAN_POINT('Ctrl Pts',(-35.1023900907998,8.86101808090878,13.3774980844869));
#2900=CARTESIAN_POINT('Ctrl Pts',(-35.2159085122465,11.1079505027799,13.5789734382066));
#2901=CARTESIAN_POINT('Ctrl Pts',(-34.8727596591021,10.8651056337106,13.5543271042516));
#2902=CARTESIAN_POINT('Ctrl Pts',(-34.4339888947989,10.0403797817136,13.5050344363417));
#2903=CARTESIAN_POINT('Ctrl Pts',(-34.8296735453566,9.19413739807136,13.4557417684317));
#2904=CARTESIAN_POINT('Ctrl Pts',(-35.1598511549791,8.93393072645915,13.4310954344767));
#2905=CARTESIAN_POINT('Ctrl Pts',(-35.2695355945989,11.0321734362219,13.6325707881964));
#2906=CARTESIAN_POINT('Ctrl Pts',(-34.9498560331051,10.805937677181,13.6079244542414));
#2907=CARTESIAN_POINT('Ctrl Pts',(-34.5410945168025,10.0376180505723,13.5586317863314));
#2908=CARTESIAN_POINT('Ctrl Pts',(-34.9097167471293,9.24925349203922,13.5093391184214));
#2909=CARTESIAN_POINT('Ctrl Pts',(-35.2173122191585,9.00684337200953,13.4846927844664));
#2910=CARTESIAN_POINT('',(-35.1086543475414,11.2595046358959,13.4717787382271));
#2911=CARTESIAN_POINT('',(-35.2109365122834,10.9879557505745,13.6279490173291));
#2912=CARTESIAN_POINT('Ctrl Pts',(-35.1086543475414,11.2595046358959,13.4717787382271));
#2913=CARTESIAN_POINT('Ctrl Pts',(-35.109222030363,11.2575582131833,13.472851278327));
#2914=CARTESIAN_POINT('Ctrl Pts',(-35.1097923351836,11.2556126221925,13.4739240451738));
#2915=CARTESIAN_POINT('Ctrl Pts',(-35.1103652684963,11.2536679205811,13.4749970192747));
#2916=CARTESIAN_POINT('Ctrl Pts',(-35.1116549451941,11.2492903843186,13.4774122911128));
#2917=CARTESIAN_POINT('Ctrl Pts',(-35.1129580439188,11.2449170037882,13.4798288063853));
#2918=CARTESIAN_POINT('Ctrl Pts',(-35.114274639621,11.2405484563695,13.4822463364195));
#2919=CARTESIAN_POINT('Ctrl Pts',(-35.1155079142076,11.2364563736568,13.4845108724111));
#2920=CARTESIAN_POINT('Ctrl Pts',(-35.1167531593301,11.2323681075665,13.4867765335197));
#2921=CARTESIAN_POINT('Ctrl Pts',(-35.1180104372255,11.2282842386521,13.4890431238991));
#2922=CARTESIAN_POINT('Ctrl Pts',(-35.1191881895799,11.2244586832625,13.4911663475439));
#2923=CARTESIAN_POINT('Ctrl Pts',(-35.1203766121023,11.2206366243682,13.4932905875624));
#2924=CARTESIAN_POINT('Ctrl Pts',(-35.1215757564143,11.2168185584228,13.4954156765947));
#2925=CARTESIAN_POINT('Ctrl Pts',(-35.1226990914881,11.2132418684887,13.4974064186771));
#2926=CARTESIAN_POINT('Ctrl Pts',(-35.1238319323924,11.2096683742621,13.4993980774521));
#2927=CARTESIAN_POINT('Ctrl Pts',(-35.1249743218957,11.206098499394,13.5013905101944));
#2928=CARTESIAN_POINT('Ctrl Pts',(-35.1260445269573,11.2027541950726,13.5032570466071));
#2929=CARTESIAN_POINT('Ctrl Pts',(-35.1271231959117,11.199412805083,13.505124408557));
#2930=CARTESIAN_POINT('Ctrl Pts',(-35.1282103641582,11.1960746902292,13.5069924745649));
#2931=CARTESIAN_POINT('Ctrl Pts',(-35.1292288715962,11.1929473961618,13.508742561665));
#2932=CARTESIAN_POINT('Ctrl Pts',(-35.1302549110736,11.1898227542958,13.5104933911219));
#2933=CARTESIAN_POINT('Ctrl Pts',(-35.1312885118734,11.1867010713016,13.5122448597475));
#2934=CARTESIAN_POINT('Ctrl Pts',(-35.1327660391822,11.1822386406663,13.5147485756169));
#2935=CARTESIAN_POINT('Ctrl Pts',(-35.1342592010788,11.1777817026827,13.517253907995));
#2936=CARTESIAN_POINT('Ctrl Pts',(-35.1357680838258,11.1733311885606,13.5197605438979));
#2937=CARTESIAN_POINT('Ctrl Pts',(-35.1369798615725,11.1697569983291,13.521773613245));
#2938=CARTESIAN_POINT('Ctrl Pts',(-35.1382019111211,11.1661865606197,13.5237877434343));
#2939=CARTESIAN_POINT('Ctrl Pts',(-35.1394342773987,11.16262037851,13.5258027654932));
#2940=CARTESIAN_POINT('Ctrl Pts',(-35.1407750459863,11.1587405052632,13.5279950344064));
#2941=CARTESIAN_POINT('Ctrl Pts',(-35.1421281807046,11.1548652218604,13.5301886117073));
#2942=CARTESIAN_POINT('Ctrl Pts',(-35.1434937397373,11.1509952020273,13.5323832713022));
#2943=CARTESIAN_POINT('Ctrl Pts',(-35.1446089575156,11.1478346539904,13.5341755946941));
#2944=CARTESIAN_POINT('Ctrl Pts',(-35.1457325645987,11.1446773251535,13.5359688052331));
#2945=CARTESIAN_POINT('Ctrl Pts',(-35.1468645928,11.1415235965076,13.5377627751505));
#2946=CARTESIAN_POINT('Ctrl Pts',(-35.1478091293522,11.1388922027154,13.5392596196271));
#2947=CARTESIAN_POINT('Ctrl Pts',(-35.1487595904627,11.1362631427927,13.5407570909341));
#2948=CARTESIAN_POINT('Ctrl Pts',(-35.149715994657,11.1336366450508,13.5422551125469));
#2949=CARTESIAN_POINT('Ctrl Pts',(-35.1505278640721,11.131407071824,13.5435267484703));
#2950=CARTESIAN_POINT('Ctrl Pts',(-35.1513440550729,11.1291792376488,13.5447988421145));
#2951=CARTESIAN_POINT('Ctrl Pts',(-35.1521645790177,11.1269532858869,13.5460713454549));
#2952=CARTESIAN_POINT('Ctrl Pts',(-35.1528710459023,11.1250367529002,13.5471669642681));
#2953=CARTESIAN_POINT('Ctrl Pts',(-35.1535807504401,11.1231215459481,13.5482629264866));
#2954=CARTESIAN_POINT('Ctrl Pts',(-35.1542936998841,11.1212077586383,13.5493592007619));
#2955=CARTESIAN_POINT('Ctrl Pts',(-35.1555797680527,11.1177555349758,13.5513367371236));
#2956=CARTESIAN_POINT('Ctrl Pts',(-35.1568765072762,11.1143076293531,13.5533154613943));
#2957=CARTESIAN_POINT('Ctrl Pts',(-35.1581839602378,11.1108646075016,13.5552951842513));
#2958=CARTESIAN_POINT('Ctrl Pts',(-35.1586765913332,11.109567322111,13.5560411178093));
#2959=CARTESIAN_POINT('Ctrl Pts',(-35.1591707576219,11.1082706927067,13.5567872146413));
#2960=CARTESIAN_POINT('Ctrl Pts',(-35.1596664617705,11.1069747493335,13.5575334649407));
#2961=CARTESIAN_POINT('Ctrl Pts',(-35.1601310346689,11.1057601938962,13.5582328491711));
#2962=CARTESIAN_POINT('Ctrl Pts',(-35.1605969653273,11.1045462227408,13.5589323787291));
#2963=CARTESIAN_POINT('Ctrl Pts',(-35.161064255628,11.1033328617923,13.5596320449458));
#2964=CARTESIAN_POINT('Ctrl Pts',(-35.1686743456861,11.083572584128,13.5710265098265));
#2965=CARTESIAN_POINT('Ctrl Pts',(-35.1766624207581,11.0639291028375,13.5824829075629));
#2966=CARTESIAN_POINT('Ctrl Pts',(-35.1850369560978,11.0445278165628,13.59395961774));
#2967=CARTESIAN_POINT('Ctrl Pts',(-35.1932636865729,11.0254689498221,13.6052337717723));
#2968=CARTESIAN_POINT('Ctrl Pts',(-35.2019016059732,11.0065552468004,13.6165798783168));
#2969=CARTESIAN_POINT('Ctrl Pts',(-35.2109589165274,10.9879350842497,13.6279490173291));
#2970=CARTESIAN_POINT('',(-35.0449290266204,8.78810543535842,13.3239007344971));
#2971=CARTESIAN_POINT('Ctrl Pts',(-35.1086543475415,11.2595046358959,13.4717787382271));
#2972=CARTESIAN_POINT('Ctrl Pts',(-34.7185669110962,10.9834415467697,13.4471324042721));
#2973=CARTESIAN_POINT('Ctrl Pts',(-34.2197776507918,10.0459032439961,13.3978397363621));
#2974=CARTESIAN_POINT('Ctrl Pts',(-34.6695871418113,9.08390521013564,13.3485470684521));
#2975=CARTESIAN_POINT('Ctrl Pts',(-35.0449290266204,8.78810543535841,13.3239007344971));
#2976=CARTESIAN_POINT('',(-35.1203719423943,9.09205075300079,13.4928219097633));
#2977=CARTESIAN_POINT('Ctrl Pts',(-35.1204227707074,9.09209307757257,13.4928219097633));
#2978=CARTESIAN_POINT('Ctrl Pts',(-35.1099702337648,9.0596424114045,13.4742596665428));
#2979=CARTESIAN_POINT('Ctrl Pts',(-35.1002815177891,9.0267695238295,13.4556858509675));
#2980=CARTESIAN_POINT('Ctrl Pts',(-35.0913376499645,8.99371430273982,13.4371837260937));
#2981=CARTESIAN_POINT('Ctrl Pts',(-35.0866596271318,8.9764250178324,13.4275063287631));
#2982=CARTESIAN_POINT('Ctrl Pts',(-35.0821845449392,8.95908612484319,13.4178485441042));
#2983=CARTESIAN_POINT('Ctrl Pts',(-35.0779042072172,8.94173340324951,13.4082222862719));
#2984=CARTESIAN_POINT('Ctrl Pts',(-35.0680246049287,8.90168095900272,13.3860035724493));
#2985=CARTESIAN_POINT('Ctrl Pts',(-35.0591137951365,8.8612349411953,13.3637780346057));
#2986=CARTESIAN_POINT('Ctrl Pts',(-35.0511338021402,8.82067020171767,13.3416406372054));
#2987=CARTESIAN_POINT('Ctrl Pts',(-35.0489997104978,8.80982196268616,13.3357204271504));
#2988=CARTESIAN_POINT('Ctrl Pts',(-35.0469319024034,8.79896526839967,13.329806520807));
#2989=CARTESIAN_POINT('Ctrl Pts',(-35.0449290266204,8.78810543535842,13.3239007344971));
#2990=CARTESIAN_POINT('Ctrl Pts',(-35.2109589165274,10.9879350842497,13.6279490173291));
#2991=CARTESIAN_POINT('Ctrl Pts',(-34.9250645693743,10.757892059736,13.6048432736632));
#2992=CARTESIAN_POINT('Ctrl Pts',(-34.744848019453,10.3974516035981,13.5817375299973));
#2993=CARTESIAN_POINT('Ctrl Pts',(-34.7354404534598,10.0326068175912,13.5586317863314));
#2994=CARTESIAN_POINT('Ctrl Pts',(-34.726508897079,9.68622266479055,13.5366951608087));
#2995=CARTESIAN_POINT('Ctrl Pts',(-34.8715382439487,9.33586861187548,13.514758535286));
#2996=CARTESIAN_POINT('Ctrl Pts',(-35.1204227707074,9.09209307757259,13.4928219097633));
#2997=CARTESIAN_POINT('Ctrl Pts',(-36.9851672652537,8.8124418079637,13.2156796454754));
#2998=CARTESIAN_POINT('Ctrl Pts',(-37.3294177841045,9.0980230489443,13.1926116509533));
#2999=CARTESIAN_POINT('Ctrl Pts',(-37.7495916677839,9.98488675464815,13.1464756619092));
#3000=CARTESIAN_POINT('Ctrl Pts',(-37.34480107475,10.8788766320026,13.100339672865));
#3001=CARTESIAN_POINT('Ctrl Pts',(-37.0055353488197,11.1703621927737,13.077271678343));
#3002=CARTESIAN_POINT('Ctrl Pts',(-36.9258954822826,8.88389027555543,13.2692769954651));
#3003=CARTESIAN_POINT('Ctrl Pts',(-37.2494344501505,9.15228975468399,13.2462090009431));
#3004=CARTESIAN_POINT('Ctrl Pts',(-37.6443289156824,9.98579603069708,13.2000730118989));
#3005=CARTESIAN_POINT('Ctrl Pts',(-37.2638922176928,10.8259997380703,13.1539370228548));
#3006=CARTESIAN_POINT('Ctrl Pts',(-36.9450381367553,11.0999483084169,13.1308690283328));
#3007=CARTESIAN_POINT('Ctrl Pts',(-36.8666236993115,8.95533874314716,13.3228743454549));
#3008=CARTESIAN_POINT('Ctrl Pts',(-37.1694511161965,9.20655646042368,13.2998063509328));
#3009=CARTESIAN_POINT('Ctrl Pts',(-37.5390661635809,9.98670530674601,13.2536703618887));
#3010=CARTESIAN_POINT('Ctrl Pts',(-37.1829833606356,10.773122844138,13.2075343728446));
#3011=CARTESIAN_POINT('Ctrl Pts',(-36.8845409246908,11.0295344240602,13.1844663783225));
#3012=CARTESIAN_POINT('Ctrl Pts',(-36.8073519163404,9.02678721073888,13.3764716954447));
#3013=CARTESIAN_POINT('Ctrl Pts',(-37.0894677822425,9.26082316616336,13.3534037009226));
#3014=CARTESIAN_POINT('Ctrl Pts',(-37.4338034114794,9.98761458279494,13.3072677118785));
#3015=CARTESIAN_POINT('Ctrl Pts',(-37.1020745035784,10.7202459502057,13.2611317228344));
#3016=CARTESIAN_POINT('Ctrl Pts',(-36.8240437126264,10.9591205397034,13.2380637283123));
#3017=CARTESIAN_POINT('',(-36.9851672652537,8.81244180796371,13.2156796454754));
#3018=CARTESIAN_POINT('',(-36.9397683463694,9.15475382626778,13.3648689000425));
#3019=CARTESIAN_POINT('Ctrl Pts',(-36.9851672652537,8.81244180796373,13.2156796454754));
#3020=CARTESIAN_POINT('Ctrl Pts',(-36.9849540886905,8.81459697659172,13.2166533793268));
#3021=CARTESIAN_POINT('Ctrl Pts',(-36.984739422563,8.81675226100602,13.2176266719352));
#3022=CARTESIAN_POINT('Ctrl Pts',(-36.9845232697307,8.8189076673579,13.2185995191379));
#3023=CARTESIAN_POINT('Ctrl Pts',(-36.9808691114484,8.85534575557303,13.2350459271034));
#3024=CARTESIAN_POINT('Ctrl Pts',(-36.9767901451966,8.89179732687486,13.2513572921492));
#3025=CARTESIAN_POINT('Ctrl Pts',(-36.9723084088945,8.9282971292056,13.2675069463486));
#3026=CARTESIAN_POINT('Ctrl Pts',(-36.9716465456761,8.93368742328215,13.2698919287268));
#3027=CARTESIAN_POINT('Ctrl Pts',(-36.9709758121453,8.93907873515527,13.2722733842871));
#3028=CARTESIAN_POINT('Ctrl Pts',(-36.9702961908536,8.94447113984819,13.274651227137));
#3029=CARTESIAN_POINT('Ctrl Pts',(-36.9680292035394,8.96245838242283,13.2825829085631));
#3030=CARTESIAN_POINT('Ctrl Pts',(-36.9656654992702,8.98045234355737,13.2904714334083));
#3031=CARTESIAN_POINT('Ctrl Pts',(-36.9632080252037,8.99846009071235,13.2983131939164));
#3032=CARTESIAN_POINT('Ctrl Pts',(-36.9615344516285,9.01072361373329,13.3036535404731));
#3033=CARTESIAN_POINT('Ctrl Pts',(-36.9598176819181,9.02299146949803,13.3089712756216));
#3034=CARTESIAN_POINT('Ctrl Pts',(-36.9580589034515,9.0352659152559,13.3142648928784));
#3035=CARTESIAN_POINT('Ctrl Pts',(-36.9560937809896,9.04898042764364,13.3201795696693));
#3036=CARTESIAN_POINT('Ctrl Pts',(-36.9540765122393,9.06270100385424,13.3260632198739));
#3037=CARTESIAN_POINT('Ctrl Pts',(-36.9520091704863,9.07643067602299,13.3319131536479));
#3038=CARTESIAN_POINT('Ctrl Pts',(-36.9480789480875,9.10253214908955,13.3430344598936));
#3039=CARTESIAN_POINT('Ctrl Pts',(-36.9439694055227,9.12865214503855,13.3540284537693));
#3040=CARTESIAN_POINT('Ctrl Pts',(-36.9397008806073,9.15480935524957,13.3648689000425));
#3041=CARTESIAN_POINT('',(-37.0055353488197,11.1703621927737,13.077271678343));
#3042=CARTESIAN_POINT('Ctrl Pts',(-36.9851672652537,8.8124418079637,13.2156796454754));
#3043=CARTESIAN_POINT('Ctrl Pts',(-37.3294177841045,9.0980230489443,13.1926116509533));
#3044=CARTESIAN_POINT('Ctrl Pts',(-37.7495916677839,9.98488675464815,13.1464756619092));
#3045=CARTESIAN_POINT('Ctrl Pts',(-37.34480107475,10.8788766320026,13.100339672865));
#3046=CARTESIAN_POINT('Ctrl Pts',(-37.0055353488197,11.1703621927737,13.077271678343));
#3047=CARTESIAN_POINT('',(-36.976001278996,10.8028558150607,13.2518023643503));
#3048=CARTESIAN_POINT('Ctrl Pts',(-36.9759240827282,10.8027942201715,13.2518023643503));
#3049=CARTESIAN_POINT('Ctrl Pts',(-36.9804403720524,10.8398002547727,13.234671701181));
#3050=CARTESIAN_POINT('Ctrl Pts',(-36.9845057832499,10.8767698919676,13.2173893106247));
#3051=CARTESIAN_POINT('Ctrl Pts',(-36.9881175714939,10.9137205896534,13.1999802961744));
#3052=CARTESIAN_POINT('Ctrl Pts',(-36.9906019017859,10.9391367357204,13.1880056899595));
#3053=CARTESIAN_POINT('Ctrl Pts',(-36.9928706821868,10.9645443252788,13.1759711750614));
#3054=CARTESIAN_POINT('Ctrl Pts',(-36.994909343815,10.9899535147081,13.163884920977));
#3055=CARTESIAN_POINT('Ctrl Pts',(-36.9981593508278,11.0304605035532,13.1446171768902));
#3056=CARTESIAN_POINT('Ctrl Pts',(-37.0008295876016,11.0709358685515,13.1252320662723));
#3057=CARTESIAN_POINT('Ctrl Pts',(-37.0029147049992,11.1113732291031,13.1057561774954));
#3058=CARTESIAN_POINT('Ctrl Pts',(-37.0039290451121,11.1310446571545,13.0962818067751));
#3059=CARTESIAN_POINT('Ctrl Pts',(-37.0048042119141,11.1507073890909,13.0867859534199));
#3060=CARTESIAN_POINT('Ctrl Pts',(-37.0055353488197,11.1703621927737,13.077271678343));
#3061=CARTESIAN_POINT('Ctrl Pts',(-36.9397008806073,9.15480935524954,13.3648689000425));
#3062=CARTESIAN_POINT('Ctrl Pts',(-37.1424483021011,9.38271863859401,13.3456685039879));
#3063=CARTESIAN_POINT('Ctrl Pts',(-37.2621640101141,9.68539087317002,13.3264681079332));
#3064=CARTESIAN_POINT('Ctrl Pts',(-37.2647872771949,9.98907457048972,13.3072677118785));
#3065=CARTESIAN_POINT('Ctrl Pts',(-37.2673132740525,10.2814977365279,13.2887792627024));
#3066=CARTESIAN_POINT('Ctrl Pts',(-37.1612693671963,10.5748587463058,13.2702908135263));
#3067=CARTESIAN_POINT('Ctrl Pts',(-36.9759240827282,10.8027942201715,13.2518023643503));
#3068=CARTESIAN_POINT('Origin',(-36.,10.,21.1042117235887));
#3069=CARTESIAN_POINT('Ctrl Pts',(-34.4554085424791,9.99901158023902,19.8542117235887));
#3070=CARTESIAN_POINT('Ctrl Pts',(-34.4549184848721,9.93519486636196,19.8509101129387));
#3071=CARTESIAN_POINT('Ctrl Pts',(-34.4874288161901,9.36208496297987,19.8212347390944));
#3072=CARTESIAN_POINT('Ctrl Pts',(-35.2042228757448,8.36111227711104,19.7651856020559));
#3073=CARTESIAN_POINT('Ctrl Pts',(-36.9400682280983,8.43962547240067,19.6860643124732));
#3074=CARTESIAN_POINT('Ctrl Pts',(-37.8206624461073,9.93744784807634,19.6069430228905));
#3075=CARTESIAN_POINT('Ctrl Pts',(-37.0448852705154,11.4923130139284,19.5278217333079));
#3076=CARTESIAN_POINT('Ctrl Pts',(-35.3185049615059,11.6894545495358,19.4487004437252));
#3077=CARTESIAN_POINT('Ctrl Pts',(-34.5092901872446,10.7094901496516,19.3908304404855));
#3078=CARTESIAN_POINT('Ctrl Pts',(-34.4554915392891,10.1005268139673,19.35933420044));
#3079=CARTESIAN_POINT('Ctrl Pts',(-34.4563905473263,10.0013283905474,19.3542117235887));
#3080=CARTESIAN_POINT('Origin',(-36.,10.,21.1042117235887));
#3081=CARTESIAN_POINT('',(-36.735833356782,8.64375582174635,13.689653188963));
#3082=CARTESIAN_POINT('Ctrl Pts',(-36.735833356782,8.64375582174635,13.689653188963));
#3083=CARTESIAN_POINT('Ctrl Pts',(-36.7283478683498,8.63969455300983,13.6976399164492));
#3084=CARTESIAN_POINT('Ctrl Pts',(-36.7207716254392,8.63566434921121,13.705462752214));
#3085=CARTESIAN_POINT('Ctrl Pts',(-36.706165773087,8.62805235237742,13.7200686045662));
#3086=CARTESIAN_POINT('Ctrl Pts',(-36.6990680883666,8.62442069155647,13.726962927953));
#3087=CARTESIAN_POINT('Ctrl Pts',(-36.691827016107,8.62078849345562,13.7337899084781));
#3088=CARTESIAN_POINT('',(-36.8602940302431,11.280914978259,13.5262760031847));
#3089=CARTESIAN_POINT('Ctrl Pts',(-36.7358333567819,8.64375582174632,13.689653188963));
#3090=CARTESIAN_POINT('Ctrl Pts',(-37.0452165036097,8.81161235017408,13.671500168321));
#3091=CARTESIAN_POINT('Ctrl Pts',(-37.5436451563182,9.3663997318842,13.6351941270369));
#3092=CARTESIAN_POINT('Ctrl Pts',(-37.5964565041069,10.4854032332771,13.5807350651108));
#3093=CARTESIAN_POINT('Ctrl Pts',(-37.1524932618761,11.0846667815541,13.5444290238267));
#3094=CARTESIAN_POINT('Ctrl Pts',(-36.8602940302431,11.280914978259,13.5262760031847));
#3095=CARTESIAN_POINT('Ctrl Pts',(-36.834517743542,11.2978555912402,13.5662617643046));
#3096=CARTESIAN_POINT('Ctrl Pts',(-36.8433861316889,11.2921532409054,13.5531921422116));
#3097=CARTESIAN_POINT('Ctrl Pts',(-36.851988060431,11.2864934720435,13.5398536244356));
#3098=CARTESIAN_POINT('Ctrl Pts',(-36.8602940302431,11.280914978259,13.5262760031847));
#3099=CARTESIAN_POINT('Origin',(-36.,10.,21.1042117235887));
#3100=CARTESIAN_POINT('',(-35.0872191459055,11.2440579216413,13.4288395532112));
#3101=CARTESIAN_POINT('Ctrl Pts',(-35.0872191459055,11.2440579216413,13.4288395532112));
#3102=CARTESIAN_POINT('Ctrl Pts',(-35.094038141053,11.2490611036528,13.4433537186333));
#3103=CARTESIAN_POINT('Ctrl Pts',(-35.1011895770541,11.254221852069,13.4576753245263));
#3104=CARTESIAN_POINT('Ctrl Pts',(-35.1086543475414,11.2595046358959,13.4717787382271));
#3105=CARTESIAN_POINT('',(-35.0320713629709,8.79834982061374,13.2831720389075));
#3106=CARTESIAN_POINT('Ctrl Pts',(-35.0872191459055,11.2440579216413,13.4288395532113));
#3107=CARTESIAN_POINT('Ctrl Pts',(-34.7076753261643,10.9655818748889,13.4045616341606));
#3108=CARTESIAN_POINT('Ctrl Pts',(-34.2271291513176,10.0399761102697,13.3560057960594));
#3109=CARTESIAN_POINT('Ctrl Pts',(-34.665465523208,9.09365064684075,13.3074499579581));
#3110=CARTESIAN_POINT('Ctrl Pts',(-35.0320713629709,8.79834982061374,13.2831720389075));
#3111=CARTESIAN_POINT('Ctrl Pts',(-35.0449290266204,8.78810543535842,13.3239007344971));
#3112=CARTESIAN_POINT('Ctrl Pts',(-35.040362070515,8.79170456628963,13.3104343642534));
#3113=CARTESIAN_POINT('Ctrl Pts',(-35.0360715621382,8.79512766212352,13.2968453780646));
#3114=CARTESIAN_POINT('Ctrl Pts',(-35.0320713629709,8.79834982061374,13.2831720389075));
#3115=CARTESIAN_POINT('Origin',(-36.,10.,21.1042117235887));
#3116=CARTESIAN_POINT('',(-36.9934555901307,8.81936669942019,13.1735460758354));
#3117=CARTESIAN_POINT('Ctrl Pts',(-36.9934555901307,8.81936669942019,13.1735460758354));
#3118=CARTESIAN_POINT('Ctrl Pts',(-36.9909948140505,8.8172960550027,13.1876326620125));
#3119=CARTESIAN_POINT('Ctrl Pts',(-36.9882283652246,8.81498121656469,13.2016973548407));
#3120=CARTESIAN_POINT('Ctrl Pts',(-36.9851672652537,8.81244180796372,13.2156796454754));
#3121=CARTESIAN_POINT('',(-37.0078624792779,11.1683587731788,13.0358534916525));
#3122=CARTESIAN_POINT('Ctrl Pts',(-36.9934555901307,8.81936669942016,13.1735460758354));
#3123=CARTESIAN_POINT('Ctrl Pts',(-37.3339297783046,9.1058620789512,13.150597311805));
#3124=CARTESIAN_POINT('Ctrl Pts',(-37.7473731735527,9.98928297294342,13.104699783744));
#3125=CARTESIAN_POINT('Ctrl Pts',(-37.3447969064185,10.8777086964322,13.058802255683));
#3126=CARTESIAN_POINT('Ctrl Pts',(-37.0078624792779,11.1683587731788,13.0358534916525));
#3127=CARTESIAN_POINT('Ctrl Pts',(-37.0055353488197,11.1703621927737,13.077271678343));
#3128=CARTESIAN_POINT('Ctrl Pts',(-37.0065973149081,11.1694497876672,13.0634523273982));
#3129=CARTESIAN_POINT('Ctrl Pts',(-37.00737212726,11.1687817660229,13.049637571743));
#3130=CARTESIAN_POINT('Ctrl Pts',(-37.0078624792779,11.1683587731788,13.0358534916525));
#3131=CARTESIAN_POINT('Ctrl Pts',(-36.9581161527224,9.17478870106353,20.));
#3132=CARTESIAN_POINT('Ctrl Pts',(-37.2316097302456,9.49232993520383,19.9736262368058));
#3133=CARTESIAN_POINT('Ctrl Pts',(-37.433413943917,10.4153126831253,19.9208787104173));
#3134=CARTESIAN_POINT('Ctrl Pts',(-36.4316110609982,11.430115268604,19.8417574208347));
#3135=CARTESIAN_POINT('Ctrl Pts',(-35.0370764744553,11.140426211947,19.7626361312519));
#3136=CARTESIAN_POINT('Ctrl Pts',(-34.5186309666962,9.81489530391049,19.6835148416693));
#3137=CARTESIAN_POINT('Ctrl Pts',(-35.3478547157351,8.65691929644,19.6043935520866));
#3138=CARTESIAN_POINT('Ctrl Pts',(-36.7703929192679,8.72126144513974,19.5252722625039));
#3139=CARTESIAN_POINT('Ctrl Pts',(-37.4920464440069,9.94873804529655,19.4461509729212));
#3140=CARTESIAN_POINT('Ctrl Pts',(-36.8562912667316,11.2229616371435,19.3670296833386));
#3141=CARTESIAN_POINT('Ctrl Pts',(-35.4415097367622,11.3845205948724,19.2879083937559));
#3142=CARTESIAN_POINT('Ctrl Pts',(-34.5348244643798,10.2865187823804,19.2087871041732));
#3143=CARTESIAN_POINT('Ctrl Pts',(-34.9611050487974,8.92783755819674,19.1296658145905));
#3144=CARTESIAN_POINT('Ctrl Pts',(-36.3325368268581,8.54458023238087,19.0505445250079));
#3145=CARTESIAN_POINT('Ctrl Pts',(-37.4014378930187,9.48541008272277,18.9714232354251));
#3146=CARTESIAN_POINT('Ctrl Pts',(-37.1953589773214,10.8943980528642,18.8923019458425));
#3147=CARTESIAN_POINT('Ctrl Pts',(-35.9017834970107,11.4896924414149,18.8131806562598));
#3148=CARTESIAN_POINT('Ctrl Pts',(-34.6975620340306,10.7297163128142,18.7340593666771));
#3149=CARTESIAN_POINT('Ctrl Pts',(-34.6782538783152,9.30586910492984,18.6549380770945));
#3150=CARTESIAN_POINT('Ctrl Pts',(-35.8614249397265,8.5135184639806,18.5758167875118));
#3151=CARTESIAN_POINT('Ctrl Pts',(-37.1706668279628,9.07351759244644,18.4966954979291));
#3152=CARTESIAN_POINT('Ctrl Pts',(-37.4148762557052,10.4763986182058,18.4175742083464));
#3153=CARTESIAN_POINT('Ctrl Pts',(-36.3718798737317,11.4458685314507,18.3384529187637));
#3154=CARTESIAN_POINT('Ctrl Pts',(-34.9905599589236,11.0999369361646,18.259331629181));
#3155=CARTESIAN_POINT('Ctrl Pts',(-34.527593913862,9.75332050063624,18.1802103395984));
#3156=CARTESIAN_POINT('Ctrl Pts',(-35.4041723412953,8.63112460106251,18.1010890500157));
#3157=CARTESIAN_POINT('Ctrl Pts',(-36.8228143028241,8.7542845104164,18.021967760433));
#3158=CARTESIAN_POINT('Ctrl Pts',(-37.4928880795815,10.0107535759896,17.9428464708503));
#3159=CARTESIAN_POINT('Ctrl Pts',(-36.8047835699372,11.2574394072876,17.8637251812677));
#3160=CARTESIAN_POINT('Ctrl Pts',(-35.3845146168386,11.3601500655119,17.784603891685));
#3161=CARTESIAN_POINT('Ctrl Pts',(-34.524193120238,10.2254429222366,17.7054826021023));
#3162=CARTESIAN_POINT('Ctrl Pts',(-35.0065100212621,8.88563555347521,17.6263613125196));
#3163=CARTESIAN_POINT('Ctrl Pts',(-36.3926699734325,8.55963867397267,17.5472400229369));
#3164=CARTESIAN_POINT('Ctrl Pts',(-37.4215922740147,9.54403304505303,17.4681187333543));
#3165=CARTESIAN_POINT('Ctrl Pts',(-37.1571987627306,10.9432504869209,17.3889974437716));
#3166=CARTESIAN_POINT('Ctrl Pts',(-35.8400255728649,11.4843310413136,17.3098761541889));
#3167=CARTESIAN_POINT('Ctrl Pts',(-34.6683916208593,10.6750182087509,17.2307548646062));
#3168=CARTESIAN_POINT('Ctrl Pts',(-34.7082092245748,9.25159700022697,17.1516335750235));
#3169=CARTESIAN_POINT('Ctrl Pts',(-35.9232536960911,8.50904712939021,17.0725122854409));
#3170=CARTESIAN_POINT('Ctrl Pts',(-37.2081193182721,9.12291495830747,16.9933909958582));
#3171=CARTESIAN_POINT('Ctrl Pts',(-37.3938794898236,10.5347246257581,16.9142697062755));
#3172=CARTESIAN_POINT('Ctrl Pts',(-36.3115359884889,11.460060199245,16.8351484166928));
#3173=CARTESIAN_POINT('Ctrl Pts',(-34.9457677476961,11.0570831640631,16.7560271271101));
#3174=CARTESIAN_POINT('Ctrl Pts',(-34.5391037917301,9.69240818247948,16.6769058375275));
#3175=CARTESIAN_POINT('Ctrl Pts',(-35.4615130167223,8.60756966910966,16.5977845479448));
#3176=CARTESIAN_POINT('Ctrl Pts',(-36.8738191992937,8.78951643361427,16.5186632583621));
#3177=CARTESIAN_POINT('Ctrl Pts',(-37.4911546945466,10.0727195604589,16.4395419687794));
#3178=CARTESIAN_POINT('Ctrl Pts',(-36.7518888775634,11.2897649294885,16.3604206791968));
#3179=CARTESIAN_POINT('Ctrl Pts',(-35.3285803910336,11.3334264757557,16.2812993896141));
#3180=CARTESIAN_POINT('Ctrl Pts',(-34.5161063980188,10.1639824244557,16.2021781000314));
#3181=CARTESIAN_POINT('Ctrl Pts',(-35.0536278246689,8.84535279704207,16.1230568104487));
#3182=CARTESIAN_POINT('Ctrl Pts',(-36.4521261436916,8.57718152676178,16.043935520866));
#3183=CARTESIAN_POINT('Ctrl Pts',(-37.4392956300002,9.60344162232705,15.9648142312834));
#3184=CARTESIAN_POINT('Ctrl Pts',(-37.1170433994678,10.9904769059693,15.8856929417007));
#3185=CARTESIAN_POINT('Ctrl Pts',(-35.7785434601109,11.4764103287572,15.806571652118));
#3186=CARTESIAN_POINT('Ctrl Pts',(-34.6415170729545,10.619156356359,15.7274503625353));
#3187=CARTESIAN_POINT('Ctrl Pts',(-34.7403917811658,9.19861520294687,15.6483290729526));
#3188=CARTESIAN_POINT('Ctrl Pts',(-35.985214774321,8.50714640464338,15.5692077833699));
#3189=CARTESIAN_POINT('Ctrl Pts',(-37.2434888549096,9.1738245232146,15.4900864937873));
#3190=CARTESIAN_POINT('Ctrl Pts',(-37.3704795013553,10.5921287011723,15.4109652042046));
#3191=CARTESIAN_POINT('Ctrl Pts',(-36.2506549690995,11.471734541303,15.3318439146219));
#3192=CARTESIAN_POINT('Ctrl Pts',(-34.9027931797346,11.012406834143,15.2527226250392));
#3193=CARTESIAN_POINT('Ctrl Pts',(-34.5531324164299,9.63202621656711,15.1736013354566));
#3194=CARTESIAN_POINT('Ctrl Pts',(-35.5197821605632,8.58641541495665,15.0944800458739));
#3195=CARTESIAN_POINT('Ctrl Pts',(-36.9233174251105,8.82683548299682,15.0153587562912));
#3196=CARTESIAN_POINT('Ctrl Pts',(-37.486850555763,10.1345599734604,14.9362374667085));
#3197=CARTESIAN_POINT('Ctrl Pts',(-36.6976974643913,11.3198671141953,14.8571161771258));
#3198=CARTESIAN_POINT('Ctrl Pts',(-35.2738045042517,11.3044031367443,14.7779948875432));
#3199=CARTESIAN_POINT('Ctrl Pts',(-34.5105766672089,10.1022406816539,14.6988735979605));
#3200=CARTESIAN_POINT('Ctrl Pts',(-35.1023801123147,8.80705788067117,14.6197523083778));
#3201=CARTESIAN_POINT('Ctrl Pts',(-36.5107972391145,8.59718325064528,14.5406310187951));
#3202=CARTESIAN_POINT('Ctrl Pts',(-37.4545283944102,9.66352258729605,14.4615097292124));
#3203=CARTESIAN_POINT('Ctrl Pts',(-37.0749405625402,11.0360179371417,14.3823884396298));
#3204=CARTESIAN_POINT('Ctrl Pts',(-35.7174856199756,11.465900121708,14.3032671500471));
#3205=CARTESIAN_POINT('Ctrl Pts',(-34.6169010820541,10.5623136413435,14.2241458604644));
#3206=CARTESIAN_POINT('Ctrl Pts',(-34.7749108736287,9.146844332028,14.1450245708817));
#3207=CARTESIAN_POINT('Ctrl Pts',(-36.0468763252671,8.50815675385361,14.065903281299));
#3208=CARTESIAN_POINT('Ctrl Pts',(-37.2773584722958,9.22548523401782,13.9867819917164));
#3209=CARTESIAN_POINT('Ctrl Pts',(-37.3434054806068,10.6499399003417,13.9076607021337));
#3210=CARTESIAN_POINT('Ctrl Pts',(-36.5760709880015,11.2011384762419,13.8549131757452));
#3211=CARTESIAN_POINT('Ctrl Pts',(-36.1603713632322,11.2542891516134,13.828539412551));
#3212=CARTESIAN_POINT('Ctrl Pts',(-37.0284562999567,9.11420577058935,20.0535973499898));
#3213=CARTESIAN_POINT('Ctrl Pts',(-37.3220284227125,9.45505931096612,20.0272235867955));
#3214=CARTESIAN_POINT('Ctrl Pts',(-37.5386481032371,10.4458028853793,19.9744760604071));
#3215=CARTESIAN_POINT('Ctrl Pts',(-36.4632978095123,11.5351072555043,19.8953547708244));
#3216=CARTESIAN_POINT('Ctrl Pts',(-34.9663833936949,11.2241506616708,19.8162334812417));
#3217=CARTESIAN_POINT('Ctrl Pts',(-34.4098761819921,9.80130583301002,19.7371121916591));
#3218=CARTESIAN_POINT('Ctrl Pts',(-35.2999774357383,8.55831695666368,19.6579909020763));
#3219=CARTESIAN_POINT('Ctrl Pts',(-36.8269513555447,8.62738278756006,19.5788696124937));
#3220=CARTESIAN_POINT('Ctrl Pts',(-37.6015851113737,9.94497464622313,19.499748322911));
#3221=CARTESIAN_POINT('Ctrl Pts',(-36.9191559346595,11.3127454294051,19.4206270333283));
#3222=CARTESIAN_POINT('Ctrl Pts',(-35.4005081450101,11.4861652464268,19.3415057437457));
#3223=CARTESIAN_POINT('Ctrl Pts',(-34.4272585261512,10.3075535737058,19.262384454163));
#3224=CARTESIAN_POINT('Ctrl Pts',(-34.8848345218672,8.84912469671202,19.1832631645803));
#3225=CARTESIAN_POINT('Ctrl Pts',(-36.3569500353147,8.43773051436799,19.1041418749976));
#3226=CARTESIAN_POINT('Ctrl Pts',(-37.5043245288973,9.44763143715489,19.0250205854149));
#3227=CARTESIAN_POINT('Ctrl Pts',(-37.2831163188752,10.9600603324801,18.9458992958323));
#3228=CARTESIAN_POINT('Ctrl Pts',(-35.8945729273302,11.5990582895588,18.8667780062496));
#3229=CARTESIAN_POINT('Ctrl Pts',(-34.6019434829506,10.7832884739105,18.7876567166669));
#3230=CARTESIAN_POINT('Ctrl Pts',(-34.5812178179779,9.2549094491299,18.7085354270842));
#3231=CARTESIAN_POINT('Ctrl Pts',(-35.851251444462,8.40438834462345,18.6294141375015));
#3232=CARTESIAN_POINT('Ctrl Pts',(-37.2566113940858,9.00549983826068,18.5502928479189));
#3233=CARTESIAN_POINT('Ctrl Pts',(-37.5187494696802,10.511373447564,18.4711715583362));
#3234=CARTESIAN_POINT('Ctrl Pts',(-36.3991814540229,11.552017044963,18.3920502687535));
#3235=CARTESIAN_POINT('Ctrl Pts',(-34.9164518657537,11.1806888635989,18.3129289791708));
#3236=CARTESIAN_POINT('Ctrl Pts',(-34.4194971443908,9.73521051234763,18.2338076895882));
#3237=CARTESIAN_POINT('Ctrl Pts',(-35.360429622711,8.53062854238212,18.1546864000054));
#3238=CARTESIAN_POINT('Ctrl Pts',(-36.883221257704,8.66283024289325,18.0755651104228));
#3239=CARTESIAN_POINT('Ctrl Pts',(-37.6024885356678,10.0115430503308,17.9964438208401));
#3240=CARTESIAN_POINT('Ctrl Pts',(-36.8638667976233,11.3497543868393,17.9173225312574));
#3241=CARTESIAN_POINT('Ctrl Pts',(-35.3393287253899,11.4600055533846,17.8382012416747));
#3242=CARTESIAN_POINT('Ctrl Pts',(-34.4158466813258,10.2419938261098,17.7590799520921));
#3243=CARTESIAN_POINT('Ctrl Pts',(-34.9335729027492,8.80382442961672,17.6799586625094));
#3244=CARTESIAN_POINT('Ctrl Pts',(-36.4214978599755,8.45389447223322,17.6008373729267));
#3245=CARTESIAN_POINT('Ctrl Pts',(-37.5259585448235,9.5105582073167,17.521716083344));
#3246=CARTESIAN_POINT('Ctrl Pts',(-37.2421545701435,11.0124992705264,17.4425947937613));
#3247=CARTESIAN_POINT('Ctrl Pts',(-35.828281041968,11.5933032819899,17.3634735041787));
#3248=CARTESIAN_POINT('Ctrl Pts',(-34.5706315223775,10.7245747056896,17.284352214596));
#3249=CARTESIAN_POINT('Ctrl Pts',(-34.6133723375428,9.19665295503474,17.2052309250133));
#3250=CARTESIAN_POINT('Ctrl Pts',(-35.917619362194,8.39958874677129,17.1261096354306));
#3251=CARTESIAN_POINT('Ctrl Pts',(-37.2968134609211,9.05852371430817,17.0469883458479));
#3252=CARTESIAN_POINT('Ctrl Pts',(-37.4962112251382,10.5739814619974,16.9678670562653));
#3253=CARTESIAN_POINT('Ctrl Pts',(-36.3344074193032,11.5672505947873,16.8887457666826));
#3254=CARTESIAN_POINT('Ctrl Pts',(-34.8683712320071,11.1346889795874,16.8096244770999));
#3255=CARTESIAN_POINT('Ctrl Pts',(-34.4318520205416,9.66982631318214,16.7305031875172));
#3256=CARTESIAN_POINT('Ctrl Pts',(-35.4219799668099,8.5053443238736,16.6513818979346));
#3257=CARTESIAN_POINT('Ctrl Pts',(-36.9379706813032,8.70064871956698,16.5722606083519));
#3258=CARTESIAN_POINT('Ctrl Pts',(-37.6006278940804,10.0780582707759,16.4931393187692));
#3259=CARTESIAN_POINT('Ctrl Pts',(-36.8070888386551,11.3844530889356,16.4140180291865));
#3260=CARTESIAN_POINT('Ctrl Pts',(-35.2792880854854,11.4313200498951,16.3348967396038));
#3261=CARTESIAN_POINT('Ctrl Pts',(-34.4071662719738,10.1760212026845,16.2557754500212));
#3262=CARTESIAN_POINT('Ctrl Pts',(-34.9841498621462,8.76058431252281,16.1766541604385));
#3263=CARTESIAN_POINT('Ctrl Pts',(-36.4853190080697,8.47272523447318,16.0975328708558));
#3264=CARTESIAN_POINT('Ctrl Pts',(-37.5449615936104,9.57432826838426,16.0184115812731));
#3265=CARTESIAN_POINT('Ctrl Pts',(-37.199051198796,11.063192819588,15.9392902916904));
#3266=CARTESIAN_POINT('Ctrl Pts',(-35.7622852167054,11.5848010699089,15.8601690021078));
#3267=CARTESIAN_POINT('Ctrl Pts',(-34.5417839781391,10.6646117524961,15.7810477125251));
#3268=CARTESIAN_POINT('Ctrl Pts',(-34.6479175782015,9.13978149634893,15.7019264229424));
#3269=CARTESIAN_POINT('Ctrl Pts',(-35.984129316208,8.39754848021822,15.6228051333597));
#3270=CARTESIAN_POINT('Ctrl Pts',(-37.3347796539323,9.11317080757343,15.543683843777));
#3271=CARTESIAN_POINT('Ctrl Pts',(-37.4710933252982,10.6355998605967,15.4645625541944));
#3272=CARTESIAN_POINT('Ctrl Pts',(-36.2690568167057,11.5797820092753,15.3854412646117));
#3273=CARTESIAN_POINT('Ctrl Pts',(-34.8222416839012,11.0867327345803,15.306319975029));
#3274=CARTESIAN_POINT('Ctrl Pts',(-34.4469105574543,9.60501140209864,15.2271986854463));
#3275=CARTESIAN_POINT('Ctrl Pts',(-35.4845269428795,8.48263702905061,15.1480773958637));
#3276=CARTESIAN_POINT('Ctrl Pts',(-36.9911028219455,8.74070754890287,15.068956106281));
#3277=CARTESIAN_POINT('Ctrl Pts',(-37.5960077667238,10.1444387009176,14.9898348166983));
#3278=CARTESIAN_POINT('Ctrl Pts',(-36.7489189600637,11.4167652270998,14.9107135271156));
#3279=CARTESIAN_POINT('Ctrl Pts',(-35.2204908241236,11.4001659609392,14.8315922375329));
#3280=CARTESIAN_POINT('Ctrl Pts',(-34.4012305756886,10.1097466866205,14.7524709479503));
#3281=CARTESIAN_POINT('Ctrl Pts',(-35.0364813015278,8.71947797287281,14.6733496583676));
#3282=CARTESIAN_POINT('Ctrl Pts',(-36.5482974450175,8.49419538595692,14.5942283687849));
#3283=CARTESIAN_POINT('Ctrl Pts',(-37.5613126722125,9.63882008052446,14.5151070792022));
#3284=CARTESIAN_POINT('Ctrl Pts',(-37.1538573799034,11.1120772479349,14.4359857896195));
#3285=CARTESIAN_POINT('Ctrl Pts',(-35.6967448120576,11.573519255462,14.3568645000368));
#3286=CARTESIAN_POINT('Ctrl Pts',(-34.5153608029852,10.6035959265983,14.2777432104542));
#3287=CARTESIAN_POINT('Ctrl Pts',(-34.6849708916347,9.08420986424622,14.1986219208715));
#3288=CARTESIAN_POINT('Ctrl Pts',(-36.0503177531271,8.39863300426832,14.1195006312888));
#3289=CARTESIAN_POINT('Ctrl Pts',(-37.3711358110422,9.1686241921499,14.0403793417061));
#3290=CARTESIAN_POINT('Ctrl Pts',(-37.4420316639069,10.6976552719629,13.9612580521235));
#3291=CARTESIAN_POINT('Ctrl Pts',(-36.6183632695774,11.2893201200098,13.908510525735));
#3292=CARTESIAN_POINT('Ctrl Pts',(-36.1721450352133,11.3463728549808,13.8821367625408));
#3293=CARTESIAN_POINT('Ctrl Pts',(-37.0987964471909,9.05362284011517,20.1071946999795));
#3294=CARTESIAN_POINT('Ctrl Pts',(-37.4124471151795,9.41778868672841,20.0808209367853));
#3295=CARTESIAN_POINT('Ctrl Pts',(-37.6438822625573,10.4762930876333,20.0280734103969));
#3296=CARTESIAN_POINT('Ctrl Pts',(-36.4949845580263,11.6400992424046,19.9489521208142));
#3297=CARTESIAN_POINT('Ctrl Pts',(-34.8956903129347,11.3078751113946,19.8698308312315));
#3298=CARTESIAN_POINT('Ctrl Pts',(-34.301121397288,9.78771636210955,19.7907095416488));
#3299=CARTESIAN_POINT('Ctrl Pts',(-35.2521001557416,8.45971461688735,19.7115882520661));
#3300=CARTESIAN_POINT('Ctrl Pts',(-36.8835097918215,8.53350412998037,19.6324669624835));
#3301=CARTESIAN_POINT('Ctrl Pts',(-37.7111237787404,9.94121124714972,19.5533456729008));
#3302=CARTESIAN_POINT('Ctrl Pts',(-36.9820206025875,11.4025292216668,19.4742243833181));
#3303=CARTESIAN_POINT('Ctrl Pts',(-35.3595065532579,11.5878098979813,19.3951030937354));
#3304=CARTESIAN_POINT('Ctrl Pts',(-34.3196925879226,10.3285883650312,19.3159818041527));
#3305=CARTESIAN_POINT('Ctrl Pts',(-34.8085639949369,8.77041183522732,19.2368605145701));
#3306=CARTESIAN_POINT('Ctrl Pts',(-36.3813632437713,8.33088079635509,19.1577392249874));
#3307=CARTESIAN_POINT('Ctrl Pts',(-37.607211164776,9.40985279158702,19.0786179354047));
#3308=CARTESIAN_POINT('Ctrl Pts',(-37.3708736604289,11.0257226120959,18.9994966458221));
#3309=CARTESIAN_POINT('Ctrl Pts',(-35.8873623576499,11.7084241377028,18.9203753562393));
#3310=CARTESIAN_POINT('Ctrl Pts',(-34.5063249318704,10.8368606350068,18.8412540666567));
#3311=CARTESIAN_POINT('Ctrl Pts',(-34.4841817576407,9.20394979332996,18.762132777074));
#3312=CARTESIAN_POINT('Ctrl Pts',(-35.8410779491974,8.29525822526629,18.6830114874913));
#3313=CARTESIAN_POINT('Ctrl Pts',(-37.3425559602088,8.93748208407492,18.6038901979086));
#3314=CARTESIAN_POINT('Ctrl Pts',(-37.6226226836551,10.5463482769222,18.5247689083259));
#3315=CARTESIAN_POINT('Ctrl Pts',(-36.4264830343139,11.6581655584753,18.4456476187433));
#3316=CARTESIAN_POINT('Ctrl Pts',(-34.8423437725839,11.2614407910331,18.3665263291606));
#3317=CARTESIAN_POINT('Ctrl Pts',(-34.3114003749194,9.71710052405904,18.2874050395779));
#3318=CARTESIAN_POINT('Ctrl Pts',(-35.3166869041268,8.43013248370172,18.2082837499952));
#3319=CARTESIAN_POINT('Ctrl Pts',(-36.9436282125837,8.57137597537011,18.1291624604126));
#3320=CARTESIAN_POINT('Ctrl Pts',(-37.7120889917541,10.0123325246719,18.0500411708299));
#3321=CARTESIAN_POINT('Ctrl Pts',(-36.9229500253095,11.4420693663911,17.9709198812472));
#3322=CARTESIAN_POINT('Ctrl Pts',(-35.2941428339413,11.5598610412573,17.8917985916645));
#3323=CARTESIAN_POINT('Ctrl Pts',(-34.3075002424134,10.258544729983,17.8126773020818));
#3324=CARTESIAN_POINT('Ctrl Pts',(-34.8606357842364,8.72201330575824,17.7335560124992));
#3325=CARTESIAN_POINT('Ctrl Pts',(-36.4503257465185,8.34815027049377,17.6544347229165));
#3326=CARTESIAN_POINT('Ctrl Pts',(-37.6303248156323,9.47708336958038,17.5753134333338));
#3327=CARTESIAN_POINT('Ctrl Pts',(-37.3271103775563,11.0817480541319,17.4961921437511));
#3328=CARTESIAN_POINT('Ctrl Pts',(-35.8165365110712,11.7022755226663,17.4170708541684));
#3329=CARTESIAN_POINT('Ctrl Pts',(-34.4728714238957,10.7741312026283,17.3379495645858));
#3330=CARTESIAN_POINT('Ctrl Pts',(-34.5185354505108,9.14170890984247,17.2588282750031));
#3331=CARTESIAN_POINT('Ctrl Pts',(-35.9119850282969,8.2901303641524,17.1797069854204));
#3332=CARTESIAN_POINT('Ctrl Pts',(-37.38550760357,8.99413247030884,17.1005856958377));
#3333=CARTESIAN_POINT('Ctrl Pts',(-37.5985429604528,10.6132382982366,17.021464406255));
#3334=CARTESIAN_POINT('Ctrl Pts',(-36.3572788501175,11.6744409903296,16.9423431166724));
#3335=CARTESIAN_POINT('Ctrl Pts',(-34.790974716318,11.2122947951117,16.8632218270897));
#3336=CARTESIAN_POINT('Ctrl Pts',(-34.3246002493533,9.6472444438848,16.784100537507));
#3337=CARTESIAN_POINT('Ctrl Pts',(-35.3824469168975,8.40311897863755,16.7049792479243));
#3338=CARTESIAN_POINT('Ctrl Pts',(-37.0021221633128,8.61178100551968,16.6258579583416));
#3339=CARTESIAN_POINT('Ctrl Pts',(-37.7101010936141,10.083396981093,16.546736668759));
#3340=CARTESIAN_POINT('Ctrl Pts',(-36.8622887997468,11.4791412483827,16.4676153791763));
#3341=CARTESIAN_POINT('Ctrl Pts',(-35.2299957799372,11.5292136240345,16.3884940895936));
#3342=CARTESIAN_POINT('Ctrl Pts',(-34.2982261459288,10.1880599809133,16.3093728000109));
#3343=CARTESIAN_POINT('Ctrl Pts',(-34.9146718996236,8.67581582800356,16.2302515104283));
#3344=CARTESIAN_POINT('Ctrl Pts',(-36.5185118724477,8.36826894218456,16.1511302208455));
#3345=CARTESIAN_POINT('Ctrl Pts',(-37.6506275572206,9.5452149144415,16.0720089312629));
#3346=CARTESIAN_POINT('Ctrl Pts',(-37.2810589981243,11.1359087332067,15.9928876416802));
#3347=CARTESIAN_POINT('Ctrl Pts',(-35.7460269732998,11.6931918110605,15.9137663520976));
#3348=CARTESIAN_POINT('Ctrl Pts',(-34.4420508833237,10.7100671486331,15.8346450625148));
#3349=CARTESIAN_POINT('Ctrl Pts',(-34.5554433752371,9.08094778975098,15.7555237729322));
#3350=CARTESIAN_POINT('Ctrl Pts',(-35.9830438580951,8.28795055579308,15.6764024833495));
#3351=CARTESIAN_POINT('Ctrl Pts',(-37.4260704529549,9.05251709193226,15.5972811937668));
#3352=CARTESIAN_POINT('Ctrl Pts',(-37.5717071492411,10.6790710200211,15.5181599041841));
#3353=CARTESIAN_POINT('Ctrl Pts',(-36.2874586643119,11.6878294772476,15.4390386146015));
#3354=CARTESIAN_POINT('Ctrl Pts',(-34.7416901880678,11.1610586350176,15.3599173250188));
#3355=CARTESIAN_POINT('Ctrl Pts',(-34.3406886984786,9.57799658763021,15.2807960354361));
#3356=CARTESIAN_POINT('Ctrl Pts',(-35.4492717251958,8.37885864314456,15.2016747458534));
#3357=CARTESIAN_POINT('Ctrl Pts',(-37.0588882187804,8.65457961480893,15.1225534562707));
#3358=CARTESIAN_POINT('Ctrl Pts',(-37.7051649776846,10.1543174283748,15.0434321666881));
#3359=CARTESIAN_POINT('Ctrl Pts',(-36.800140455736,11.5136633400043,14.9643108771054));
#3360=CARTESIAN_POINT('Ctrl Pts',(-35.1671771439955,11.4959287851341,14.8851895875227));
#3361=CARTESIAN_POINT('Ctrl Pts',(-34.2918844841682,10.117252691587,14.80606829794));
#3362=CARTESIAN_POINT('Ctrl Pts',(-34.9705824907408,8.63189806507445,14.7269470083573));
#3363=CARTESIAN_POINT('Ctrl Pts',(-36.5857976509206,8.39120752126857,14.6478257187747));
#3364=CARTESIAN_POINT('Ctrl Pts',(-37.6680969500149,9.61411757375286,14.568704429192));
#3365=CARTESIAN_POINT('Ctrl Pts',(-37.2327741972666,11.1881365587281,14.4895831396093));
#3366=CARTESIAN_POINT('Ctrl Pts',(-35.6760040041396,11.681138389216,14.4104618500266));
#3367=CARTESIAN_POINT('Ctrl Pts',(-34.4138205239162,10.6448782118531,14.3313405604439));
#3368=CARTESIAN_POINT('Ctrl Pts',(-34.5950309096407,9.02157539646443,14.2522192708613));
#3369=CARTESIAN_POINT('Ctrl Pts',(-36.053759180987,8.28910925468304,14.1730979812786));
#3370=CARTESIAN_POINT('Ctrl Pts',(-37.4649131497886,9.11176315028195,14.0939766916959));
#3371=CARTESIAN_POINT('Ctrl Pts',(-37.540657847207,10.7453706435842,14.0148554021132));
#3372=CARTESIAN_POINT('Ctrl Pts',(-36.6606555511534,11.3775017637777,13.9621078757248));
#3373=CARTESIAN_POINT('Ctrl Pts',(-36.1839187071943,11.4384565583483,13.9357341125305));
#3374=CARTESIAN_POINT('Ctrl Pts',(-37.1691365944252,8.99303990964099,20.1607920499693));
#3375=CARTESIAN_POINT('Ctrl Pts',(-37.5028658076465,9.38051806249071,20.1344182867751));
#3376=CARTESIAN_POINT('Ctrl Pts',(-37.7491164218774,10.5067832898872,20.0816707603866));
#3377=CARTESIAN_POINT('Ctrl Pts',(-36.5266713065404,11.7450912293048,20.0025494708039));
#3378=CARTESIAN_POINT('Ctrl Pts',(-34.8249972321744,11.3915995611184,19.9234281812213));
#3379=CARTESIAN_POINT('Ctrl Pts',(-34.1923666125838,9.77412689120908,19.8443068916386));
#3380=CARTESIAN_POINT('Ctrl Pts',(-35.2042228757448,8.36111227711104,19.7651856020559));
#3381=CARTESIAN_POINT('Ctrl Pts',(-36.9400682280983,8.43962547240067,19.6860643124732));
#3382=CARTESIAN_POINT('Ctrl Pts',(-37.8206624461073,9.93744784807634,19.6069430228905));
#3383=CARTESIAN_POINT('Ctrl Pts',(-37.0448852705154,11.4923130139284,19.5278217333079));
#3384=CARTESIAN_POINT('Ctrl Pts',(-35.3185049615059,11.6894545495358,19.4487004437252));
#3385=CARTESIAN_POINT('Ctrl Pts',(-34.2121266496939,10.3496231563566,19.3695791541425));
#3386=CARTESIAN_POINT('Ctrl Pts',(-34.7322934680067,8.69169897374263,19.2904578645598));
#3387=CARTESIAN_POINT('Ctrl Pts',(-36.4057764522278,8.22403107834219,19.2113365749772));
#3388=CARTESIAN_POINT('Ctrl Pts',(-37.7100978006547,9.37207414601916,19.1322152853945));
#3389=CARTESIAN_POINT('Ctrl Pts',(-37.4586310019826,11.0913848917117,19.0530939958118));
#3390=CARTESIAN_POINT('Ctrl Pts',(-35.8801517879695,11.8177899858467,18.9739727062291));
#3391=CARTESIAN_POINT('Ctrl Pts',(-34.4107063807902,10.8904327961031,18.8948514166464));
#3392=CARTESIAN_POINT('Ctrl Pts',(-34.3871456973036,9.15299013753003,18.8157301270638));
#3393=CARTESIAN_POINT('Ctrl Pts',(-35.8309044539328,8.18612810590913,18.7366088374811));
#3394=CARTESIAN_POINT('Ctrl Pts',(-37.4285005263318,8.86946432988915,18.6574875478984));
#3395=CARTESIAN_POINT('Ctrl Pts',(-37.7264958976301,10.5813231062804,18.5783662583157));
#3396=CARTESIAN_POINT('Ctrl Pts',(-36.453784614605,11.7643140719877,18.4992449687331));
#3397=CARTESIAN_POINT('Ctrl Pts',(-34.768235679414,11.3421927184674,18.4201236791503));
#3398=CARTESIAN_POINT('Ctrl Pts',(-34.2033036054481,9.69899053577042,18.3410023895677));
#3399=CARTESIAN_POINT('Ctrl Pts',(-35.2729441855426,8.32963642502133,18.261881099985));
#3400=CARTESIAN_POINT('Ctrl Pts',(-37.0040351674635,8.47992170784696,18.1827598104023));
#3401=CARTESIAN_POINT('Ctrl Pts',(-37.8216894478404,10.0131219990131,18.1036385208196));
#3402=CARTESIAN_POINT('Ctrl Pts',(-36.9820332529957,11.5343843459428,18.024517231237));
#3403=CARTESIAN_POINT('Ctrl Pts',(-35.2489569424926,11.65971652913,17.9453959416543));
#3404=CARTESIAN_POINT('Ctrl Pts',(-34.1991538035012,10.2750956338562,17.8662746520716));
#3405=CARTESIAN_POINT('Ctrl Pts',(-34.7876986657235,8.64020218189976,17.7871533624889));
#3406=CARTESIAN_POINT('Ctrl Pts',(-36.4791536330616,8.24240606875432,17.7080320729062));
#3407=CARTESIAN_POINT('Ctrl Pts',(-37.7346910864411,9.44360853184405,17.6289107833236));
#3408=CARTESIAN_POINT('Ctrl Pts',(-37.4120661849691,11.1509968377374,17.5497894937409));
#3409=CARTESIAN_POINT('Ctrl Pts',(-35.8047919801744,11.8112477633427,17.4706682041582));
#3410=CARTESIAN_POINT('Ctrl Pts',(-34.3751113254139,10.8236876995671,17.3915469145755));
#3411=CARTESIAN_POINT('Ctrl Pts',(-34.4236985634788,9.08676486465024,17.3124256249929));
#3412=CARTESIAN_POINT('Ctrl Pts',(-35.9063506943999,8.18067198153348,17.2333043354102));
#3413=CARTESIAN_POINT('Ctrl Pts',(-37.4742017462189,8.92974122630955,17.1541830458275));
#3414=CARTESIAN_POINT('Ctrl Pts',(-37.7008746957674,10.6524951344759,17.0750617562448));
#3415=CARTESIAN_POINT('Ctrl Pts',(-36.3801502809319,11.7816313858719,16.9959404666621));
#3416=CARTESIAN_POINT('Ctrl Pts',(-34.7135782006288,11.2899006106361,16.9168191770795));
#3417=CARTESIAN_POINT('Ctrl Pts',(-34.2173484781649,9.62466257458744,16.8376978874968));
#3418=CARTESIAN_POINT('Ctrl Pts',(-35.342913866985,8.30089363340151,16.7585765979141));
#3419=CARTESIAN_POINT('Ctrl Pts',(-37.0662736453224,8.52291329147236,16.6794553083314));
#3420=CARTESIAN_POINT('Ctrl Pts',(-37.8195742931478,10.0887356914101,16.6003340187487));
#3421=CARTESIAN_POINT('Ctrl Pts',(-36.9174887608385,11.5738294078298,16.5212127291661));
#3422=CARTESIAN_POINT('Ctrl Pts',(-35.180703474389,11.627107198174,16.4420914395834));
#3423=CARTESIAN_POINT('Ctrl Pts',(-34.1892860198837,10.200098759142,16.3629701500007));
#3424=CARTESIAN_POINT('Ctrl Pts',(-34.8451939371009,8.5910473434843,16.283848860418));
#3425=CARTESIAN_POINT('Ctrl Pts',(-36.5517047368258,8.26381264989595,16.2047275708353));
#3426=CARTESIAN_POINT('Ctrl Pts',(-37.7562935208307,9.51610156049871,16.1256062812527));
#3427=CARTESIAN_POINT('Ctrl Pts',(-37.3630667974526,11.2086246468254,16.04648499167));
#3428=CARTESIAN_POINT('Ctrl Pts',(-35.7297687298941,11.8015825522122,15.9673637020873));
#3429=CARTESIAN_POINT('Ctrl Pts',(-34.3423177885084,10.7555225447702,15.8882424125046));
#3430=CARTESIAN_POINT('Ctrl Pts',(-34.4629691722727,9.02211408315305,15.8091211229219));
#3431=CARTESIAN_POINT('Ctrl Pts',(-35.9819583999821,8.17835263136791,15.7299998333393));
#3432=CARTESIAN_POINT('Ctrl Pts',(-37.5173612519775,8.99186337629112,15.6508785437566));
#3433=CARTESIAN_POINT('Ctrl Pts',(-37.672320973184,10.7225421794455,15.5717572541739));
#3434=CARTESIAN_POINT('Ctrl Pts',(-36.3058605119181,11.7958769452199,15.4926359645912));
#3435=CARTESIAN_POINT('Ctrl Pts',(-34.6611386922345,11.2353845354548,15.4135146750085));
#3436=CARTESIAN_POINT('Ctrl Pts',(-34.2344668395029,9.55098177316176,15.3343933854259));
#3437=CARTESIAN_POINT('Ctrl Pts',(-35.4140165075121,8.27508025723852,15.2552720958432));
#3438=CARTESIAN_POINT('Ctrl Pts',(-37.1266736156153,8.56845168071497,15.1761508062605));
#3439=CARTESIAN_POINT('Ctrl Pts',(-37.8143221886455,10.1641961558319,15.0970295166778));
#3440=CARTESIAN_POINT('Ctrl Pts',(-36.8513619514083,11.6105614529089,15.0179082270951));
#3441=CARTESIAN_POINT('Ctrl Pts',(-35.1138634638675,11.5916916093289,14.9387869375125));
#3442=CARTESIAN_POINT('Ctrl Pts',(-34.1825383926479,10.1247586965535,14.8596656479298));
#3443=CARTESIAN_POINT('Ctrl Pts',(-34.9046836799539,8.54431815727609,14.7805443583471));
#3444=CARTESIAN_POINT('Ctrl Pts',(-36.6232978568237,8.2882196565802,14.7014230687644));
#3445=CARTESIAN_POINT('Ctrl Pts',(-37.7748812278173,9.58941506698126,14.6223017791817));
#3446=CARTESIAN_POINT('Ctrl Pts',(-37.3116910146299,11.2641958695213,14.5431804895991));
#3447=CARTESIAN_POINT('Ctrl Pts',(-35.6552631962216,11.7887575229699,14.4640592000164));
#3448=CARTESIAN_POINT('Ctrl Pts',(-34.3122802448473,10.6861604971079,14.3849379104337));
#3449=CARTESIAN_POINT('Ctrl Pts',(-34.5050909276466,8.95894092868264,14.305816620851));
#3450=CARTESIAN_POINT('Ctrl Pts',(-36.0572006088471,8.17958550509775,14.2266953312684));
#3451=CARTESIAN_POINT('Ctrl Pts',(-37.5586904885349,9.05490210841401,14.1475740416857));
#3452=CARTESIAN_POINT('Ctrl Pts',(-37.6392840305072,10.7930860152054,14.068452752103));
#3453=CARTESIAN_POINT('Ctrl Pts',(-36.7029478327294,11.4656834075455,14.0157052257145));
#3454=CARTESIAN_POINT('Ctrl Pts',(-36.1956923791754,11.5305402617157,13.9893314625203));
#3455=CARTESIAN_POINT('Ctrl Pts',(-36.1956923791754,11.5305402617157,13.9893314625203));
#3456=CARTESIAN_POINT('Ctrl Pts',(-36.2474835863641,11.5010669901344,13.9790870247974));
#3457=CARTESIAN_POINT('Ctrl Pts',(-36.2944156407164,11.4636721988303,13.9655899516984));
#3458=CARTESIAN_POINT('Ctrl Pts',(-36.4122924249192,11.347908358887,13.9238978162454));
#3459=CARTESIAN_POINT('Ctrl Pts',(-36.47975555299,11.2530692418311,13.8896948001483));
#3460=CARTESIAN_POINT('Ctrl Pts',(-36.5374559583584,11.1445965851884,13.8533541719737));
#3461=CARTESIAN_POINT('Ctrl Pts',(-36.9581161527224,9.17478870106353,20.));
#3462=CARTESIAN_POINT('Ctrl Pts',(-36.9949931457011,9.20922691155556,20.));
#3463=CARTESIAN_POINT('Ctrl Pts',(-37.0294896776403,9.24590396739556,20.));
#3464=CARTESIAN_POINT('Ctrl Pts',(-37.061604805642,9.28449985669964,20.));
#3465=CARTESIAN_POINT('Ctrl Pts',(-37.0951647127502,9.32483207831605,20.));
#3466=CARTESIAN_POINT('Ctrl Pts',(-37.1261247485379,9.3672601199144,20.));
#3467=CARTESIAN_POINT('Ctrl Pts',(-37.1544557402156,9.41146854431313,20.));
#3468=CARTESIAN_POINT('Ctrl Pts',(-37.1774189241754,9.44730090039825,20.));
#3469=CARTESIAN_POINT('Ctrl Pts',(-37.1986544900392,9.48430405972793,20.));
#3470=CARTESIAN_POINT('Ctrl Pts',(-37.2181300299916,9.52232865230087,20.));
#3471=CARTESIAN_POINT('Ctrl Pts',(-37.2270109018027,9.53966791648233,20.));
#3472=CARTESIAN_POINT('Ctrl Pts',(-37.2355255743595,9.55721977000032,20.));
#3473=CARTESIAN_POINT('Ctrl Pts',(-37.243669779103,9.57497090289109,20.));
#3474=CARTESIAN_POINT('Ctrl Pts',(-37.2474881124001,9.58329335350646,20.));
#3475=CARTESIAN_POINT('Ctrl Pts',(-37.2512234575165,9.59165638361889,20.));
#3476=CARTESIAN_POINT('Ctrl Pts',(-37.2548723238156,9.60005081307075,20.));
#3477=CARTESIAN_POINT('Ctrl Pts',(-37.276585636582,9.65000355379743,20.));
#3478=CARTESIAN_POINT('Ctrl Pts',(-37.2952758350498,9.70114364710862,20.));
#3479=CARTESIAN_POINT('Ctrl Pts',(-37.3109158812598,9.75313958383123,20.));
#3480=CARTESIAN_POINT('Ctrl Pts',(-37.3268401416756,9.80608040164057,20.));
#3481=CARTESIAN_POINT('Ctrl Pts',(-37.3396029803337,9.85990938017667,20.));
#3482=CARTESIAN_POINT('Ctrl Pts',(-37.3491349346683,9.91431096130239,20.));
#3483=CARTESIAN_POINT('Ctrl Pts',(-37.3560570181832,9.95381726553697,20.));
#3484=CARTESIAN_POINT('Ctrl Pts',(-37.3612744255393,9.99362632312135,20.));
#3485=CARTESIAN_POINT('Ctrl Pts',(-37.3647446721615,10.0336238919387,20.));
#3486=CARTESIAN_POINT('Ctrl Pts',(-37.366158092078,10.0499147687941,20.));
#3487=CARTESIAN_POINT('Ctrl Pts',(-37.3672815097377,10.066236959085,20.));
#3488=CARTESIAN_POINT('Ctrl Pts',(-37.3681113499248,10.0825828598256,20.));
#3489=CARTESIAN_POINT('Ctrl Pts',(-37.3685979650762,10.0921680342825,20.));
#3490=CARTESIAN_POINT('Ctrl Pts',(-37.3689831201214,10.1017515102033,20.));
#3491=CARTESIAN_POINT('Ctrl Pts',(-37.3692666498881,10.1113314783245,20.));
#3492=CARTESIAN_POINT('Ctrl Pts',(-37.3709475391354,10.1681257457886,20.));
#3493=CARTESIAN_POINT('Ctrl Pts',(-37.3690604999533,10.2247964180754,20.));
#3494=CARTESIAN_POINT('Ctrl Pts',(-37.3635461980534,10.2810114242328,20.));
#3495=CARTESIAN_POINT('Ctrl Pts',(-37.3598934452578,10.3182490518815,20.));
#3496=CARTESIAN_POINT('Ctrl Pts',(-37.3546481741377,10.3552873480762,20.));
#3497=CARTESIAN_POINT('Ctrl Pts',(-37.3477811149369,10.3920336134422,20.));
#3498=CARTESIAN_POINT('Ctrl Pts',(-37.337679400628,10.4460888157916,20.));
#3499=CARTESIAN_POINT('Ctrl Pts',(-37.3240707612206,10.4995126508198,20.));
#3500=CARTESIAN_POINT('Ctrl Pts',(-37.3071820862989,10.55210244702,20.));
#3501=CARTESIAN_POINT('Ctrl Pts',(-37.3025279844115,10.5665948965986,20.));
#3502=CARTESIAN_POINT('Ctrl Pts',(-37.297624488139,10.5810239739952,20.));
#3503=CARTESIAN_POINT('Ctrl Pts',(-37.2924756759878,10.5953853237748,20.));
#3504=CARTESIAN_POINT('Ctrl Pts',(-37.2881742122506,10.6073832027958,20.));
#3505=CARTESIAN_POINT('Ctrl Pts',(-37.2837002386652,10.6193367180514,20.));
#3506=CARTESIAN_POINT('Ctrl Pts',(-37.27906558858,10.6312198652367,20.));
#3507=CARTESIAN_POINT('Ctrl Pts',(-37.2584662654335,10.6840361047302,20.));
#3508=CARTESIAN_POINT('Ctrl Pts',(-37.2346656470644,10.7355555806845,20.));
#3509=CARTESIAN_POINT('Ctrl Pts',(-37.2079503475119,10.7855709741825,20.));
#3510=CARTESIAN_POINT('Ctrl Pts',(-37.1805951294043,10.836784399478,20.));
#3511=CARTESIAN_POINT('Ctrl Pts',(-37.1501835771195,10.8864217224248,20.));
#3512=CARTESIAN_POINT('Ctrl Pts',(-37.1169678849896,10.9342546925022,20.));
#3513=CARTESIAN_POINT('Ctrl Pts',(-37.0962114795175,10.9641453995204,20.));
#3514=CARTESIAN_POINT('Ctrl Pts',(-37.0743589819815,10.9933313528652,20.));
#3515=CARTESIAN_POINT('Ctrl Pts',(-37.0514623354892,11.0217533126163,20.));
#3516=CARTESIAN_POINT('Ctrl Pts',(-37.0404346084547,11.03544219994,20.));
#3517=CARTESIAN_POINT('Ctrl Pts',(-37.0291645701161,11.0489538127909,20.));
#3518=CARTESIAN_POINT('Ctrl Pts',(-37.0176574847932,11.0622811929056,20.));
#3519=CARTESIAN_POINT('Ctrl Pts',(-37.0104566719319,11.0706210954477,20.));
#3520=CARTESIAN_POINT('Ctrl Pts',(-37.0031630269384,11.0788888494225,20.));
#3521=CARTESIAN_POINT('Ctrl Pts',(-36.9957777754071,11.0870826970767,20.));
#3522=CARTESIAN_POINT('Ctrl Pts',(-36.9880908254413,11.0956112755117,20.));
#3523=CARTESIAN_POINT('Ctrl Pts',(-36.9803102233048,11.1040535396283,20.));
#3524=CARTESIAN_POINT('Ctrl Pts',(-36.9724404486547,11.1124050507457,20.));
#3525=CARTESIAN_POINT('Ctrl Pts',(-36.9309962604528,11.1563861828504,20.));
#3526=CARTESIAN_POINT('Ctrl Pts',(-36.887060387322,11.1978771796294,20.));
#3527=CARTESIAN_POINT('Ctrl Pts',(-36.8408899024558,11.2366266455742,20.));
#3528=CARTESIAN_POINT('Ctrl Pts',(-36.808414068508,11.2638826127843,20.));
#3529=CARTESIAN_POINT('Ctrl Pts',(-36.774831538316,11.2897818893001,20.));
#3530=CARTESIAN_POINT('Ctrl Pts',(-36.7402189740492,11.3142283391576,20.));
#3531=CARTESIAN_POINT('Ctrl Pts',(-36.7271083153402,11.3234882442678,20.));
#3532=CARTESIAN_POINT('Ctrl Pts',(-36.713847860973,11.33254066703,20.));
#3533=CARTESIAN_POINT('Ctrl Pts',(-36.7004606316795,11.3413679900262,20.));
#3534=CARTESIAN_POINT('Ctrl Pts',(-36.6496843486018,11.3748490518237,20.));
#3535=CARTESIAN_POINT('Ctrl Pts',(-36.5970310740334,11.4051355647369,20.));
#3536=CARTESIAN_POINT('Ctrl Pts',(-36.5427402694855,11.431963812195,20.));
#3537=CARTESIAN_POINT('Ctrl Pts',(-36.5108842041597,11.4477057488032,20.));
#3538=CARTESIAN_POINT('Ctrl Pts',(-36.4784635679049,11.4622564544996,20.));
#3539=CARTESIAN_POINT('Ctrl Pts',(-36.4455211455733,11.4755563746883,20.));
#3540=CARTESIAN_POINT('Ctrl Pts',(-36.4302733673532,11.4817123953763,20.));
#3541=CARTESIAN_POINT('Ctrl Pts',(-36.414913749945,11.4876003721552,20.));
#3542=CARTESIAN_POINT('Ctrl Pts',(-36.39944872113,11.4932221704398,20.));
#3543=CARTESIAN_POINT('Ctrl Pts',(-34.7350005489916,10.0010886259542,19.1934196736194));
#3544=CARTESIAN_POINT('Ctrl Pts',(-34.7342638052049,10.082382473274,19.1985421504707));
#3545=CARTESIAN_POINT('Ctrl Pts',(-34.7414342411689,10.1635468290511,19.2036646273219));
#3546=CARTESIAN_POINT('Ctrl Pts',(-34.7569854405131,10.2430722137651,19.2087871041732));
#3547=CARTESIAN_POINT('Ctrl Pts',(-34.8370528885073,10.6525193865444,19.2351608673674));
#3548=CARTESIAN_POINT('Ctrl Pts',(-35.1392813126348,11.0185199907084,19.2615346305617));
#3549=CARTESIAN_POINT('Ctrl Pts',(-35.52619244636,11.1745937998356,19.2879083937559));
#3550=CARTESIAN_POINT('Ctrl Pts',(-35.9131035800853,11.3306676089627,19.3142821569501));
#3551=CARTESIAN_POINT('Ctrl Pts',(-36.3846974234085,11.2768146230531,19.3406559201443));
#3552=CARTESIAN_POINT('Ctrl Pts',(-36.7264535412826,11.0375175314571,19.3670296833386));
#3553=CARTESIAN_POINT('Ctrl Pts',(-37.0682096591567,10.7982204398612,19.3934034465328));
#3554=CARTESIAN_POINT('Ctrl Pts',(-37.2801280515818,10.3734792425789,19.419777209727));
#3555=CARTESIAN_POINT('Ctrl Pts',(-37.2658116603378,9.95652921057824,19.4461509729212));
#3556=CARTESIAN_POINT('Ctrl Pts',(-37.2514952690939,9.53957917857762,19.4725247361155));
#3557=CARTESIAN_POINT('Ctrl Pts',(-37.0109440941809,9.13042031185868,19.4988984993097));
#3558=CARTESIAN_POINT('Ctrl Pts',(-36.6535788061356,8.91511718704925,19.5252722625039));
#3559=CARTESIAN_POINT('Ctrl Pts',(-36.2962135180903,8.69981406223983,19.5516460256982));
#3560=CARTESIAN_POINT('Ctrl Pts',(-35.8220341169127,8.67836667933992,19.5780197888924));
#3561=CARTESIAN_POINT('Ctrl Pts',(-35.4467404581508,8.86063898913504,19.6043935520866));
#3562=CARTESIAN_POINT('Ctrl Pts',(-35.0714467993888,9.04291129893016,19.6307673152808));
#3563=CARTESIAN_POINT('Ctrl Pts',(-34.7950388830425,9.42890330142033,19.6571410784751));
#3564=CARTESIAN_POINT('Ctrl Pts',(-34.7432425094959,9.84282112067149,19.6835148416693));
#3565=CARTESIAN_POINT('Ctrl Pts',(-34.7367583586648,9.89463759715303,19.6868164523193));
#3566=CARTESIAN_POINT('Ctrl Pts',(-34.7337941828391,9.94689170999011,19.6901180629694));
#3567=CARTESIAN_POINT('Ctrl Pts',(-34.7341957887005,9.99918998263922,19.6934196736194));
#3568=CARTESIAN_POINT('Ctrl Pts',(-35.7566792885332,11.2408687607363,13.8030109152894));
#3569=CARTESIAN_POINT('Ctrl Pts',(-35.4109725367086,11.1730794703017,13.780840585858));
#3570=CARTESIAN_POINT('Ctrl Pts',(-34.782087034454,10.7328251806959,13.7364999269954));
#3571=CARTESIAN_POINT('Ctrl Pts',(-34.6399091891257,9.58708630044265,13.6699889387014));
#3572=CARTESIAN_POINT('Ctrl Pts',(-35.1421123576406,9.00647214974025,13.6256482798388));
#3573=CARTESIAN_POINT('Ctrl Pts',(-35.4607643347176,8.85624078264375,13.6034779504075));
#3574=CARTESIAN_POINT('Ctrl Pts',(-35.7388158858329,11.3319672054088,13.8566082652791));
#3575=CARTESIAN_POINT('Ctrl Pts',(-35.3677290548247,11.2592011606876,13.8344379358478));
#3576=CARTESIAN_POINT('Ctrl Pts',(-34.6926738906806,10.7866255794895,13.7900972769852));
#3577=CARTESIAN_POINT('Ctrl Pts',(-34.5400580514353,9.55677221969222,13.7235862886912));
#3578=CARTESIAN_POINT('Ctrl Pts',(-35.0791304917128,8.93353225088765,13.6792456298286));
#3579=CARTESIAN_POINT('Ctrl Pts',(-35.4211763202768,8.7722716401543,13.6570753003972));
#3580=CARTESIAN_POINT('Ctrl Pts',(-35.7209524831326,11.4230656500813,13.9102056152689));
#3581=CARTESIAN_POINT('Ctrl Pts',(-35.3244855729407,11.3453228510735,13.8880352858376));
#3582=CARTESIAN_POINT('Ctrl Pts',(-34.6032607469072,10.8404259782832,13.8436946269749));
#3583=CARTESIAN_POINT('Ctrl Pts',(-34.4402069137449,9.5264581389418,13.777183638681));
#3584=CARTESIAN_POINT('Ctrl Pts',(-35.016148625785,8.86059235203505,13.7328429798183));
#3585=CARTESIAN_POINT('Ctrl Pts',(-35.381588305836,8.68830249766485,13.710672650387));
#3586=CARTESIAN_POINT('Ctrl Pts',(-35.7030890804323,11.5141640947538,13.9638029652587));
#3587=CARTESIAN_POINT('Ctrl Pts',(-35.2812420910568,11.4314445414595,13.9416326358274));
#3588=CARTESIAN_POINT('Ctrl Pts',(-34.5138476031337,10.8942263770769,13.8972919769647));
#3589=CARTESIAN_POINT('Ctrl Pts',(-34.3403557760545,9.49614405819138,13.8307809886707));
#3590=CARTESIAN_POINT('Ctrl Pts',(-34.9531667598572,8.78765245318244,13.7864403298081));
#3591=CARTESIAN_POINT('Ctrl Pts',(-35.3420002913952,8.6043333551754,13.7642700003768));
#3592=CARTESIAN_POINT('',(-35.206868767021,9.01609821734032,13.6224044126721));
#3593=CARTESIAN_POINT('Ctrl Pts',(-35.3420002913952,8.6043333551754,13.7642700003768));
#3594=CARTESIAN_POINT('Ctrl Pts',(-35.3231179194399,8.64788663104198,13.7480131863736));
#3595=CARTESIAN_POINT('Ctrl Pts',(-35.3056738057364,8.69235082622246,13.7317454934441));
#3596=CARTESIAN_POINT('Ctrl Pts',(-35.2895856043796,8.73732808262714,13.7157124615457));
#3597=CARTESIAN_POINT('Ctrl Pts',(-35.2817710026883,8.75917510804502,13.7079246575885));
#3598=CARTESIAN_POINT('Ctrl Pts',(-35.2742757508576,8.78114357931925,13.7001922191895));
#3599=CARTESIAN_POINT('Ctrl Pts',(-35.2670867604874,8.8031906919543,13.6925432860988));
#3600=CARTESIAN_POINT('Ctrl Pts',(-35.2519288509696,8.84967679379094,13.6764155922606));
#3601=CARTESIAN_POINT('Ctrl Pts',(-35.2380174924039,8.89688108551992,13.6605286459294));
#3602=CARTESIAN_POINT('Ctrl Pts',(-35.2252892938667,8.94448643009386,13.6451395984295));
#3603=CARTESIAN_POINT('Ctrl Pts',(-35.2189088308207,8.96835030532788,13.63742529003));
#3604=CARTESIAN_POINT('Ctrl Pts',(-35.2128253628279,8.99231551785718,13.6298360972758));
#3605=CARTESIAN_POINT('Ctrl Pts',(-35.2070283550123,9.01634664971601,13.6224044126721));
#3606=CARTESIAN_POINT('',(-35.355958639736,11.087252334248,13.7758765091606));
#3607=CARTESIAN_POINT('Ctrl Pts',(-35.3561209168113,11.0866875948133,13.7758765091606));
#3608=CARTESIAN_POINT('Ctrl Pts',(-35.3577358326355,11.0899580737713,13.7772166789264));
#3609=CARTESIAN_POINT('Ctrl Pts',(-35.3593611140054,11.0932236670034,13.7785570735094));
#3610=CARTESIAN_POINT('Ctrl Pts',(-35.3609968050577,11.0964840723779,13.7798975269131));
#3611=CARTESIAN_POINT('Ctrl Pts',(-35.3750079285369,11.1244122940482,13.7913796818901));
#3612=CARTESIAN_POINT('Ctrl Pts',(-35.3898635078813,11.1521640858903,13.8029551576928));
#3613=CARTESIAN_POINT('Ctrl Pts',(-35.4056360203058,11.1794838801597,13.8144899304036));
#3614=CARTESIAN_POINT('Ctrl Pts',(-35.421770204359,11.207430131028,13.8262892012438));
#3615=CARTESIAN_POINT('Ctrl Pts',(-35.4388639806094,11.2349238181378,13.8380458809055));
#3616=CARTESIAN_POINT('Ctrl Pts',(-35.4569440522107,11.2616705479808,13.8496165127354));
#3617=CARTESIAN_POINT('Ctrl Pts',(-35.4693490970241,11.2800219345036,13.8575553201437));
#3618=CARTESIAN_POINT('Ctrl Pts',(-35.4822173718081,11.2980212570797,13.8654065443142));
#3619=CARTESIAN_POINT('Ctrl Pts',(-35.4955438262752,11.3155698649357,13.873123849596));
#3620=CARTESIAN_POINT('Ctrl Pts',(-35.5114200900613,11.3364761253434,13.8823177409401));
#3621=CARTESIAN_POINT('Ctrl Pts',(-35.5281678633978,11.3570680568162,13.89146836252));
#3622=CARTESIAN_POINT('Ctrl Pts',(-35.5458568267235,11.3770313919028,13.9004268536967));
#3623=CARTESIAN_POINT('Ctrl Pts',(-35.5634878747902,11.3969293652325,13.9093560139664));
#3624=CARTESIAN_POINT('Ctrl Pts',(-35.5820540995891,11.4162024983002,13.9180942998779));
#3625=CARTESIAN_POINT('Ctrl Pts',(-35.6015753742744,11.4345237652968,13.9264943081594));
#3626=CARTESIAN_POINT('Ctrl Pts',(-35.6209620649159,11.4527187213716,13.9348364049007));
#3627=CARTESIAN_POINT('Ctrl Pts',(-35.6412907760355,11.4699745133254,13.9428448722572));
#3628=CARTESIAN_POINT('Ctrl Pts',(-35.662530749363,11.4859606432643,13.9503753346808));
#3629=CARTESIAN_POINT('Ctrl Pts',(-35.6757063375596,11.4958771653656,13.9550466339472));
#3630=CARTESIAN_POINT('Ctrl Pts',(-35.6892315802081,11.5053049430036,13.9595339981743));
#3631=CARTESIAN_POINT('Ctrl Pts',(-35.7030890804323,11.5141640947538,13.9638029652587));
#3632=CARTESIAN_POINT('Ctrl Pts',(-35.2070283550122,9.01634664971606,13.6224044126722));
#3633=CARTESIAN_POINT('Ctrl Pts',(-35.0112900186755,9.17540144846696,13.6382659213486));
#3634=CARTESIAN_POINT('Ctrl Pts',(-34.8620269151031,9.39242317401317,13.654127430025));
#3635=CARTESIAN_POINT('Ctrl Pts',(-34.7891562888091,9.63288924280925,13.6699889387014));
#3636=CARTESIAN_POINT('Ctrl Pts',(-34.6873018042351,9.96899926052705,13.6921592681328));
#3637=CARTESIAN_POINT('Ctrl Pts',(-34.7346944193446,10.3509122206114,13.7143295975641));
#3638=CARTESIAN_POINT('Ctrl Pts',(-34.9156121024629,10.6519322730551,13.7364999269954));
#3639=CARTESIAN_POINT('Ctrl Pts',(-35.0227210208113,10.8301455447634,13.7496254543838));
#3640=CARTESIAN_POINT('Ctrl Pts',(-35.1766306058881,10.9800057733493,13.7627509817722));
#3641=CARTESIAN_POINT('Ctrl Pts',(-35.3561209168112,11.0866875948133,13.7758765091606));
#3642=CARTESIAN_POINT('Ctrl Pts',(-36.6030209200588,8.88854778781479,13.5288611389937));
#3643=CARTESIAN_POINT('Ctrl Pts',(-36.856562714721,9.02610746389833,13.5107081183517));
#3644=CARTESIAN_POINT('Ctrl Pts',(-37.2650287104112,9.48075985804769,13.4744020770676));
#3645=CARTESIAN_POINT('Ctrl Pts',(-37.3083080035277,10.3977915673875,13.4199430151415));
#3646=CARTESIAN_POINT('Ctrl Pts',(-36.9444768176555,10.8888925115199,13.3836369738574));
#3647=CARTESIAN_POINT('Ctrl Pts',(-36.7050173695673,11.04971937136,13.3654839532154));
#3648=CARTESIAN_POINT('Ctrl Pts',(-36.6472917322999,8.80695046579197,13.5824584889835));
#3649=CARTESIAN_POINT('Ctrl Pts',(-36.9194473110172,8.95460909265692,13.5643054683414));
#3650=CARTESIAN_POINT('Ctrl Pts',(-37.3579008590469,9.44263981599319,13.5279994270574));
#3651=CARTESIAN_POINT('Ctrl Pts',(-37.4043575037208,10.4269954560174,13.4735403651312));
#3652=CARTESIAN_POINT('Ctrl Pts',(-37.0138156323957,10.9541506015313,13.4372343238472));
#3653=CARTESIAN_POINT('Ctrl Pts',(-36.7567762564592,11.1267845736597,13.4190813032051));
#3654=CARTESIAN_POINT('Ctrl Pts',(-36.6915625445409,8.72535314376915,13.6360558389732));
#3655=CARTESIAN_POINT('Ctrl Pts',(-36.9823319073135,8.8831107214155,13.6179028183312));
#3656=CARTESIAN_POINT('Ctrl Pts',(-37.4507730076825,9.4045197739387,13.5815967770471));
#3657=CARTESIAN_POINT('Ctrl Pts',(-37.5004070039138,10.4561993446473,13.527137715121));
#3658=CARTESIAN_POINT('Ctrl Pts',(-37.0831544471359,11.0194086915427,13.4908316738369));
#3659=CARTESIAN_POINT('Ctrl Pts',(-36.8085351433511,11.2038497759593,13.4726786531949));
#3660=CARTESIAN_POINT('Ctrl Pts',(-36.7358333567819,8.64375582174632,13.689653188963));
#3661=CARTESIAN_POINT('Ctrl Pts',(-37.0452165036097,8.81161235017408,13.671500168321));
#3662=CARTESIAN_POINT('Ctrl Pts',(-37.5436451563182,9.3663997318842,13.6351941270369));
#3663=CARTESIAN_POINT('Ctrl Pts',(-37.5964565041069,10.4854032332771,13.5807350651108));
#3664=CARTESIAN_POINT('Ctrl Pts',(-37.1524932618761,11.0846667815541,13.5444290238267));
#3665=CARTESIAN_POINT('Ctrl Pts',(-36.8602940302431,11.280914978259,13.5262760031847));
#3666=CARTESIAN_POINT('',(-36.870997362578,9.0839241606445,13.507931270248));
#3667=CARTESIAN_POINT('Ctrl Pts',(-36.870909168348,9.08405462929399,13.507931270248));
#3668=CARTESIAN_POINT('Ctrl Pts',(-36.8702846763342,9.08125290771371,13.5090038730214));
#3669=CARTESIAN_POINT('Ctrl Pts',(-36.8696567535599,9.07845242736275,13.5100779456077));
#3670=CARTESIAN_POINT('Ctrl Pts',(-36.8690253862442,9.07565323279309,13.5111534407963));
#3671=CARTESIAN_POINT('Ctrl Pts',(-36.8591962815742,9.03207546794305,13.527896712926));
#3672=CARTESIAN_POINT('Ctrl Pts',(-36.848502847314,8.98866783508639,13.5450385872847));
#3673=CARTESIAN_POINT('Ctrl Pts',(-36.8368724883532,8.94561117649311,13.5624117724859));
#3674=CARTESIAN_POINT('Ctrl Pts',(-36.8279030236607,8.91240539322119,13.5758101698856));
#3675=CARTESIAN_POINT('Ctrl Pts',(-36.8183769302984,8.8794098394296,13.5893461433242));
#3676=CARTESIAN_POINT('Ctrl Pts',(-36.8082712906005,8.84672542299594,13.6029429577489));
#3677=CARTESIAN_POINT('Ctrl Pts',(-36.7947720349345,8.80306511974731,13.6211057737257));
#3678=CARTESIAN_POINT('Ctrl Pts',(-36.78014454349,8.75965140527208,13.6395058272115));
#3679=CARTESIAN_POINT('Ctrl Pts',(-36.7642897083274,8.716788364523,13.657952340986));
#3680=CARTESIAN_POINT('Ctrl Pts',(-36.7552102138416,8.69224224101335,13.6685159967024));
#3681=CARTESIAN_POINT('Ctrl Pts',(-36.7457290285554,8.66787745224805,13.6790948887983));
#3682=CARTESIAN_POINT('Ctrl Pts',(-36.735833356782,8.64375582174635,13.689653188963));
#3683=CARTESIAN_POINT('',(-36.9320786339682,10.8538523448503,13.384399387259));
#3684=CARTESIAN_POINT('Ctrl Pts',(-36.9320052440419,10.8537650561972,13.384399387259));
#3685=CARTESIAN_POINT('Ctrl Pts',(-37.0590040485996,10.714690050394,13.3962472632198));
#3686=CARTESIAN_POINT('Ctrl Pts',(-37.1554796743347,10.5476122288893,13.4080951391806));
#3687=CARTESIAN_POINT('Ctrl Pts',(-37.2101369915402,10.3677281851973,13.4199430151415));
#3688=CARTESIAN_POINT('Ctrl Pts',(-37.2938815724888,10.0921143309409,13.4380960357835));
#3689=CARTESIAN_POINT('Ctrl Pts',(-37.27945514145,9.78643709449428,13.4562490564255));
#3690=CARTESIAN_POINT('Ctrl Pts',(-37.170125427008,9.51993537773364,13.4744020770676));
#3691=CARTESIAN_POINT('Ctrl Pts',(-37.1028136337778,9.35585639384857,13.4855784747944));
#3692=CARTESIAN_POINT('Ctrl Pts',(-36.9995279729595,9.20662721186018,13.4967548725212));
#3693=CARTESIAN_POINT('Ctrl Pts',(-36.870909168348,9.08405462929398,13.507931270248));
#3694=CARTESIAN_POINT('Ctrl Pts',(-36.8602940302431,11.280914978259,13.5262760031847));
#3695=CARTESIAN_POINT('Ctrl Pts',(-36.8728222527155,11.2253163692815,13.5057963405412));
#3696=CARTESIAN_POINT('Ctrl Pts',(-36.8840584466537,11.1690568528347,13.4857068666001));
#3697=CARTESIAN_POINT('Ctrl Pts',(-36.8941027411931,11.1124703558817,13.4663382694359));
#3698=CARTESIAN_POINT('Ctrl Pts',(-36.8962126168992,11.1005839586093,13.4622697574604));
#3699=CARTESIAN_POINT('Ctrl Pts',(-36.8982698832607,11.0886829561201,13.458233053451));
#3700=CARTESIAN_POINT('Ctrl Pts',(-36.9002754692505,11.0767701233319,13.4542312224101));
#3701=CARTESIAN_POINT('Ctrl Pts',(-36.9078272529246,11.0319138386252,13.4391628272005));
#3702=CARTESIAN_POINT('Ctrl Pts',(-36.9146853649821,10.9866626363538,13.4245119516456));
#3703=CARTESIAN_POINT('Ctrl Pts',(-36.9208915439914,10.9411880323266,13.4104822031193));
#3704=CARTESIAN_POINT('Ctrl Pts',(-36.9248575708051,10.9121277202334,13.4015165643966));
#3705=CARTESIAN_POINT('Ctrl Pts',(-36.9285575665077,10.8829755362367,13.3928045804967));
#3706=CARTESIAN_POINT('Ctrl Pts',(-36.9320052440419,10.8537650561972,13.384399387259));
#3707=CARTESIAN_POINT('Ctrl Pts',(-35.2519692871014,11.0195147387657,13.2680475032419));
#3708=CARTESIAN_POINT('Ctrl Pts',(-34.9409302980782,10.7913015429663,13.2437695841913));
#3709=CARTESIAN_POINT('Ctrl Pts',(-34.5471191262742,10.0327607203085,13.1952137460901));
#3710=CARTESIAN_POINT('Ctrl Pts',(-34.9063390499654,9.25723995005193,13.1466579079888));
#3711=CARTESIAN_POINT('Ctrl Pts',(-35.2067752679694,9.01523872207782,13.1223799889382));
#3712=CARTESIAN_POINT('Ctrl Pts',(-35.1970525733695,11.0943624663909,13.3216448532317));
#3713=CARTESIAN_POINT('Ctrl Pts',(-34.8631786407736,10.8493949869405,13.2973669341811));
#3714=CARTESIAN_POINT('Ctrl Pts',(-34.4404558012886,10.0351658502956,13.2488110960798));
#3715=CARTESIAN_POINT('Ctrl Pts',(-34.8260478743796,9.20271018231487,13.2002552579786));
#3716=CARTESIAN_POINT('Ctrl Pts',(-35.1485406329699,8.94294242158979,13.175977338928));
#3717=CARTESIAN_POINT('Ctrl Pts',(-35.1421358596375,11.1692101940161,13.3752422032215));
#3718=CARTESIAN_POINT('Ctrl Pts',(-34.7854269834689,10.9074884309147,13.3509642841709));
#3719=CARTESIAN_POINT('Ctrl Pts',(-34.3337924763031,10.0375709802827,13.3024084460696));
#3720=CARTESIAN_POINT('Ctrl Pts',(-34.7457566987938,9.14818041457781,13.2538526079684));
#3721=CARTESIAN_POINT('Ctrl Pts',(-35.0903059979704,8.87064612110177,13.2295746889177));
#3722=CARTESIAN_POINT('Ctrl Pts',(-35.0872191459055,11.2440579216413,13.4288395532113));
#3723=CARTESIAN_POINT('Ctrl Pts',(-34.7076753261643,10.9655818748889,13.4045616341606));
#3724=CARTESIAN_POINT('Ctrl Pts',(-34.2271291513176,10.0399761102697,13.3560057960594));
#3725=CARTESIAN_POINT('Ctrl Pts',(-34.665465523208,9.09365064684075,13.3074499579581));
#3726=CARTESIAN_POINT('Ctrl Pts',(-35.0320713629709,8.79834982061374,13.2831720389075));
#3727=CARTESIAN_POINT('',(-35.0234871557179,10.8012331445844,13.2481038358715));
#3728=CARTESIAN_POINT('Ctrl Pts',(-35.0236539877734,10.801079147103,13.2481038358715));
#3729=CARTESIAN_POINT('Ctrl Pts',(-35.0238821187491,10.8035614944057,13.2490344590805));
#3730=CARTESIAN_POINT('Ctrl Pts',(-35.0241119785297,10.8060431668843,13.2499665492668));
#3731=CARTESIAN_POINT('Ctrl Pts',(-35.024343579545,10.8085241382772,13.2509000725772));
#3732=CARTESIAN_POINT('Ctrl Pts',(-35.0286463682635,10.8546167502148,13.2682434920942));
#3733=CARTESIAN_POINT('Ctrl Pts',(-35.0335641846378,10.9005724091996,13.286117228767));
#3734=CARTESIAN_POINT('Ctrl Pts',(-35.0391783427484,10.9463024852324,13.3043620773758));
#3735=CARTESIAN_POINT('Ctrl Pts',(-35.0430306447058,10.9776813773023,13.3168812591702));
#3736=CARTESIAN_POINT('Ctrl Pts',(-35.0472107498273,11.008952567066,13.3295751745091));
#3737=CARTESIAN_POINT('Ctrl Pts',(-35.0517446377342,11.0400736883817,13.3423923877288));
#3738=CARTESIAN_POINT('Ctrl Pts',(-35.0598869346767,11.0959633389722,13.3654105033399));
#3739=CARTESIAN_POINT('Ctrl Pts',(-35.06920028295,11.1515956353564,13.3889192698461));
#3740=CARTESIAN_POINT('Ctrl Pts',(-35.079815501289,11.206730865118,13.4126816092081));
#3741=CARTESIAN_POINT('Ctrl Pts',(-35.0822161656679,11.2191998674394,13.4180555355696));
#3742=CARTESIAN_POINT('Ctrl Pts',(-35.0846834885457,11.2316432495146,13.4234424309702));
#3743=CARTESIAN_POINT('Ctrl Pts',(-35.0872191459055,11.2440579216413,13.4288395532112));
#3744=CARTESIAN_POINT('',(-35.0023487594728,9.22509402692894,13.1408645338158));
#3745=CARTESIAN_POINT('Ctrl Pts',(-35.002480802921,9.22520475360731,13.1408645338158));
#3746=CARTESIAN_POINT('Ctrl Pts',(-34.8272979513756,9.45378664651625,13.1589809379072));
#3747=CARTESIAN_POINT('Ctrl Pts',(-34.7289238241293,9.74233305378531,13.1770973419986));
#3748=CARTESIAN_POINT('Ctrl Pts',(-34.735376900148,10.0285157334088,13.1952137460901));
#3749=CARTESIAN_POINT('Ctrl Pts',(-34.7416567293436,10.3070152182366,13.2128437760172));
#3750=CARTESIAN_POINT('Ctrl Pts',(-34.8472106908523,10.5832761905054,13.2304738059443));
#3751=CARTESIAN_POINT('Ctrl Pts',(-35.0236539877734,10.8010791471031,13.2481038358715));
#3752=CARTESIAN_POINT('Ctrl Pts',(-35.0320713629709,8.79834982061375,13.2831720389075));
#3753=CARTESIAN_POINT('Ctrl Pts',(-35.0261850617303,8.85224396123122,13.263051692425));
#3754=CARTESIAN_POINT('Ctrl Pts',(-35.0212107417428,8.90658287943962,13.2434118861609));
#3755=CARTESIAN_POINT('Ctrl Pts',(-35.0170322114381,8.96116707233754,13.2245367402087));
#3756=CARTESIAN_POINT('Ctrl Pts',(-35.0160085334403,8.97453939064596,13.2199126091848));
#3757=CARTESIAN_POINT('Ctrl Pts',(-35.0150327703907,8.98792661646888,13.2153343713434));
#3758=CARTESIAN_POINT('Ctrl Pts',(-35.0141034650704,9.00132623352162,13.210806204232));
#3759=CARTESIAN_POINT('Ctrl Pts',(-35.011292465483,9.04185792658837,13.197109224774));
#3760=CARTESIAN_POINT('Ctrl Pts',(-35.0088888758143,9.08270291542873,13.1838043717754));
#3761=CARTESIAN_POINT('Ctrl Pts',(-35.0068435218958,9.12370873046841,13.1710656014465));
#3762=CARTESIAN_POINT('Ctrl Pts',(-35.005160412198,9.15745217425106,13.1605829423398));
#3763=CARTESIAN_POINT('Ctrl Pts',(-35.0037195024654,9.1913046111146,13.1504836087851));
#3764=CARTESIAN_POINT('Ctrl Pts',(-35.002480802921,9.22520475360734,13.1408645338158));
#3765=CARTESIAN_POINT('Ctrl Pts',(-36.8190714108805,9.02660673225348,13.0171723001338));
#3766=CARTESIAN_POINT('Ctrl Pts',(-37.0997811642367,9.26281273587801,12.9942235361033));
#3767=CARTESIAN_POINT('Ctrl Pts',(-37.4406516253113,9.9911641641973,12.9483260080424));
#3768=CARTESIAN_POINT('Ctrl Pts',(-37.108740753417,10.7236419095837,12.9024284799814));
#3769=CARTESIAN_POINT('Ctrl Pts',(-36.8309494164374,10.9632733242119,12.8794797159509));
#3770=CARTESIAN_POINT('Ctrl Pts',(-36.8771994706305,8.95752672130904,13.0692968920344));
#3771=CARTESIAN_POINT('Ctrl Pts',(-37.1778307022594,9.21049585023574,13.0463481280039));
#3772=CARTESIAN_POINT('Ctrl Pts',(-37.5428921413918,9.99053710044601,13.0004505999429));
#3773=CARTESIAN_POINT('Ctrl Pts',(-37.1874261377508,10.7749975051998,12.9545530718819));
#3774=CARTESIAN_POINT('Ctrl Pts',(-36.8899204373843,11.0316351405342,12.9316043078514));
#3775=CARTESIAN_POINT('Ctrl Pts',(-36.9353275303806,8.8884467103646,13.1214214839349));
#3776=CARTESIAN_POINT('Ctrl Pts',(-37.255880240282,9.15817896459347,13.0984727199044));
#3777=CARTESIAN_POINT('Ctrl Pts',(-37.6451326574722,9.98991003669472,13.0525751918434));
#3778=CARTESIAN_POINT('Ctrl Pts',(-37.2661115220846,10.826353100816,13.0066776637825));
#3779=CARTESIAN_POINT('Ctrl Pts',(-36.9488914583311,11.0999969568565,12.983728899752));
#3780=CARTESIAN_POINT('Ctrl Pts',(-36.9934555901307,8.81936669942016,13.1735460758354));
#3781=CARTESIAN_POINT('Ctrl Pts',(-37.3339297783046,9.1058620789512,13.150597311805));
#3782=CARTESIAN_POINT('Ctrl Pts',(-37.7473731735527,9.98928297294342,13.104699783744));
#3783=CARTESIAN_POINT('Ctrl Pts',(-37.3447969064185,10.8777086964322,13.058802255683));
#3784=CARTESIAN_POINT('Ctrl Pts',(-37.0078624792779,11.1683587731788,13.0358534916525));
#3785=CARTESIAN_POINT('',(-37.0077403246336,9.22519121523225,13.0000000000001));
#3786=CARTESIAN_POINT('Ctrl Pts',(-37.0076422847451,9.22527209305392,13.0000000000001));
#3787=CARTESIAN_POINT('Ctrl Pts',(-37.0077726890191,9.17965107871066,13.0182712031717));
#3788=CARTESIAN_POINT('Ctrl Pts',(-37.0074091130369,9.13413428167839,13.0370228187106));
#3789=CARTESIAN_POINT('Ctrl Pts',(-37.0064760994961,9.08874606926725,13.0561234152164));
#3790=CARTESIAN_POINT('Ctrl Pts',(-37.0059634377264,9.06380666562369,13.0666185958104));
#3791=CARTESIAN_POINT('Ctrl Pts',(-37.0052781984761,9.0389067864471,13.0772191393037));
#3792=CARTESIAN_POINT('Ctrl Pts',(-37.0044026687639,9.01405455803211,13.0879032421021));
#3793=CARTESIAN_POINT('Ctrl Pts',(-37.0026949810699,8.96558122349464,13.1087421817953));
#3794=CARTESIAN_POINT('Ctrl Pts',(-37.0002693255491,8.91723942779429,13.1299222121234));
#3795=CARTESIAN_POINT('Ctrl Pts',(-36.9970603441601,8.8690974380024,13.151326730949));
#3796=CARTESIAN_POINT('Ctrl Pts',(-36.9959537273125,8.85249567858947,13.1587080767021));
#3797=CARTESIAN_POINT('Ctrl Pts',(-36.9947535242043,8.83591775885709,13.1661161189505));
#3798=CARTESIAN_POINT('Ctrl Pts',(-36.9934555901307,8.81936669942019,13.1735460758354));
#3799=CARTESIAN_POINT('',(-37.0084483051748,11.0766774933642,13.0000000003724));
#3800=CARTESIAN_POINT('Ctrl Pts',(-37.0084420985116,11.0766726066934,13.));
#3801=CARTESIAN_POINT('Ctrl Pts',(-37.046889417113,11.0330689284651,13.));
#3802=CARTESIAN_POINT('Ctrl Pts',(-37.0825147236007,10.9872062082659,13.));
#3803=CARTESIAN_POINT('Ctrl Pts',(-37.115247156585,10.9394046913946,13.));
#3804=CARTESIAN_POINT('Ctrl Pts',(-37.1482293671145,10.8912384064797,13.));
#3805=CARTESIAN_POINT('Ctrl Pts',(-37.1782747005025,10.8411025013388,13.));
#3806=CARTESIAN_POINT('Ctrl Pts',(-37.2052623121277,10.7893031299251,13.));
#3807=CARTESIAN_POINT('Ctrl Pts',(-37.2211626203731,10.7587844614399,13.));
#3808=CARTESIAN_POINT('Ctrl Pts',(-37.236000590723,10.7276880470106,13.));
#3809=CARTESIAN_POINT('Ctrl Pts',(-37.2497430709894,10.6960754346037,13.));
#3810=CARTESIAN_POINT('Ctrl Pts',(-37.2606958908299,10.6708800374362,13.));
#3811=CARTESIAN_POINT('Ctrl Pts',(-37.270952719115,10.6453567176632,13.));
#3812=CARTESIAN_POINT('Ctrl Pts',(-37.2804937804363,10.619536899455,13.));
#3813=CARTESIAN_POINT('Ctrl Pts',(-37.2839649621055,10.6101432610905,13.));
#3814=CARTESIAN_POINT('Ctrl Pts',(-37.2873410634539,10.6007109749227,13.));
#3815=CARTESIAN_POINT('Ctrl Pts',(-37.2906170476122,10.5912540507128,13.));
#3816=CARTESIAN_POINT('Ctrl Pts',(-37.3091899076395,10.5376389777601,13.));
#3817=CARTESIAN_POINT('Ctrl Pts',(-37.3245879234899,10.4831289038284,13.));
#3818=CARTESIAN_POINT('Ctrl Pts',(-37.3367099892526,10.4280107196101,13.));
#3819=CARTESIAN_POINT('Ctrl Pts',(-37.3486503378653,10.3737187905482,13.));
#3820=CARTESIAN_POINT('Ctrl Pts',(-37.3574122810171,10.3188358370016,13.));
#3821=CARTESIAN_POINT('Ctrl Pts',(-37.3628494898724,10.2636362069578,13.));
#3822=CARTESIAN_POINT('Ctrl Pts',(-37.3672983522963,10.2184704672458,13.));
#3823=CARTESIAN_POINT('Ctrl Pts',(-37.3695204646652,10.1730924903966,13.));
#3824=CARTESIAN_POINT('Ctrl Pts',(-37.3694097799801,10.1276595509051,13.));
#3825=CARTESIAN_POINT('Ctrl Pts',(-37.3693727203845,10.1124476327792,13.));
#3826=CARTESIAN_POINT('Ctrl Pts',(-37.3690739433908,10.0972296314108,13.));
#3827=CARTESIAN_POINT('Ctrl Pts',(-37.3685088623778,10.0820117219255,13.));
#3828=CARTESIAN_POINT('Ctrl Pts',(-37.3681368193463,10.0719924201803,13.));
#3829=CARTESIAN_POINT('Ctrl Pts',(-37.3676496431724,10.0619820967074,13.));
#3830=CARTESIAN_POINT('Ctrl Pts',(-37.3670468027257,10.0519852578447,13.));
#3831=CARTESIAN_POINT('Ctrl Pts',(-37.3658305913069,10.0318169535363,13.));
#3832=CARTESIAN_POINT('Ctrl Pts',(-37.3641435284959,10.0116996792087,13.));
#3833=CARTESIAN_POINT('Ctrl Pts',(-37.3619796324355,9.99164667697075,13.));
#3834=CARTESIAN_POINT('Ctrl Pts',(-37.3561245992381,9.93738760419822,13.));
#3835=CARTESIAN_POINT('Ctrl Pts',(-37.346782144373,9.88359776770704,13.));
#3836=CARTESIAN_POINT('Ctrl Pts',(-37.3341256914575,9.83054700523644,13.));
#3837=CARTESIAN_POINT('Ctrl Pts',(-37.3213981486513,9.77719826252345,13.));
#3838=CARTESIAN_POINT('Ctrl Pts',(-37.3053186016722,9.72459592153809,13.));
#3839=CARTESIAN_POINT('Ctrl Pts',(-37.2860183660456,9.67304059424154,13.));
#3840=CARTESIAN_POINT('Ctrl Pts',(-37.2779324125411,9.65144116988746,13.));
#3841=CARTESIAN_POINT('Ctrl Pts',(-37.2692806671468,9.63002592335506,13.));
#3842=CARTESIAN_POINT('Ctrl Pts',(-37.2600708881369,9.60881895933937,13.));
#3843=CARTESIAN_POINT('Ctrl Pts',(-37.2558184955077,9.59902715680314,13.));
#3844=CARTESIAN_POINT('Ctrl Pts',(-37.2514471212467,9.58927977690081,13.));
#3845=CARTESIAN_POINT('Ctrl Pts',(-37.2469574606103,9.5795792941184,13.));
#3846=CARTESIAN_POINT('Ctrl Pts',(-37.242860557533,9.57072741399172,13.));
#3847=CARTESIAN_POINT('Ctrl Pts',(-37.2386693017545,9.56192355674002,13.));
#3848=CARTESIAN_POINT('Ctrl Pts',(-37.2343852454643,9.55317029003891,13.));
#3849=CARTESIAN_POINT('Ctrl Pts',(-37.2108312672683,9.50504434606061,13.));
#3850=CARTESIAN_POINT('Ctrl Pts',(-37.1844704512215,9.45843440495019,13.));
#3851=CARTESIAN_POINT('Ctrl Pts',(-37.1554519108735,9.41360485642948,13.));
#3852=CARTESIAN_POINT('Ctrl Pts',(-37.1269656923391,9.36959766996707,13.));
#3853=CARTESIAN_POINT('Ctrl Pts',(-37.095917588332,9.32730542767699,13.));
#3854=CARTESIAN_POINT('Ctrl Pts',(-37.0624151679383,9.28701456563368,13.));
#3855=CARTESIAN_POINT('Ctrl Pts',(-37.0448299568537,9.26586614395296,13.));
#3856=CARTESIAN_POINT('Ctrl Pts',(-37.0265680576991,9.24526980470379,13.));
#3857=CARTESIAN_POINT('Ctrl Pts',(-37.0076422847448,9.22527209305387,13.));
#3858=CARTESIAN_POINT('Ctrl Pts',(-37.0078624792779,11.1683587731788,13.0358534916525));
#3859=CARTESIAN_POINT('Ctrl Pts',(-37.008293588716,11.1378787663023,13.0237347548971));
#3860=CARTESIAN_POINT('Ctrl Pts',(-37.008478152007,11.1073109006704,13.0117686919635));
#3861=CARTESIAN_POINT('Ctrl Pts',(-37.0084420992765,11.0766726065811,13.0000000002897));
#3862=CARTESIAN_POINT('Ctrl Pts',(-34.9915000000002,11.0767182006313,12.9999999999999));
#3863=CARTESIAN_POINT('Ctrl Pts',(-34.7270599271982,10.8290323964308,12.9804559146889));
#3864=CARTESIAN_POINT('Ctrl Pts',(-34.3905513052276,10.1311485389301,12.941367744067));
#3865=CARTESIAN_POINT('Ctrl Pts',(-34.6096343622129,9.38799139177851,12.9022795734451));
#3866=CARTESIAN_POINT('Ctrl Pts',(-34.8304859053829,9.10076081265194,12.8827354881341));
#3867=CARTESIAN_POINT('Ctrl Pts',(-35.0395259126907,11.0254436599314,13.0405609287111));
#3868=CARTESIAN_POINT('Ctrl Pts',(-34.787678775782,10.7895529343697,13.0210168434002));
#3869=CARTESIAN_POINT('Ctrl Pts',(-34.4671950756739,10.1249030969072,12.9819286727782));
#3870=CARTESIAN_POINT('Ctrl Pts',(-34.6758451492514,9.41713593514422,12.9428405021563));
#3871=CARTESIAN_POINT('Ctrl Pts',(-34.8861794916977,9.14358360164501,12.9232964168453));
#3872=CARTESIAN_POINT('Ctrl Pts',(-35.0875518253813,10.9741691192315,13.0811218574223));
#3873=CARTESIAN_POINT('Ctrl Pts',(-34.8482976243657,10.7500734723086,13.0615777721114));
#3874=CARTESIAN_POINT('Ctrl Pts',(-34.5438388461202,10.1186576548842,13.0224896014894));
#3875=CARTESIAN_POINT('Ctrl Pts',(-34.7420559362899,9.44628047850993,12.9834014308675));
#3876=CARTESIAN_POINT('Ctrl Pts',(-34.9418730780125,9.18640639063807,12.9638573455565));
#3877=CARTESIAN_POINT('Ctrl Pts',(-35.1355777380718,10.9228945785316,13.1216827861335));
#3878=CARTESIAN_POINT('Ctrl Pts',(-34.9089164729494,10.7105940102475,13.1021387008226));
#3879=CARTESIAN_POINT('Ctrl Pts',(-34.6204826165665,10.1124122128613,13.0630505302006));
#3880=CARTESIAN_POINT('Ctrl Pts',(-34.8082667233284,9.47542502187563,13.0239623595787));
#3881=CARTESIAN_POINT('Ctrl Pts',(-34.9975666643273,9.22922917963114,13.0044182742677));
#3882=CARTESIAN_POINT('',(-34.9915000000001,11.0767182006312,13.));
#3883=CARTESIAN_POINT('',(-34.9977138189208,10.7702595822948,13.1087228601149));
#3884=CARTESIAN_POINT('Ctrl Pts',(-34.9915000000002,11.0767182006312,13.));
#3885=CARTESIAN_POINT('Ctrl Pts',(-34.991514611029,11.0288520192951,13.0184110828306));
#3886=CARTESIAN_POINT('Ctrl Pts',(-34.9920637302004,10.9808422437767,13.0363288521548));
#3887=CARTESIAN_POINT('Ctrl Pts',(-34.993034925546,10.9327771357576,13.053545305786));
#3888=CARTESIAN_POINT('Ctrl Pts',(-34.9934554247101,10.9119663505351,13.0609995263959));
#3889=CARTESIAN_POINT('Ctrl Pts',(-34.9939556397885,10.8911448873075,13.0683222758));
#3890=CARTESIAN_POINT('Ctrl Pts',(-34.9945288440238,10.8703180787187,13.0754966712351));
#3891=CARTESIAN_POINT('Ctrl Pts',(-34.9945890126872,10.86813190988,13.0762497602007));
#3892=CARTESIAN_POINT('Ctrl Pts',(-34.9946499493314,10.8659451984615,13.0770013565256));
#3893=CARTESIAN_POINT('Ctrl Pts',(-34.994711639323,10.8637579801914,13.0777514240988));
#3894=CARTESIAN_POINT('Ctrl Pts',(-34.9955874374924,10.8327065615491,13.0883999554062));
#3895=CARTESIAN_POINT('Ctrl Pts',(-34.9966178699814,10.8014938086905,13.0987611432002));
#3896=CARTESIAN_POINT('Ctrl Pts',(-34.997755289553,10.7702268495688,13.1087228601149));
#3897=CARTESIAN_POINT('',(-34.9915,9.22456452246739,13.));
#3898=CARTESIAN_POINT('Ctrl Pts',(-34.9915,9.22456452246739,13.));
#3899=CARTESIAN_POINT('Ctrl Pts',(-34.9632513962752,9.2540833956449,13.));
#3900=CARTESIAN_POINT('Ctrl Pts',(-34.936532991695,9.28499127280206,13.));
#3901=CARTESIAN_POINT('Ctrl Pts',(-34.9113681173566,9.31713749392567,13.));
#3902=CARTESIAN_POINT('Ctrl Pts',(-34.8924909838121,9.34125160238246,13.));
#3903=CARTESIAN_POINT('Ctrl Pts',(-34.8744882165306,9.36606295662686,13.));
#3904=CARTESIAN_POINT('Ctrl Pts',(-34.857373985402,9.39151387856256,13.));
#3905=CARTESIAN_POINT('Ctrl Pts',(-34.848565500651,9.40461315577129,13.));
#3906=CARTESIAN_POINT('Ctrl Pts',(-34.8399908027264,9.41788495839649,13.));
#3907=CARTESIAN_POINT('Ctrl Pts',(-34.831665513855,9.43129941788054,13.));
#3908=CARTESIAN_POINT('Ctrl Pts',(-34.8034784492154,9.47671696944167,13.));
#3909=CARTESIAN_POINT('Ctrl Pts',(-34.7781145818576,9.52381350257306,13.));
#3910=CARTESIAN_POINT('Ctrl Pts',(-34.755633424478,9.57227471872382,13.));
#3911=CARTESIAN_POINT('Ctrl Pts',(-34.7442858186946,9.59673603836943,13.));
#3912=CARTESIAN_POINT('Ctrl Pts',(-34.7336731987766,9.6215457161329,13.));
#3913=CARTESIAN_POINT('Ctrl Pts',(-34.7238067372335,9.6466667651811,13.));
#3914=CARTESIAN_POINT('Ctrl Pts',(-34.718972666846,9.65897481693571,13.));
#3915=CARTESIAN_POINT('Ctrl Pts',(-34.7143177509695,9.67135764384779,13.));
#3916=CARTESIAN_POINT('Ctrl Pts',(-34.7098435362253,9.68381105283883,13.));
#3917=CARTESIAN_POINT('Ctrl Pts',(-34.7061375904812,9.69412608255618,13.));
#3918=CARTESIAN_POINT('Ctrl Pts',(-34.7025563566624,9.70448776976802,13.));
#3919=CARTESIAN_POINT('Ctrl Pts',(-34.6991041192497,9.71488242595677,13.));
#3920=CARTESIAN_POINT('Ctrl Pts',(-34.6817234327517,9.76721551863625,13.));
#3921=CARTESIAN_POINT('Ctrl Pts',(-34.6675813478461,9.82045834510145,13.));
#3922=CARTESIAN_POINT('Ctrl Pts',(-34.656737723961,9.87428577226808,13.));
#3923=CARTESIAN_POINT('Ctrl Pts',(-34.6458438829769,9.92836247562353,13.));
#3924=CARTESIAN_POINT('Ctrl Pts',(-34.6382785533905,9.9830302008015,13.));
#3925=CARTESIAN_POINT('Ctrl Pts',(-34.6341453041469,10.037988390669,13.));
#3926=CARTESIAN_POINT('Ctrl Pts',(-34.6323041155821,10.0624699510021,13.));
#3927=CARTESIAN_POINT('Ctrl Pts',(-34.6311445827352,10.0870094432373,13.));
#3928=CARTESIAN_POINT('Ctrl Pts',(-34.6306790445645,10.1115813403776,13.));
#3929=CARTESIAN_POINT('Ctrl Pts',(-34.6302274288042,10.1354183889988,13.));
#3930=CARTESIAN_POINT('Ctrl Pts',(-34.630428926728,10.1592859508881,13.));
#3931=CARTESIAN_POINT('Ctrl Pts',(-34.6312738021944,10.1831628267291,13.));
#3932=CARTESIAN_POINT('Ctrl Pts',(-34.631622011182,10.1930034992236,13.));
#3933=CARTESIAN_POINT('Ctrl Pts',(-34.6320796758215,10.2028482393213,13.));
#3934=CARTESIAN_POINT('Ctrl Pts',(-34.6326457182507,10.2126873560342,13.));
#3935=CARTESIAN_POINT('Ctrl Pts',(-34.6358157091569,10.267789074375,13.));
#3936=CARTESIAN_POINT('Ctrl Pts',(-34.6423702779821,10.3225657241002,13.));
#3937=CARTESIAN_POINT('Ctrl Pts',(-34.6521142128602,10.3767485126126,13.));
#3938=CARTESIAN_POINT('Ctrl Pts',(-34.6620859714834,10.4321981533725,13.));
#3939=CARTESIAN_POINT('Ctrl Pts',(-34.6753979986285,10.487026755935,13.));
#3940=CARTESIAN_POINT('Ctrl Pts',(-34.6918944593088,10.5409576406167,13.));
#3941=CARTESIAN_POINT('Ctrl Pts',(-34.7069414703296,10.5901499268831,13.));
#3942=CARTESIAN_POINT('Ctrl Pts',(-34.7246386587217,10.6385960261653,13.));
#3943=CARTESIAN_POINT('Ctrl Pts',(-34.7449045554274,10.686083752359,13.));
#3944=CARTESIAN_POINT('Ctrl Pts',(-34.7505239205134,10.6992512363572,13.));
#3945=CARTESIAN_POINT('Ctrl Pts',(-34.75634098147,10.7123449893719,13.));
#3946=CARTESIAN_POINT('Ctrl Pts',(-34.762354455692,10.7253603506745,13.));
#3947=CARTESIAN_POINT('Ctrl Pts',(-34.7665868101581,10.7345207162973,13.));
#3948=CARTESIAN_POINT('Ctrl Pts',(-34.7709162829834,10.743641639846,13.));
#3949=CARTESIAN_POINT('Ctrl Pts',(-34.7753363165287,10.7527095425516,13.));
#3950=CARTESIAN_POINT('Ctrl Pts',(-34.8009692471855,10.8052966821903,13.));
#3951=CARTESIAN_POINT('Ctrl Pts',(-34.8296919816318,10.856206951401,13.));
#3952=CARTESIAN_POINT('Ctrl Pts',(-34.8613334247155,10.9051513694824,13.));
#3953=CARTESIAN_POINT('Ctrl Pts',(-34.8930902739375,10.9542743030084,13.));
#3954=CARTESIAN_POINT('Ctrl Pts',(-34.9277874199769,11.0014181177655,13.));
#3955=CARTESIAN_POINT('Ctrl Pts',(-34.965302710562,11.0462811187025,13.));
#3956=CARTESIAN_POINT('Ctrl Pts',(-34.9738877306845,11.0565475929798,13.));
#3957=CARTESIAN_POINT('Ctrl Pts',(-34.9826205316725,11.0666945469122,13.));
#3958=CARTESIAN_POINT('Ctrl Pts',(-34.9915000000003,11.0767182006312,13.));
#3959=CARTESIAN_POINT('',(-34.9915126265848,9.23716747076305,13.0050465495174));
#3960=CARTESIAN_POINT('Ctrl Pts',(-34.9915142150615,9.23716833411002,13.0050465495174));
#3961=CARTESIAN_POINT('Ctrl Pts',(-34.9915047676049,9.23296561422223,13.0033684972098));
#3962=CARTESIAN_POINT('Ctrl Pts',(-34.9914999885724,9.22876431551317,13.0016862572869));
#3963=CARTESIAN_POINT('Ctrl Pts',(-34.9915,9.22456452246738,13.));
#3964=CARTESIAN_POINT('Ctrl Pts',(-34.997755289553,10.7702268495687,13.1087228601149));
#3965=CARTESIAN_POINT('Ctrl Pts',(-34.8509784933352,10.5778994297037,13.0934987501435));
#3966=CARTESIAN_POINT('Ctrl Pts',(-34.7591377030374,10.3432484518323,13.0782746401721));
#3967=CARTESIAN_POINT('Ctrl Pts',(-34.7395371073527,10.1027108644614,13.0630505302006));
#3968=CARTESIAN_POINT('Ctrl Pts',(-34.7146442986082,9.79722748759788,13.0437158699729));
#3969=CARTESIAN_POINT('Ctrl Pts',(-34.8062681886575,9.48224955843368,13.0243812097452));
#3970=CARTESIAN_POINT('Ctrl Pts',(-34.9915142150615,9.23716833410996,13.0050465495174));
#3971=CARTESIAN_POINT('Origin',(-36.,10.,20.));
#3972=CARTESIAN_POINT('Origin',(-36.,10.,20.));
#3973=CARTESIAN_POINT('Ctrl Pts',(-35.1201143169383,9.09183622911781,13.4928219097635));
#3974=CARTESIAN_POINT('Ctrl Pts',(-35.1457766191088,9.06697299079209,13.5386394593223));
#3975=CARTESIAN_POINT('Ctrl Pts',(-35.1748027048222,9.04100871357587,13.5820266726));
#3976=CARTESIAN_POINT('Ctrl Pts',(-35.206473064675,9.0154822231601,13.6224044126721));
#3977=CARTESIAN_POINT('Ctrl Pts',(-35.3557268494398,11.0880589862077,13.7758765091606));
#3978=CARTESIAN_POINT('Ctrl Pts',(-35.3313536162487,11.0736268460972,13.7556374381848));
#3979=CARTESIAN_POINT('Ctrl Pts',(-35.3083762924294,11.0589118535466,13.7346106700826));
#3980=CARTESIAN_POINT('Ctrl Pts',(-35.2603616136075,11.0261221713723,13.6865959912608));
#3981=CARTESIAN_POINT('Ctrl Pts',(-35.2348711837196,11.0072154621039,13.6581322222942));
#3982=CARTESIAN_POINT('Ctrl Pts',(-35.2108534473019,10.9880323721239,13.6279490173292));
#3983=CARTESIAN_POINT('Origin',(-36.,10.,20.));
#3984=CARTESIAN_POINT('Ctrl Pts',(-36.9765591734798,10.8033009589765,13.2518023643503));
#3985=CARTESIAN_POINT('Ctrl Pts',(-36.964829166796,10.8175609265565,13.29729457274));
#3986=CARTESIAN_POINT('Ctrl Pts',(-36.9500031032839,10.8349466472758,13.3416241830602));
#3987=CARTESIAN_POINT('Ctrl Pts',(-36.9323676104814,10.8541960482964,13.384399387259));
#3988=CARTESIAN_POINT('Ctrl Pts',(-36.8712508678355,9.08354914190897,13.507931270248));
#3989=CARTESIAN_POINT('Ctrl Pts',(-36.892394943249,9.10365037689706,13.4716629892175));
#3990=CARTESIAN_POINT('Ctrl Pts',(-36.9114311507518,9.12315614853174,13.433795179082));
#3991=CARTESIAN_POINT('Ctrl Pts',(-36.9322711007931,9.14567644862444,13.3847817337778));
#3992=CARTESIAN_POINT('Ctrl Pts',(-36.9363029771165,9.15009962913198,13.3748652586063));
#3993=CARTESIAN_POINT('Ctrl Pts',(-36.9401823949541,9.15441303568566,13.3648689000425));
#3994=CARTESIAN_POINT('Origin',(-36.,10.,20.));
#3995=CARTESIAN_POINT('Ctrl Pts',(-34.9915126265848,9.23716747076305,13.0050465495174));
#3996=CARTESIAN_POINT('Ctrl Pts',(-34.9917411985611,9.23686529178771,13.0507236901546));
#3997=CARTESIAN_POINT('Ctrl Pts',(-34.9950804582675,9.23240464733139,13.0961616942699));
#3998=CARTESIAN_POINT('Ctrl Pts',(-35.0013862442802,9.22428689782424,13.1408645338158));
#3999=CARTESIAN_POINT('Ctrl Pts',(-35.0224946360117,10.8021493086541,13.2481038358715));
#4000=CARTESIAN_POINT('Ctrl Pts',(-35.0187436963848,10.7975783845558,13.233325492794));
#4001=CARTESIAN_POINT('Ctrl Pts',(-35.015317641828,10.7933360795124,13.2184275764074));
#4002=CARTESIAN_POINT('Ctrl Pts',(-35.0058159602438,10.7814543058337,13.1722669915594));
#4003=CARTESIAN_POINT('Ctrl Pts',(-35.0008398801148,10.7750300562684,13.1406509734585));
#4004=CARTESIAN_POINT('Ctrl Pts',(-34.9973776435325,10.7705249251722,13.108722860115));
#4005=CARTESIAN_POINT('Origin',(-36.,10.,13.));
#4006=CARTESIAN_POINT('',(-34.9915,-3.0085,13.));
#4007=CARTESIAN_POINT('Origin',(-36.,10.,13.));
#4008=CARTESIAN_POINT('',(-37.0084999999999,-3.0085,13.));
#4009=CARTESIAN_POINT('Origin',(-29.,10.,10.));
#4010=CARTESIAN_POINT('',(-29.,15.,9.));
#4011=CARTESIAN_POINT('',(-29.,5.,9.));
#4012=CARTESIAN_POINT('',(-29.,10.,9.));
#4013=CARTESIAN_POINT('',(-29.,15.,20.));
#4014=CARTESIAN_POINT('',(-29.,15.,10.));
#4015=CARTESIAN_POINT('',(-29.,5.00000000000001,20.));
#4016=CARTESIAN_POINT('',(-29.,10.,20.));
#4017=CARTESIAN_POINT('',(-29.,5.,10.));
#4018=CARTESIAN_POINT('Origin',(-36.,-3.0085,13.));
#4019=CARTESIAN_POINT('',(-37.0084999999999,15.,13.));
#4020=CARTESIAN_POINT('Origin',(-36.,15.,13.));
#4021=CARTESIAN_POINT('',(-37.0084999999999,-3.0085,13.));
#4022=CARTESIAN_POINT('',(-37.0084999999999,5.,13.));
#4023=CARTESIAN_POINT('',(-37.0084999999999,-3.0085,13.));
#4024=CARTESIAN_POINT('Origin',(-36.,5.,13.));
#4025=CARTESIAN_POINT('Origin',(-36.,10.,20.));
#4026=CARTESIAN_POINT('',(-43.,15.,20.));
#4027=CARTESIAN_POINT('',(-36.,15.,20.));
#4028=CARTESIAN_POINT('',(-43.,5.00000000000001,20.));
#4029=CARTESIAN_POINT('',(-43.,10.,20.));
#4030=CARTESIAN_POINT('',(-36.,5.00000000000001,20.));
#4031=CARTESIAN_POINT('Origin',(-26.5,5.,4.5));
#4032=CARTESIAN_POINT('',(-43.,5.,-1.17145536458252E-15));
#4033=CARTESIAN_POINT('',(-10.,5.,-1.17145536458252E-15));
#4034=CARTESIAN_POINT('',(-26.5,5.,-1.17145536458252E-15));
#4035=CARTESIAN_POINT('',(-10.,5.,9.));
#4036=CARTESIAN_POINT('',(-10.,5.,4.5));
#4037=CARTESIAN_POINT('',(-26.5,5.,9.));
#4038=CARTESIAN_POINT('',(-43.,5.,4.5));
#4039=CARTESIAN_POINT('Origin',(-26.5,10.,-2.55722391901584E-15));
#4040=CARTESIAN_POINT('',(-24.0000000000001,15.,-3.66038167364591E-15));
#4041=CARTESIAN_POINT('',(-43.,15.,-3.94299247344915E-15));
#4042=CARTESIAN_POINT('',(-26.5,15.,-3.94299247344915E-15));
#4043=CARTESIAN_POINT('',(-24.0000000000001,75.,-1.7265668768951E-14));
#4044=CARTESIAN_POINT('',(-24.0000000000001,42.5,-9.89613825899409E-15));
#4045=CARTESIAN_POINT('',(-10.,75.,-1.7265668768951E-14));
#4046=CARTESIAN_POINT('',(-17.0000000000001,75.,-1.7265668768951E-14));
#4047=CARTESIAN_POINT('',(-10.,42.5,-9.89613825899409E-15));
#4048=CARTESIAN_POINT('',(-43.,10.,-2.55722391901584E-15));
#4049=CARTESIAN_POINT('',(-14.9915,70.0085,-1.59872115546023E-14));
#4050=CARTESIAN_POINT('',(-19.0085,70.0085,-1.59872115546023E-14));
#4051=CARTESIAN_POINT('',(-17.,70.0085,-1.59872115546023E-14));
#4052=CARTESIAN_POINT('',(-19.0085,15.9915,-3.5527136788005E-15));
#4053=CARTESIAN_POINT('',(-19.0085,42.75,-9.76996261670138E-15));
#4054=CARTESIAN_POINT('',(-14.9915,15.9915,-3.5527136788005E-15));
#4055=CARTESIAN_POINT('',(-17.,15.9915,-3.5527136788005E-15));
#4056=CARTESIAN_POINT('',(-14.9915,42.75,-9.76996261670138E-15));
#4057=CARTESIAN_POINT('Origin',(-17.,15.9915,4.5));
#4058=CARTESIAN_POINT('',(-19.0085,15.9915,5.));
#4059=CARTESIAN_POINT('',(-19.0085,15.9915,4.5));
#4060=CARTESIAN_POINT('',(-14.9915,15.9915,5.));
#4061=CARTESIAN_POINT('',(-17.,15.9915,5.));
#4062=CARTESIAN_POINT('',(-14.9915,15.9915,4.5));
#4063=CARTESIAN_POINT('Origin',(-14.9915,43.,4.49999999999999));
#4064=CARTESIAN_POINT('',(-14.9915,70.0085,4.99999999999998));
#4065=CARTESIAN_POINT('',(-14.9915,42.75,4.99999999999999));
#4066=CARTESIAN_POINT('',(-14.9915,70.0085,4.49999999999998));
#4067=CARTESIAN_POINT('Origin',(-17.,70.0085,4.49999999999998));
#4068=CARTESIAN_POINT('',(-19.0085,70.0085,4.99999999999998));
#4069=CARTESIAN_POINT('',(-17.,70.0085,4.99999999999998));
#4070=CARTESIAN_POINT('',(-19.0085,70.0085,4.49999999999998));
#4071=CARTESIAN_POINT('Origin',(-19.0085,43.,4.49999999999999));
#4072=CARTESIAN_POINT('',(-19.0085,42.75,4.99999999999999));
#4073=CARTESIAN_POINT('Origin',(-17.0000000000001,75.,2.49999999999998));
#4074=CARTESIAN_POINT('',(-24.0000000000001,75.,4.99999999999998));
#4075=CARTESIAN_POINT('',(-24.0000000000001,75.,2.49999999999998));
#4076=CARTESIAN_POINT('',(-10.,75.,4.99999999999998));
#4077=CARTESIAN_POINT('',(-17.0000000000001,75.,4.99999999999998));
#4078=CARTESIAN_POINT('',(-10.,75.,2.49999999999998));
#4079=CARTESIAN_POINT('Origin',(-17.0000000000001,42.5,4.99999999999999));
#4080=CARTESIAN_POINT('',(-10.,15.,5.));
#4081=CARTESIAN_POINT('',(-24.0000000000001,15.,5.));
#4082=CARTESIAN_POINT('',(-21.75,15.,5.));
#4083=CARTESIAN_POINT('',(-10.,42.5,4.99999999999999));
#4084=CARTESIAN_POINT('',(-24.0000000000001,42.5,4.99999999999999));
#4085=CARTESIAN_POINT('Origin',(-24.0000000000001,42.5,2.49999999999999));
#4086=CARTESIAN_POINT('',(-24.0000000000001,15.,3.5));
#4087=CARTESIAN_POINT('Origin',(-10.,10.,4.5));
#4088=CARTESIAN_POINT('',(-10.,15.,9.));
#4089=CARTESIAN_POINT('',(-10.,15.,4.5));
#4090=CARTESIAN_POINT('',(-10.,10.,9.));
#4091=CARTESIAN_POINT('Origin',(-26.5,15.,4.5));
#4092=CARTESIAN_POINT('',(-26.5,15.,9.));
#4093=CARTESIAN_POINT('',(-43.,15.,4.5));
#4094=CARTESIAN_POINT('Origin',(-43.,10.,4.5));
#4095=CARTESIAN_POINT('Origin',(-26.5,10.,9.));
#4096=UNCERTAINTY_MEASURE_WITH_UNIT(LENGTH_MEASURE(0.01),#4100,
'DISTANCE_ACCURACY_VALUE',
'Maximum model space distance between geometric entities at asserted c
onnectivities');
#4097=UNCERTAINTY_MEASURE_WITH_UNIT(LENGTH_MEASURE(0.01),#4100,
'DISTANCE_ACCURACY_VALUE',
'Maximum model space distance between geometric entities at asserted c
onnectivities');
#4098=(
GEOMETRIC_REPRESENTATION_CONTEXT(3)
GLOBAL_UNCERTAINTY_ASSIGNED_CONTEXT((#4096))
GLOBAL_UNIT_ASSIGNED_CONTEXT((#4100,#4102,#4103))
REPRESENTATION_CONTEXT('','3D')
);
#4099=(
GEOMETRIC_REPRESENTATION_CONTEXT(3)
GLOBAL_UNCERTAINTY_ASSIGNED_CONTEXT((#4097))
GLOBAL_UNIT_ASSIGNED_CONTEXT((#4100,#4102,#4103))
REPRESENTATION_CONTEXT('','3D')
);
#4100=(
LENGTH_UNIT()
NAMED_UNIT(*)
SI_UNIT(.MILLI.,.METRE.)
);
#4101=(
LENGTH_UNIT()
NAMED_UNIT(*)
SI_UNIT($,.METRE.)
);
#4102=(
NAMED_UNIT(*)
PLANE_ANGLE_UNIT()
SI_UNIT($,.RADIAN.)
);
#4103=(
NAMED_UNIT(*)
SI_UNIT($,.STERADIAN.)
SOLID_ANGLE_UNIT()
);
#4104=SHAPE_DEFINITION_REPRESENTATION(#4105,#4106);
#4105=PRODUCT_DEFINITION_SHAPE('',$,#4108);
#4106=SHAPE_REPRESENTATION('',(#1180),#4098);
#4107=PRODUCT_DEFINITION_CONTEXT('part definition',#4112,'design');
#4108=PRODUCT_DEFINITION('Lickspout 3mm left','Lickspout 3mm left v3',#4109,
#4107);
#4109=PRODUCT_DEFINITION_FORMATION('',$,#4114);
#4110=PRODUCT_RELATED_PRODUCT_CATEGORY('Lickspout 3mm left v3',
'Lickspout 3mm left v3',(#4114));
#4111=APPLICATION_PROTOCOL_DEFINITION('international standard',
'automotive_design',2009,#4112);
#4112=APPLICATION_CONTEXT(
'Core Data for Automotive Mechanical Design Process');
#4113=PRODUCT_CONTEXT('part definition',#4112,'mechanical');
#4114=PRODUCT('Lickspout 3mm left','Lickspout 3mm left v3',$,(#4113));
#4115=PRESENTATION_STYLE_ASSIGNMENT((#4116));
#4116=SURFACE_STYLE_USAGE(.BOTH.,#4117);
#4117=SURFACE_SIDE_STYLE('',(#4118));
#4118=SURFACE_STYLE_FILL_AREA(#4119);
#4119=FILL_AREA_STYLE('Steel - Satin',(#4120));
#4120=FILL_AREA_STYLE_COLOUR('Steel - Satin',#4121);
#4121=COLOUR_RGB('Steel - Satin',0.627450980392157,0.627450980392157,0.627450980392157);
ENDSEC;
END-ISO-10303-21;
